{
  "fecha": "2025-04-11",
  "par": "USDT/BRL",
  "operaciones": 0,
  "saldoFinal": 300,
  "entradas": [],
  "patronesExtra": [
    {
      "index": 1,
      "time": "4/16/2025, 8:01:00 AM",
      "doji": true,
      "martillo": true,
      "estrellaFugaz": false
    },
    {
      "index": 2,
      "time": "4/16/2025, 8:02:00 AM",
      "doji": true,
      "martillo": true,
      "estrellaFugaz": false
    },
    {
      "index": 3,
      "time": "4/16/2025, 8:03:00 AM",
      "doji": true,
      "martillo": false,
      "estrellaFugaz": true
    },
    {
      "index": 4,
      "time": "4/16/2025, 8:04:00 AM",
      "doji": true,
      "martillo": true,
      "estrellaFugaz": false
    },
    {
      "index": 8,
      "time": "4/16/2025, 8:08:00 AM",
      "doji": true,
      "martillo": true,
      "estrellaFugaz": false
    },
    {
      "index": 12,
      "time": "4/16/2025, 8:12:00 AM",
      "doji": true,
      "martillo": true,
      "estrellaFugaz": false
    },
    {
      "index": 14,
      "time": "4/16/2025, 8:14:00 AM",
      "doji": true,
      "martillo": true,
      "estrellaFugaz": false
    },
    {
      "index": 16,
      "time": "4/16/2025, 8:16:00 AM",
      "doji": true,
      "martillo": true,
      "estrellaFugaz": false
    },
    {
      "index": 19,
      "time": "4/16/2025, 8:19:00 AM",
      "doji": true,
      "martillo": true,
      "estrellaFugaz": false
    },
    {
      "index": 20,
      "time": "4/16/2025, 8:20:00 AM",
      "doji": true,
      "martillo": true,
      "estrellaFugaz": false
    },
    {
      "index": 21,
      "time": "4/16/2025, 8:21:00 AM",
      "doji": true,
      "martillo": true,
      "estrellaFugaz": false
    },
    {
      "index": 22,
      "time": "4/16/2025, 8:22:00 AM",
      "doji": true,
      "martillo": true,
      "estrellaFugaz": false
    },
    {
      "index": 30,
      "time": "4/16/2025, 8:30:00 AM",
      "doji": true,
      "martillo": true,
      "estrellaFugaz": false
    },
    {
      "index": 34,
      "time": "4/16/2025, 8:34:00 AM",
      "doji": true,
      "martillo": true,
      "estrellaFugaz": false
    },
    {
      "index": 36,
      "time": "4/16/2025, 8:36:00 AM",
      "doji": true,
      "martillo": true,
      "estrellaFugaz": false
    },
    {
      "index": 42,
      "time": "4/16/2025, 8:42:00 AM",
      "doji": true,
      "martillo": true,
      "estrellaFugaz": true
    },
    {
      "index": 43,
      "time": "4/16/2025, 8:43:00 AM",
      "doji": true,
      "martillo": true,
      "estrellaFugaz": true
    },
    {
      "index": 45,
      "time": "4/16/2025, 8:45:00 AM",
      "doji": true,
      "martillo": true,
      "estrellaFugaz": false
    },
    {
      "index": 46,
      "time": "4/16/2025, 8:46:00 AM",
      "doji": true,
      "martillo": true,
      "estrellaFugaz": true
    },
    {
      "index": 51,
      "time": "4/16/2025, 8:51:00 AM",
      "doji": true,
      "martillo": true,
      "estrellaFugaz": false
    },
    {
      "index": 52,
      "time": "4/16/2025, 8:52:00 AM",
      "doji": true,
      "martillo": true,
      "estrellaFugaz": false
    },
    {
      "index": 56,
      "time": "4/16/2025, 8:56:00 AM",
      "doji": true,
      "martillo": true,
      "estrellaFugaz": false
    },
    {
      "index": 59,
      "time": "4/16/2025, 8:59:00 AM",
      "doji": true,
      "martillo": true,
      "estrellaFugaz": false
    },
    {
      "index": 61,
      "time": "4/16/2025, 9:01:00 AM",
      "doji": true,
      "martillo": true,
      "estrellaFugaz": false
    },
    {
      "index": 71,
      "time": "4/16/2025, 9:11:00 AM",
      "doji": true,
      "martillo": true,
      "estrellaFugaz": false
    },
    {
      "index": 75,
      "time": "4/16/2025, 9:15:00 AM",
      "doji": true,
      "martillo": false,
      "estrellaFugaz": true
    },
    {
      "index": 76,
      "time": "4/16/2025, 9:16:00 AM",
      "doji": true,
      "martillo": true,
      "estrellaFugaz": false
    },
    {
      "index": 78,
      "time": "4/16/2025, 9:18:00 AM",
      "doji": true,
      "martillo": true,
      "estrellaFugaz": false
    },
    {
      "index": 83,
      "time": "4/16/2025, 9:23:00 AM",
      "doji": true,
      "martillo": true,
      "estrellaFugaz": false
    },
    {
      "index": 87,
      "time": "4/16/2025, 9:27:00 AM",
      "doji": true,
      "martillo": false,
      "estrellaFugaz": true
    },
    {
      "index": 91,
      "time": "4/16/2025, 9:31:00 AM",
      "doji": true,
      "martillo": false,
      "estrellaFugaz": true
    },
    {
      "index": 102,
      "time": "4/16/2025, 9:42:00 AM",
      "doji": false,
      "martillo": false,
      "estrellaFugaz": true
    },
    {
      "index": 105,
      "time": "4/16/2025, 9:45:00 AM",
      "doji": true,
      "martillo": false,
      "estrellaFugaz": true
    },
    {
      "index": 111,
      "time": "4/16/2025, 9:51:00 AM",
      "doji": true,
      "martillo": true,
      "estrellaFugaz": false
    },
    {
      "index": 115,
      "time": "4/16/2025, 9:55:00 AM",
      "doji": true,
      "martillo": true,
      "estrellaFugaz": false
    },
    {
      "index": 118,
      "time": "4/16/2025, 9:58:00 AM",
      "doji": true,
      "martillo": true,
      "estrellaFugaz": true
    },
    {
      "index": 122,
      "time": "4/16/2025, 10:02:00 AM",
      "doji": false,
      "martillo": true,
      "estrellaFugaz": false
    },
    {
      "index": 124,
      "time": "4/16/2025, 10:04:00 AM",
      "doji": true,
      "martillo": true,
      "estrellaFugaz": false
    },
    {
      "index": 125,
      "time": "4/16/2025, 10:05:00 AM",
      "doji": true,
      "martillo": true,
      "estrellaFugaz": false
    },
    {
      "index": 135,
      "time": "4/16/2025, 10:15:00 AM",
      "doji": true,
      "martillo": false,
      "estrellaFugaz": true
    },
    {
      "index": 138,
      "time": "4/16/2025, 10:18:00 AM",
      "doji": true,
      "martillo": true,
      "estrellaFugaz": false
    },
    {
      "index": 141,
      "time": "4/16/2025, 10:21:00 AM",
      "doji": true,
      "martillo": true,
      "estrellaFugaz": false
    },
    {
      "index": 151,
      "time": "4/16/2025, 10:31:00 AM",
      "doji": true,
      "martillo": true,
      "estrellaFugaz": false
    },
    {
      "index": 152,
      "time": "4/16/2025, 10:32:00 AM",
      "doji": true,
      "martillo": true,
      "estrellaFugaz": true
    },
    {
      "index": 153,
      "time": "4/16/2025, 10:33:00 AM",
      "doji": true,
      "martillo": true,
      "estrellaFugaz": true
    },
    {
      "index": 155,
      "time": "4/16/2025, 10:35:00 AM",
      "doji": true,
      "martillo": true,
      "estrellaFugaz": false
    },
    {
      "index": 164,
      "time": "4/16/2025, 10:44:00 AM",
      "doji": true,
      "martillo": false,
      "estrellaFugaz": true
    },
    {
      "index": 167,
      "time": "4/16/2025, 10:47:00 AM",
      "doji": true,
      "martillo": true,
      "estrellaFugaz": false
    },
    {
      "index": 170,
      "time": "4/16/2025, 10:50:00 AM",
      "doji": true,
      "martillo": true,
      "estrellaFugaz": false
    },
    {
      "index": 172,
      "time": "4/16/2025, 10:52:00 AM",
      "doji": true,
      "martillo": true,
      "estrellaFugaz": true
    },
    {
      "index": 181,
      "time": "4/16/2025, 11:01:00 AM",
      "doji": true,
      "martillo": false,
      "estrellaFugaz": true
    },
    {
      "index": 185,
      "time": "4/16/2025, 11:05:00 AM",
      "doji": true,
      "martillo": true,
      "estrellaFugaz": true
    },
    {
      "index": 194,
      "time": "4/16/2025, 11:14:00 AM",
      "doji": true,
      "martillo": true,
      "estrellaFugaz": false
    },
    {
      "index": 204,
      "time": "4/16/2025, 11:24:00 AM",
      "doji": true,
      "martillo": false,
      "estrellaFugaz": true
    },
    {
      "index": 208,
      "time": "4/16/2025, 11:28:00 AM",
      "doji": true,
      "martillo": true,
      "estrellaFugaz": false
    },
    {
      "index": 209,
      "time": "4/16/2025, 11:29:00 AM",
      "doji": true,
      "martillo": true,
      "estrellaFugaz": true
    },
    {
      "index": 211,
      "time": "4/16/2025, 11:31:00 AM",
      "doji": true,
      "martillo": false,
      "estrellaFugaz": true
    },
    {
      "index": 214,
      "time": "4/16/2025, 11:34:00 AM",
      "doji": true,
      "martillo": false,
      "estrellaFugaz": true
    },
    {
      "index": 215,
      "time": "4/16/2025, 11:35:00 AM",
      "doji": true,
      "martillo": true,
      "estrellaFugaz": false
    },
    {
      "index": 217,
      "time": "4/16/2025, 11:37:00 AM",
      "doji": true,
      "martillo": true,
      "estrellaFugaz": false
    },
    {
      "index": 218,
      "time": "4/16/2025, 11:38:00 AM",
      "doji": true,
      "martillo": false,
      "estrellaFugaz": true
    },
    {
      "index": 219,
      "time": "4/16/2025, 11:39:00 AM",
      "doji": true,
      "martillo": true,
      "estrellaFugaz": false
    },
    {
      "index": 221,
      "time": "4/16/2025, 11:41:00 AM",
      "doji": true,
      "martillo": false,
      "estrellaFugaz": true
    },
    {
      "index": 223,
      "time": "4/16/2025, 11:43:00 AM",
      "doji": true,
      "martillo": false,
      "estrellaFugaz": true
    },
    {
      "index": 224,
      "time": "4/16/2025, 11:44:00 AM",
      "doji": true,
      "martillo": false,
      "estrellaFugaz": true
    },
    {
      "index": 225,
      "time": "4/16/2025, 11:45:00 AM",
      "doji": true,
      "martillo": false,
      "estrellaFugaz": true
    },
    {
      "index": 226,
      "time": "4/16/2025, 11:46:00 AM",
      "doji": true,
      "martillo": false,
      "estrellaFugaz": true
    },
    {
      "index": 227,
      "time": "4/16/2025, 11:47:00 AM",
      "doji": true,
      "martillo": false,
      "estrellaFugaz": true
    },
    {
      "index": 228,
      "time": "4/16/2025, 11:48:00 AM",
      "doji": true,
      "martillo": false,
      "estrellaFugaz": true
    },
    {
      "index": 230,
      "time": "4/16/2025, 11:50:00 AM",
      "doji": true,
      "martillo": false,
      "estrellaFugaz": true
    },
    {
      "index": 233,
      "time": "4/16/2025, 11:53:00 AM",
      "doji": true,
      "martillo": true,
      "estrellaFugaz": false
    },
    {
      "index": 234,
      "time": "4/16/2025, 11:54:00 AM",
      "doji": true,
      "martillo": true,
      "estrellaFugaz": false
    },
    {
      "index": 236,
      "time": "4/16/2025, 11:56:00 AM",
      "doji": true,
      "martillo": false,
      "estrellaFugaz": true
    },
    {
      "index": 241,
      "time": "4/16/2025, 12:01:00 PM",
      "doji": true,
      "martillo": true,
      "estrellaFugaz": false
    },
    {
      "index": 244,
      "time": "4/16/2025, 12:04:00 PM",
      "doji": true,
      "martillo": false,
      "estrellaFugaz": true
    },
    {
      "index": 245,
      "time": "4/16/2025, 12:05:00 PM",
      "doji": true,
      "martillo": false,
      "estrellaFugaz": true
    },
    {
      "index": 247,
      "time": "4/16/2025, 12:07:00 PM",
      "doji": true,
      "martillo": false,
      "estrellaFugaz": true
    },
    {
      "index": 248,
      "time": "4/16/2025, 12:08:00 PM",
      "doji": true,
      "martillo": true,
      "estrellaFugaz": true
    },
    {
      "index": 250,
      "time": "4/16/2025, 12:10:00 PM",
      "doji": true,
      "martillo": true,
      "estrellaFugaz": false
    },
    {
      "index": 251,
      "time": "4/16/2025, 12:11:00 PM",
      "doji": true,
      "martillo": false,
      "estrellaFugaz": true
    },
    {
      "index": 253,
      "time": "4/16/2025, 12:13:00 PM",
      "doji": true,
      "martillo": false,
      "estrellaFugaz": true
    },
    {
      "index": 254,
      "time": "4/16/2025, 12:14:00 PM",
      "doji": true,
      "martillo": false,
      "estrellaFugaz": true
    },
    {
      "index": 260,
      "time": "4/16/2025, 12:20:00 PM",
      "doji": true,
      "martillo": true,
      "estrellaFugaz": true
    },
    {
      "index": 262,
      "time": "4/16/2025, 12:22:00 PM",
      "doji": true,
      "martillo": false,
      "estrellaFugaz": true
    },
    {
      "index": 264,
      "time": "4/16/2025, 12:24:00 PM",
      "doji": true,
      "martillo": true,
      "estrellaFugaz": false
    },
    {
      "index": 268,
      "time": "4/16/2025, 12:28:00 PM",
      "doji": true,
      "martillo": false,
      "estrellaFugaz": true
    },
    {
      "index": 272,
      "time": "4/16/2025, 12:32:00 PM",
      "doji": true,
      "martillo": false,
      "estrellaFugaz": true
    },
    {
      "index": 273,
      "time": "4/16/2025, 12:33:00 PM",
      "doji": true,
      "martillo": true,
      "estrellaFugaz": false
    },
    {
      "index": 278,
      "time": "4/16/2025, 12:38:00 PM",
      "doji": true,
      "martillo": true,
      "estrellaFugaz": false
    },
    {
      "index": 279,
      "time": "4/16/2025, 12:39:00 PM",
      "doji": true,
      "martillo": true,
      "estrellaFugaz": false
    },
    {
      "index": 287,
      "time": "4/16/2025, 12:47:00 PM",
      "doji": true,
      "martillo": true,
      "estrellaFugaz": true
    },
    {
      "index": 290,
      "time": "4/16/2025, 12:50:00 PM",
      "doji": true,
      "martillo": true,
      "estrellaFugaz": true
    },
    {
      "index": 292,
      "time": "4/16/2025, 12:52:00 PM",
      "doji": true,
      "martillo": true,
      "estrellaFugaz": false
    },
    {
      "index": 294,
      "time": "4/16/2025, 12:54:00 PM",
      "doji": true,
      "martillo": false,
      "estrellaFugaz": true
    },
    {
      "index": 303,
      "time": "4/16/2025, 1:03:00 PM",
      "doji": true,
      "martillo": false,
      "estrellaFugaz": true
    },
    {
      "index": 304,
      "time": "4/16/2025, 1:04:00 PM",
      "doji": true,
      "martillo": true,
      "estrellaFugaz": false
    },
    {
      "index": 306,
      "time": "4/16/2025, 1:06:00 PM",
      "doji": true,
      "martillo": false,
      "estrellaFugaz": true
    },
    {
      "index": 307,
      "time": "4/16/2025, 1:07:00 PM",
      "doji": true,
      "martillo": true,
      "estrellaFugaz": true
    },
    {
      "index": 308,
      "time": "4/16/2025, 1:08:00 PM",
      "doji": true,
      "martillo": true,
      "estrellaFugaz": true
    },
    {
      "index": 309,
      "time": "4/16/2025, 1:09:00 PM",
      "doji": true,
      "martillo": false,
      "estrellaFugaz": true
    },
    {
      "index": 312,
      "time": "4/16/2025, 1:12:00 PM",
      "doji": true,
      "martillo": false,
      "estrellaFugaz": true
    },
    {
      "index": 314,
      "time": "4/16/2025, 1:14:00 PM",
      "doji": true,
      "martillo": false,
      "estrellaFugaz": true
    },
    {
      "index": 316,
      "time": "4/16/2025, 1:16:00 PM",
      "doji": true,
      "martillo": false,
      "estrellaFugaz": true
    },
    {
      "index": 318,
      "time": "4/16/2025, 1:18:00 PM",
      "doji": true,
      "martillo": false,
      "estrellaFugaz": true
    },
    {
      "index": 319,
      "time": "4/16/2025, 1:19:00 PM",
      "doji": true,
      "martillo": true,
      "estrellaFugaz": true
    },
    {
      "index": 320,
      "time": "4/16/2025, 1:20:00 PM",
      "doji": true,
      "martillo": true,
      "estrellaFugaz": false
    },
    {
      "index": 321,
      "time": "4/16/2025, 1:21:00 PM",
      "doji": true,
      "martillo": true,
      "estrellaFugaz": false
    },
    {
      "index": 323,
      "time": "4/16/2025, 1:23:00 PM",
      "doji": true,
      "martillo": true,
      "estrellaFugaz": false
    },
    {
      "index": 326,
      "time": "4/16/2025, 1:26:00 PM",
      "doji": true,
      "martillo": true,
      "estrellaFugaz": false
    },
    {
      "index": 328,
      "time": "4/16/2025, 1:28:00 PM",
      "doji": true,
      "martillo": false,
      "estrellaFugaz": true
    },
    {
      "index": 332,
      "time": "4/16/2025, 1:32:00 PM",
      "doji": true,
      "martillo": true,
      "estrellaFugaz": true
    },
    {
      "index": 333,
      "time": "4/16/2025, 1:33:00 PM",
      "doji": true,
      "martillo": true,
      "estrellaFugaz": true
    },
    {
      "index": 335,
      "time": "4/16/2025, 1:35:00 PM",
      "doji": true,
      "martillo": true,
      "estrellaFugaz": false
    },
    {
      "index": 338,
      "time": "4/16/2025, 1:38:00 PM",
      "doji": true,
      "martillo": true,
      "estrellaFugaz": false
    },
    {
      "index": 339,
      "time": "4/16/2025, 1:39:00 PM",
      "doji": true,
      "martillo": true,
      "estrellaFugaz": false
    },
    {
      "index": 342,
      "time": "4/16/2025, 1:42:00 PM",
      "doji": true,
      "martillo": true,
      "estrellaFugaz": false
    },
    {
      "index": 343,
      "time": "4/16/2025, 1:43:00 PM",
      "doji": true,
      "martillo": true,
      "estrellaFugaz": true
    },
    {
      "index": 344,
      "time": "4/16/2025, 1:44:00 PM",
      "doji": true,
      "martillo": true,
      "estrellaFugaz": false
    },
    {
      "index": 345,
      "time": "4/16/2025, 1:45:00 PM",
      "doji": true,
      "martillo": false,
      "estrellaFugaz": true
    },
    {
      "index": 347,
      "time": "4/16/2025, 1:47:00 PM",
      "doji": true,
      "martillo": false,
      "estrellaFugaz": true
    },
    {
      "index": 348,
      "time": "4/16/2025, 1:48:00 PM",
      "doji": true,
      "martillo": true,
      "estrellaFugaz": true
    },
    {
      "index": 349,
      "time": "4/16/2025, 1:49:00 PM",
      "doji": true,
      "martillo": false,
      "estrellaFugaz": true
    },
    {
      "index": 350,
      "time": "4/16/2025, 1:50:00 PM",
      "doji": true,
      "martillo": true,
      "estrellaFugaz": false
    },
    {
      "index": 351,
      "time": "4/16/2025, 1:51:00 PM",
      "doji": true,
      "martillo": true,
      "estrellaFugaz": true
    },
    {
      "index": 352,
      "time": "4/16/2025, 1:52:00 PM",
      "doji": true,
      "martillo": false,
      "estrellaFugaz": true
    },
    {
      "index": 353,
      "time": "4/16/2025, 1:53:00 PM",
      "doji": true,
      "martillo": true,
      "estrellaFugaz": true
    },
    {
      "index": 360,
      "time": "4/16/2025, 2:00:00 PM",
      "doji": true,
      "martillo": false,
      "estrellaFugaz": true
    },
    {
      "index": 361,
      "time": "4/16/2025, 2:01:00 PM",
      "doji": true,
      "martillo": true,
      "estrellaFugaz": false
    },
    {
      "index": 370,
      "time": "4/16/2025, 2:10:00 PM",
      "doji": true,
      "martillo": true,
      "estrellaFugaz": false
    },
    {
      "index": 376,
      "time": "4/16/2025, 2:16:00 PM",
      "doji": true,
      "martillo": false,
      "estrellaFugaz": true
    },
    {
      "index": 377,
      "time": "4/16/2025, 2:17:00 PM",
      "doji": true,
      "martillo": false,
      "estrellaFugaz": true
    },
    {
      "index": 379,
      "time": "4/16/2025, 2:19:00 PM",
      "doji": true,
      "martillo": true,
      "estrellaFugaz": false
    },
    {
      "index": 381,
      "time": "4/16/2025, 2:21:00 PM",
      "doji": true,
      "martillo": false,
      "estrellaFugaz": true
    },
    {
      "index": 383,
      "time": "4/16/2025, 2:23:00 PM",
      "doji": true,
      "martillo": true,
      "estrellaFugaz": false
    },
    {
      "index": 384,
      "time": "4/16/2025, 2:24:00 PM",
      "doji": true,
      "martillo": false,
      "estrellaFugaz": true
    },
    {
      "index": 388,
      "time": "4/16/2025, 2:28:00 PM",
      "doji": true,
      "martillo": true,
      "estrellaFugaz": false
    },
    {
      "index": 396,
      "time": "4/16/2025, 2:36:00 PM",
      "doji": true,
      "martillo": false,
      "estrellaFugaz": true
    },
    {
      "index": 398,
      "time": "4/16/2025, 2:38:00 PM",
      "doji": true,
      "martillo": false,
      "estrellaFugaz": true
    },
    {
      "index": 402,
      "time": "4/16/2025, 2:42:00 PM",
      "doji": true,
      "martillo": false,
      "estrellaFugaz": true
    },
    {
      "index": 403,
      "time": "4/16/2025, 2:43:00 PM",
      "doji": true,
      "martillo": true,
      "estrellaFugaz": true
    },
    {
      "index": 405,
      "time": "4/16/2025, 2:45:00 PM",
      "doji": true,
      "martillo": true,
      "estrellaFugaz": false
    },
    {
      "index": 406,
      "time": "4/16/2025, 2:46:00 PM",
      "doji": true,
      "martillo": false,
      "estrellaFugaz": true
    },
    {
      "index": 413,
      "time": "4/16/2025, 2:53:00 PM",
      "doji": true,
      "martillo": true,
      "estrellaFugaz": true
    },
    {
      "index": 416,
      "time": "4/16/2025, 2:56:00 PM",
      "doji": true,
      "martillo": false,
      "estrellaFugaz": true
    },
    {
      "index": 424,
      "time": "4/16/2025, 3:04:00 PM",
      "doji": true,
      "martillo": false,
      "estrellaFugaz": true
    },
    {
      "index": 427,
      "time": "4/16/2025, 3:07:00 PM",
      "doji": true,
      "martillo": true,
      "estrellaFugaz": false
    },
    {
      "index": 433,
      "time": "4/16/2025, 3:13:00 PM",
      "doji": true,
      "martillo": true,
      "estrellaFugaz": false
    },
    {
      "index": 434,
      "time": "4/16/2025, 3:14:00 PM",
      "doji": true,
      "martillo": true,
      "estrellaFugaz": false
    },
    {
      "index": 436,
      "time": "4/16/2025, 3:16:00 PM",
      "doji": true,
      "martillo": true,
      "estrellaFugaz": false
    },
    {
      "index": 440,
      "time": "4/16/2025, 3:20:00 PM",
      "doji": true,
      "martillo": false,
      "estrellaFugaz": true
    },
    {
      "index": 443,
      "time": "4/16/2025, 3:23:00 PM",
      "doji": true,
      "martillo": false,
      "estrellaFugaz": true
    },
    {
      "index": 446,
      "time": "4/16/2025, 3:26:00 PM",
      "doji": true,
      "martillo": false,
      "estrellaFugaz": true
    },
    {
      "index": 448,
      "time": "4/16/2025, 3:28:00 PM",
      "doji": true,
      "martillo": true,
      "estrellaFugaz": false
    },
    {
      "index": 453,
      "time": "4/16/2025, 3:33:00 PM",
      "doji": true,
      "martillo": true,
      "estrellaFugaz": false
    },
    {
      "index": 454,
      "time": "4/16/2025, 3:34:00 PM",
      "doji": true,
      "martillo": false,
      "estrellaFugaz": true
    },
    {
      "index": 456,
      "time": "4/16/2025, 3:36:00 PM",
      "doji": true,
      "martillo": false,
      "estrellaFugaz": true
    },
    {
      "index": 457,
      "time": "4/16/2025, 3:37:00 PM",
      "doji": true,
      "martillo": false,
      "estrellaFugaz": true
    },
    {
      "index": 461,
      "time": "4/16/2025, 3:41:00 PM",
      "doji": true,
      "martillo": false,
      "estrellaFugaz": true
    },
    {
      "index": 462,
      "time": "4/16/2025, 3:42:00 PM",
      "doji": true,
      "martillo": true,
      "estrellaFugaz": true
    },
    {
      "index": 465,
      "time": "4/16/2025, 3:45:00 PM",
      "doji": true,
      "martillo": false,
      "estrellaFugaz": true
    },
    {
      "index": 467,
      "time": "4/16/2025, 3:47:00 PM",
      "doji": true,
      "martillo": true,
      "estrellaFugaz": true
    },
    {
      "index": 469,
      "time": "4/16/2025, 3:49:00 PM",
      "doji": true,
      "martillo": true,
      "estrellaFugaz": false
    },
    {
      "index": 472,
      "time": "4/16/2025, 3:52:00 PM",
      "doji": true,
      "martillo": true,
      "estrellaFugaz": true
    },
    {
      "index": 474,
      "time": "4/16/2025, 3:54:00 PM",
      "doji": true,
      "martillo": false,
      "estrellaFugaz": true
    },
    {
      "index": 478,
      "time": "4/16/2025, 3:58:00 PM",
      "doji": true,
      "martillo": false,
      "estrellaFugaz": true
    },
    {
      "index": 486,
      "time": "4/16/2025, 4:06:00 PM",
      "doji": true,
      "martillo": false,
      "estrellaFugaz": true
    },
    {
      "index": 489,
      "time": "4/16/2025, 4:09:00 PM",
      "doji": true,
      "martillo": false,
      "estrellaFugaz": true
    },
    {
      "index": 492,
      "time": "4/16/2025, 4:12:00 PM",
      "doji": true,
      "martillo": true,
      "estrellaFugaz": false
    },
    {
      "index": 494,
      "time": "4/16/2025, 4:14:00 PM",
      "doji": true,
      "martillo": true,
      "estrellaFugaz": false
    },
    {
      "index": 496,
      "time": "4/16/2025, 4:16:00 PM",
      "doji": false,
      "martillo": false,
      "estrellaFugaz": true
    },
    {
      "index": 497,
      "time": "4/16/2025, 4:17:00 PM",
      "doji": true,
      "martillo": true,
      "estrellaFugaz": true
    },
    {
      "index": 499,
      "time": "4/16/2025, 4:19:00 PM",
      "doji": true,
      "martillo": false,
      "estrellaFugaz": true
    },
    {
      "index": 500,
      "time": "4/16/2025, 4:20:00 PM",
      "doji": true,
      "martillo": true,
      "estrellaFugaz": false
    },
    {
      "index": 503,
      "time": "4/16/2025, 4:23:00 PM",
      "doji": true,
      "martillo": true,
      "estrellaFugaz": false
    },
    {
      "index": 504,
      "time": "4/16/2025, 4:24:00 PM",
      "doji": true,
      "martillo": true,
      "estrellaFugaz": false
    },
    {
      "index": 505,
      "time": "4/16/2025, 4:25:00 PM",
      "doji": true,
      "martillo": true,
      "estrellaFugaz": false
    },
    {
      "index": 513,
      "time": "4/16/2025, 4:33:00 PM",
      "doji": true,
      "martillo": true,
      "estrellaFugaz": false
    },
    {
      "index": 518,
      "time": "4/16/2025, 4:38:00 PM",
      "doji": true,
      "martillo": false,
      "estrellaFugaz": true
    },
    {
      "index": 519,
      "time": "4/16/2025, 4:39:00 PM",
      "doji": true,
      "martillo": false,
      "estrellaFugaz": true
    },
    {
      "index": 520,
      "time": "4/16/2025, 4:40:00 PM",
      "doji": true,
      "martillo": false,
      "estrellaFugaz": true
    },
    {
      "index": 522,
      "time": "4/16/2025, 4:42:00 PM",
      "doji": true,
      "martillo": true,
      "estrellaFugaz": true
    },
    {
      "index": 524,
      "time": "4/16/2025, 4:44:00 PM",
      "doji": true,
      "martillo": true,
      "estrellaFugaz": true
    },
    {
      "index": 526,
      "time": "4/16/2025, 4:46:00 PM",
      "doji": true,
      "martillo": false,
      "estrellaFugaz": true
    },
    {
      "index": 529,
      "time": "4/16/2025, 4:49:00 PM",
      "doji": true,
      "martillo": false,
      "estrellaFugaz": true
    },
    {
      "index": 530,
      "time": "4/16/2025, 4:50:00 PM",
      "doji": true,
      "martillo": false,
      "estrellaFugaz": true
    },
    {
      "index": 537,
      "time": "4/16/2025, 4:57:00 PM",
      "doji": true,
      "martillo": true,
      "estrellaFugaz": false
    },
    {
      "index": 540,
      "time": "4/16/2025, 5:00:00 PM",
      "doji": true,
      "martillo": false,
      "estrellaFugaz": true
    },
    {
      "index": 543,
      "time": "4/16/2025, 5:03:00 PM",
      "doji": true,
      "martillo": false,
      "estrellaFugaz": true
    },
    {
      "index": 545,
      "time": "4/16/2025, 5:05:00 PM",
      "doji": true,
      "martillo": true,
      "estrellaFugaz": false
    },
    {
      "index": 546,
      "time": "4/16/2025, 5:06:00 PM",
      "doji": true,
      "martillo": false,
      "estrellaFugaz": true
    },
    {
      "index": 547,
      "time": "4/16/2025, 5:07:00 PM",
      "doji": true,
      "martillo": true,
      "estrellaFugaz": false
    },
    {
      "index": 549,
      "time": "4/16/2025, 5:09:00 PM",
      "doji": true,
      "martillo": false,
      "estrellaFugaz": true
    },
    {
      "index": 551,
      "time": "4/16/2025, 5:11:00 PM",
      "doji": true,
      "martillo": false,
      "estrellaFugaz": true
    },
    {
      "index": 552,
      "time": "4/16/2025, 5:12:00 PM",
      "doji": true,
      "martillo": true,
      "estrellaFugaz": false
    },
    {
      "index": 553,
      "time": "4/16/2025, 5:13:00 PM",
      "doji": true,
      "martillo": true,
      "estrellaFugaz": false
    },
    {
      "index": 561,
      "time": "4/16/2025, 5:21:00 PM",
      "doji": true,
      "martillo": false,
      "estrellaFugaz": true
    },
    {
      "index": 565,
      "time": "4/16/2025, 5:25:00 PM",
      "doji": true,
      "martillo": true,
      "estrellaFugaz": false
    },
    {
      "index": 569,
      "time": "4/16/2025, 5:29:00 PM",
      "doji": true,
      "martillo": false,
      "estrellaFugaz": true
    },
    {
      "index": 571,
      "time": "4/16/2025, 5:31:00 PM",
      "doji": true,
      "martillo": false,
      "estrellaFugaz": true
    },
    {
      "index": 572,
      "time": "4/16/2025, 5:32:00 PM",
      "doji": true,
      "martillo": false,
      "estrellaFugaz": true
    },
    {
      "index": 573,
      "time": "4/16/2025, 5:33:00 PM",
      "doji": true,
      "martillo": true,
      "estrellaFugaz": true
    },
    {
      "index": 576,
      "time": "4/16/2025, 5:36:00 PM",
      "doji": true,
      "martillo": true,
      "estrellaFugaz": false
    },
    {
      "index": 579,
      "time": "4/16/2025, 5:39:00 PM",
      "doji": true,
      "martillo": false,
      "estrellaFugaz": true
    },
    {
      "index": 580,
      "time": "4/16/2025, 5:40:00 PM",
      "doji": true,
      "martillo": false,
      "estrellaFugaz": true
    },
    {
      "index": 581,
      "time": "4/16/2025, 5:41:00 PM",
      "doji": true,
      "martillo": false,
      "estrellaFugaz": true
    },
    {
      "index": 582,
      "time": "4/16/2025, 5:42:00 PM",
      "doji": true,
      "martillo": false,
      "estrellaFugaz": true
    },
    {
      "index": 585,
      "time": "4/16/2025, 5:45:00 PM",
      "doji": true,
      "martillo": false,
      "estrellaFugaz": true
    },
    {
      "index": 586,
      "time": "4/16/2025, 5:46:00 PM",
      "doji": true,
      "martillo": false,
      "estrellaFugaz": true
    },
    {
      "index": 587,
      "time": "4/16/2025, 5:47:00 PM",
      "doji": true,
      "martillo": false,
      "estrellaFugaz": true
    },
    {
      "index": 589,
      "time": "4/16/2025, 5:49:00 PM",
      "doji": true,
      "martillo": true,
      "estrellaFugaz": true
    },
    {
      "index": 591,
      "time": "4/16/2025, 5:51:00 PM",
      "doji": true,
      "martillo": false,
      "estrellaFugaz": true
    },
    {
      "index": 594,
      "time": "4/16/2025, 5:54:00 PM",
      "doji": true,
      "martillo": false,
      "estrellaFugaz": true
    },
    {
      "index": 595,
      "time": "4/16/2025, 5:55:00 PM",
      "doji": true,
      "martillo": true,
      "estrellaFugaz": false
    },
    {
      "index": 596,
      "time": "4/16/2025, 5:56:00 PM",
      "doji": true,
      "martillo": true,
      "estrellaFugaz": false
    },
    {
      "index": 597,
      "time": "4/16/2025, 5:57:00 PM",
      "doji": true,
      "martillo": false,
      "estrellaFugaz": true
    },
    {
      "index": 598,
      "time": "4/16/2025, 5:58:00 PM",
      "doji": true,
      "martillo": false,
      "estrellaFugaz": true
    },
    {
      "index": 599,
      "time": "4/16/2025, 5:59:00 PM",
      "doji": true,
      "martillo": true,
      "estrellaFugaz": true
    },
    {
      "index": 600,
      "time": "4/16/2025, 6:00:00 PM",
      "doji": true,
      "martillo": true,
      "estrellaFugaz": false
    },
    {
      "index": 602,
      "time": "4/16/2025, 6:02:00 PM",
      "doji": true,
      "martillo": false,
      "estrellaFugaz": true
    },
    {
      "index": 604,
      "time": "4/16/2025, 6:04:00 PM",
      "doji": true,
      "martillo": false,
      "estrellaFugaz": true
    },
    {
      "index": 605,
      "time": "4/16/2025, 6:05:00 PM",
      "doji": true,
      "martillo": false,
      "estrellaFugaz": true
    },
    {
      "index": 606,
      "time": "4/16/2025, 6:06:00 PM",
      "doji": true,
      "martillo": false,
      "estrellaFugaz": true
    },
    {
      "index": 607,
      "time": "4/16/2025, 6:07:00 PM",
      "doji": true,
      "martillo": true,
      "estrellaFugaz": false
    },
    {
      "index": 608,
      "time": "4/16/2025, 6:08:00 PM",
      "doji": true,
      "martillo": true,
      "estrellaFugaz": false
    },
    {
      "index": 610,
      "time": "4/16/2025, 6:10:00 PM",
      "doji": true,
      "martillo": false,
      "estrellaFugaz": true
    },
    {
      "index": 611,
      "time": "4/16/2025, 6:11:00 PM",
      "doji": true,
      "martillo": false,
      "estrellaFugaz": true
    },
    {
      "index": 613,
      "time": "4/16/2025, 6:13:00 PM",
      "doji": true,
      "martillo": true,
      "estrellaFugaz": false
    },
    {
      "index": 614,
      "time": "4/16/2025, 6:14:00 PM",
      "doji": true,
      "martillo": false,
      "estrellaFugaz": true
    },
    {
      "index": 615,
      "time": "4/16/2025, 6:15:00 PM",
      "doji": true,
      "martillo": false,
      "estrellaFugaz": true
    },
    {
      "index": 616,
      "time": "4/16/2025, 6:16:00 PM",
      "doji": true,
      "martillo": false,
      "estrellaFugaz": true
    },
    {
      "index": 618,
      "time": "4/16/2025, 6:18:00 PM",
      "doji": true,
      "martillo": false,
      "estrellaFugaz": true
    },
    {
      "index": 620,
      "time": "4/16/2025, 6:20:00 PM",
      "doji": true,
      "martillo": true,
      "estrellaFugaz": false
    },
    {
      "index": 623,
      "time": "4/16/2025, 6:23:00 PM",
      "doji": true,
      "martillo": false,
      "estrellaFugaz": true
    },
    {
      "index": 625,
      "time": "4/16/2025, 6:25:00 PM",
      "doji": true,
      "martillo": false,
      "estrellaFugaz": true
    },
    {
      "index": 628,
      "time": "4/16/2025, 6:28:00 PM",
      "doji": true,
      "martillo": false,
      "estrellaFugaz": true
    },
    {
      "index": 630,
      "time": "4/16/2025, 6:30:00 PM",
      "doji": true,
      "martillo": false,
      "estrellaFugaz": true
    },
    {
      "index": 631,
      "time": "4/16/2025, 6:31:00 PM",
      "doji": true,
      "martillo": false,
      "estrellaFugaz": true
    },
    {
      "index": 633,
      "time": "4/16/2025, 6:33:00 PM",
      "doji": true,
      "martillo": true,
      "estrellaFugaz": false
    },
    {
      "index": 634,
      "time": "4/16/2025, 6:34:00 PM",
      "doji": true,
      "martillo": true,
      "estrellaFugaz": false
    },
    {
      "index": 637,
      "time": "4/16/2025, 6:37:00 PM",
      "doji": true,
      "martillo": false,
      "estrellaFugaz": true
    },
    {
      "index": 638,
      "time": "4/16/2025, 6:38:00 PM",
      "doji": true,
      "martillo": true,
      "estrellaFugaz": false
    },
    {
      "index": 639,
      "time": "4/16/2025, 6:39:00 PM",
      "doji": true,
      "martillo": true,
      "estrellaFugaz": false
    },
    {
      "index": 641,
      "time": "4/16/2025, 6:41:00 PM",
      "doji": true,
      "martillo": true,
      "estrellaFugaz": false
    },
    {
      "index": 644,
      "time": "4/16/2025, 6:44:00 PM",
      "doji": false,
      "martillo": true,
      "estrellaFugaz": false
    },
    {
      "index": 646,
      "time": "4/16/2025, 6:46:00 PM",
      "doji": true,
      "martillo": false,
      "estrellaFugaz": true
    },
    {
      "index": 647,
      "time": "4/16/2025, 6:47:00 PM",
      "doji": true,
      "martillo": true,
      "estrellaFugaz": true
    },
    {
      "index": 650,
      "time": "4/16/2025, 6:50:00 PM",
      "doji": true,
      "martillo": true,
      "estrellaFugaz": false
    },
    {
      "index": 654,
      "time": "4/16/2025, 6:54:00 PM",
      "doji": true,
      "martillo": false,
      "estrellaFugaz": true
    },
    {
      "index": 655,
      "time": "4/16/2025, 6:55:00 PM",
      "doji": true,
      "martillo": true,
      "estrellaFugaz": false
    },
    {
      "index": 658,
      "time": "4/16/2025, 6:58:00 PM",
      "doji": true,
      "martillo": true,
      "estrellaFugaz": false
    },
    {
      "index": 663,
      "time": "4/16/2025, 7:03:00 PM",
      "doji": true,
      "martillo": false,
      "estrellaFugaz": true
    },
    {
      "index": 664,
      "time": "4/16/2025, 7:04:00 PM",
      "doji": true,
      "martillo": true,
      "estrellaFugaz": false
    },
    {
      "index": 665,
      "time": "4/16/2025, 7:05:00 PM",
      "doji": true,
      "martillo": true,
      "estrellaFugaz": false
    },
    {
      "index": 666,
      "time": "4/16/2025, 7:06:00 PM",
      "doji": true,
      "martillo": false,
      "estrellaFugaz": true
    },
    {
      "index": 667,
      "time": "4/16/2025, 7:07:00 PM",
      "doji": true,
      "martillo": false,
      "estrellaFugaz": true
    },
    {
      "index": 671,
      "time": "4/16/2025, 7:11:00 PM",
      "doji": true,
      "martillo": false,
      "estrellaFugaz": true
    },
    {
      "index": 672,
      "time": "4/16/2025, 7:12:00 PM",
      "doji": true,
      "martillo": true,
      "estrellaFugaz": false
    },
    {
      "index": 673,
      "time": "4/16/2025, 7:13:00 PM",
      "doji": true,
      "martillo": false,
      "estrellaFugaz": true
    },
    {
      "index": 676,
      "time": "4/16/2025, 7:16:00 PM",
      "doji": true,
      "martillo": false,
      "estrellaFugaz": true
    },
    {
      "index": 678,
      "time": "4/16/2025, 7:18:00 PM",
      "doji": true,
      "martillo": false,
      "estrellaFugaz": true
    },
    {
      "index": 679,
      "time": "4/16/2025, 7:19:00 PM",
      "doji": true,
      "martillo": true,
      "estrellaFugaz": false
    },
    {
      "index": 680,
      "time": "4/16/2025, 7:20:00 PM",
      "doji": true,
      "martillo": false,
      "estrellaFugaz": true
    },
    {
      "index": 681,
      "time": "4/16/2025, 7:21:00 PM",
      "doji": true,
      "martillo": true,
      "estrellaFugaz": true
    },
    {
      "index": 683,
      "time": "4/16/2025, 7:23:00 PM",
      "doji": true,
      "martillo": true,
      "estrellaFugaz": false
    },
    {
      "index": 684,
      "time": "4/16/2025, 7:24:00 PM",
      "doji": true,
      "martillo": true,
      "estrellaFugaz": false
    },
    {
      "index": 686,
      "time": "4/16/2025, 7:26:00 PM",
      "doji": true,
      "martillo": true,
      "estrellaFugaz": true
    },
    {
      "index": 687,
      "time": "4/16/2025, 7:27:00 PM",
      "doji": true,
      "martillo": true,
      "estrellaFugaz": false
    },
    {
      "index": 688,
      "time": "4/16/2025, 7:28:00 PM",
      "doji": true,
      "martillo": false,
      "estrellaFugaz": true
    },
    {
      "index": 689,
      "time": "4/16/2025, 7:29:00 PM",
      "doji": true,
      "martillo": true,
      "estrellaFugaz": false
    },
    {
      "index": 690,
      "time": "4/16/2025, 7:30:00 PM",
      "doji": true,
      "martillo": false,
      "estrellaFugaz": true
    },
    {
      "index": 691,
      "time": "4/16/2025, 7:31:00 PM",
      "doji": true,
      "martillo": true,
      "estrellaFugaz": false
    },
    {
      "index": 692,
      "time": "4/16/2025, 7:32:00 PM",
      "doji": true,
      "martillo": false,
      "estrellaFugaz": true
    },
    {
      "index": 693,
      "time": "4/16/2025, 7:33:00 PM",
      "doji": true,
      "martillo": true,
      "estrellaFugaz": false
    },
    {
      "index": 694,
      "time": "4/16/2025, 7:34:00 PM",
      "doji": true,
      "martillo": false,
      "estrellaFugaz": true
    },
    {
      "index": 695,
      "time": "4/16/2025, 7:35:00 PM",
      "doji": true,
      "martillo": false,
      "estrellaFugaz": true
    },
    {
      "index": 698,
      "time": "4/16/2025, 7:38:00 PM",
      "doji": true,
      "martillo": false,
      "estrellaFugaz": true
    },
    {
      "index": 699,
      "time": "4/16/2025, 7:39:00 PM",
      "doji": true,
      "martillo": true,
      "estrellaFugaz": false
    },
    {
      "index": 700,
      "time": "4/16/2025, 7:40:00 PM",
      "doji": true,
      "martillo": false,
      "estrellaFugaz": true
    },
    {
      "index": 701,
      "time": "4/16/2025, 7:41:00 PM",
      "doji": true,
      "martillo": true,
      "estrellaFugaz": false
    },
    {
      "index": 704,
      "time": "4/16/2025, 7:44:00 PM",
      "doji": true,
      "martillo": true,
      "estrellaFugaz": false
    },
    {
      "index": 706,
      "time": "4/16/2025, 7:46:00 PM",
      "doji": true,
      "martillo": true,
      "estrellaFugaz": false
    },
    {
      "index": 708,
      "time": "4/16/2025, 7:48:00 PM",
      "doji": true,
      "martillo": true,
      "estrellaFugaz": false
    },
    {
      "index": 711,
      "time": "4/16/2025, 7:51:00 PM",
      "doji": true,
      "martillo": true,
      "estrellaFugaz": false
    },
    {
      "index": 714,
      "time": "4/16/2025, 7:54:00 PM",
      "doji": true,
      "martillo": false,
      "estrellaFugaz": true
    },
    {
      "index": 716,
      "time": "4/16/2025, 7:56:00 PM",
      "doji": true,
      "martillo": false,
      "estrellaFugaz": true
    },
    {
      "index": 719,
      "time": "4/16/2025, 7:59:00 PM",
      "doji": true,
      "martillo": true,
      "estrellaFugaz": false
    },
    {
      "index": 720,
      "time": "4/16/2025, 8:00:00 PM",
      "doji": true,
      "martillo": true,
      "estrellaFugaz": false
    },
    {
      "index": 723,
      "time": "4/16/2025, 8:03:00 PM",
      "doji": true,
      "martillo": false,
      "estrellaFugaz": true
    },
    {
      "index": 724,
      "time": "4/16/2025, 8:04:00 PM",
      "doji": true,
      "martillo": true,
      "estrellaFugaz": false
    },
    {
      "index": 725,
      "time": "4/16/2025, 8:05:00 PM",
      "doji": true,
      "martillo": false,
      "estrellaFugaz": true
    },
    {
      "index": 729,
      "time": "4/16/2025, 8:09:00 PM",
      "doji": true,
      "martillo": true,
      "estrellaFugaz": false
    },
    {
      "index": 732,
      "time": "4/16/2025, 8:12:00 PM",
      "doji": true,
      "martillo": false,
      "estrellaFugaz": true
    },
    {
      "index": 733,
      "time": "4/16/2025, 8:13:00 PM",
      "doji": true,
      "martillo": true,
      "estrellaFugaz": false
    },
    {
      "index": 734,
      "time": "4/16/2025, 8:14:00 PM",
      "doji": true,
      "martillo": true,
      "estrellaFugaz": false
    },
    {
      "index": 736,
      "time": "4/16/2025, 8:16:00 PM",
      "doji": true,
      "martillo": true,
      "estrellaFugaz": false
    },
    {
      "index": 737,
      "time": "4/16/2025, 8:17:00 PM",
      "doji": true,
      "martillo": true,
      "estrellaFugaz": false
    },
    {
      "index": 740,
      "time": "4/16/2025, 8:20:00 PM",
      "doji": true,
      "martillo": false,
      "estrellaFugaz": true
    },
    {
      "index": 741,
      "time": "4/16/2025, 8:21:00 PM",
      "doji": true,
      "martillo": true,
      "estrellaFugaz": false
    },
    {
      "index": 743,
      "time": "4/16/2025, 8:23:00 PM",
      "doji": true,
      "martillo": true,
      "estrellaFugaz": false
    },
    {
      "index": 744,
      "time": "4/16/2025, 8:24:00 PM",
      "doji": true,
      "martillo": false,
      "estrellaFugaz": true
    },
    {
      "index": 745,
      "time": "4/16/2025, 8:25:00 PM",
      "doji": true,
      "martillo": false,
      "estrellaFugaz": true
    },
    {
      "index": 746,
      "time": "4/16/2025, 8:26:00 PM",
      "doji": true,
      "martillo": false,
      "estrellaFugaz": true
    },
    {
      "index": 747,
      "time": "4/16/2025, 8:27:00 PM",
      "doji": true,
      "martillo": true,
      "estrellaFugaz": false
    },
    {
      "index": 749,
      "time": "4/16/2025, 8:29:00 PM",
      "doji": true,
      "martillo": false,
      "estrellaFugaz": true
    },
    {
      "index": 751,
      "time": "4/16/2025, 8:31:00 PM",
      "doji": true,
      "martillo": false,
      "estrellaFugaz": true
    },
    {
      "index": 752,
      "time": "4/16/2025, 8:32:00 PM",
      "doji": true,
      "martillo": false,
      "estrellaFugaz": true
    },
    {
      "index": 755,
      "time": "4/16/2025, 8:35:00 PM",
      "doji": true,
      "martillo": false,
      "estrellaFugaz": true
    },
    {
      "index": 756,
      "time": "4/16/2025, 8:36:00 PM",
      "doji": true,
      "martillo": true,
      "estrellaFugaz": false
    },
    {
      "index": 758,
      "time": "4/16/2025, 8:38:00 PM",
      "doji": true,
      "martillo": true,
      "estrellaFugaz": false
    },
    {
      "index": 760,
      "time": "4/16/2025, 8:40:00 PM",
      "doji": true,
      "martillo": false,
      "estrellaFugaz": true
    },
    {
      "index": 761,
      "time": "4/16/2025, 8:41:00 PM",
      "doji": true,
      "martillo": false,
      "estrellaFugaz": true
    },
    {
      "index": 764,
      "time": "4/16/2025, 8:44:00 PM",
      "doji": true,
      "martillo": true,
      "estrellaFugaz": false
    },
    {
      "index": 765,
      "time": "4/16/2025, 8:45:00 PM",
      "doji": true,
      "martillo": false,
      "estrellaFugaz": true
    },
    {
      "index": 768,
      "time": "4/16/2025, 8:48:00 PM",
      "doji": true,
      "martillo": false,
      "estrellaFugaz": true
    },
    {
      "index": 770,
      "time": "4/16/2025, 8:50:00 PM",
      "doji": true,
      "martillo": true,
      "estrellaFugaz": false
    },
    {
      "index": 771,
      "time": "4/16/2025, 8:51:00 PM",
      "doji": true,
      "martillo": true,
      "estrellaFugaz": false
    },
    {
      "index": 774,
      "time": "4/16/2025, 8:54:00 PM",
      "doji": true,
      "martillo": true,
      "estrellaFugaz": false
    },
    {
      "index": 776,
      "time": "4/16/2025, 8:56:00 PM",
      "doji": true,
      "martillo": true,
      "estrellaFugaz": false
    },
    {
      "index": 782,
      "time": "4/16/2025, 9:02:00 PM",
      "doji": true,
      "martillo": true,
      "estrellaFugaz": false
    },
    {
      "index": 783,
      "time": "4/16/2025, 9:03:00 PM",
      "doji": true,
      "martillo": true,
      "estrellaFugaz": false
    },
    {
      "index": 786,
      "time": "4/16/2025, 9:06:00 PM",
      "doji": true,
      "martillo": true,
      "estrellaFugaz": false
    },
    {
      "index": 788,
      "time": "4/16/2025, 9:08:00 PM",
      "doji": true,
      "martillo": false,
      "estrellaFugaz": true
    },
    {
      "index": 789,
      "time": "4/16/2025, 9:09:00 PM",
      "doji": true,
      "martillo": true,
      "estrellaFugaz": false
    },
    {
      "index": 790,
      "time": "4/16/2025, 9:10:00 PM",
      "doji": true,
      "martillo": false,
      "estrellaFugaz": true
    },
    {
      "index": 795,
      "time": "4/16/2025, 9:15:00 PM",
      "doji": true,
      "martillo": true,
      "estrellaFugaz": false
    },
    {
      "index": 796,
      "time": "4/16/2025, 9:16:00 PM",
      "doji": true,
      "martillo": false,
      "estrellaFugaz": true
    },
    {
      "index": 797,
      "time": "4/16/2025, 9:17:00 PM",
      "doji": true,
      "martillo": true,
      "estrellaFugaz": false
    },
    {
      "index": 798,
      "time": "4/16/2025, 9:18:00 PM",
      "doji": true,
      "martillo": false,
      "estrellaFugaz": true
    },
    {
      "index": 803,
      "time": "4/16/2025, 9:23:00 PM",
      "doji": true,
      "martillo": true,
      "estrellaFugaz": false
    },
    {
      "index": 804,
      "time": "4/16/2025, 9:24:00 PM",
      "doji": true,
      "martillo": false,
      "estrellaFugaz": true
    },
    {
      "index": 806,
      "time": "4/16/2025, 9:26:00 PM",
      "doji": true,
      "martillo": true,
      "estrellaFugaz": false
    },
    {
      "index": 807,
      "time": "4/16/2025, 9:27:00 PM",
      "doji": true,
      "martillo": false,
      "estrellaFugaz": true
    },
    {
      "index": 808,
      "time": "4/16/2025, 9:28:00 PM",
      "doji": true,
      "martillo": true,
      "estrellaFugaz": false
    },
    {
      "index": 811,
      "time": "4/16/2025, 9:31:00 PM",
      "doji": true,
      "martillo": true,
      "estrellaFugaz": false
    },
    {
      "index": 812,
      "time": "4/16/2025, 9:32:00 PM",
      "doji": true,
      "martillo": true,
      "estrellaFugaz": false
    },
    {
      "index": 813,
      "time": "4/16/2025, 9:33:00 PM",
      "doji": true,
      "martillo": true,
      "estrellaFugaz": false
    },
    {
      "index": 814,
      "time": "4/16/2025, 9:34:00 PM",
      "doji": true,
      "martillo": true,
      "estrellaFugaz": false
    },
    {
      "index": 815,
      "time": "4/16/2025, 9:35:00 PM",
      "doji": true,
      "martillo": true,
      "estrellaFugaz": false
    },
    {
      "index": 818,
      "time": "4/16/2025, 9:38:00 PM",
      "doji": true,
      "martillo": false,
      "estrellaFugaz": true
    },
    {
      "index": 819,
      "time": "4/16/2025, 9:39:00 PM",
      "doji": true,
      "martillo": true,
      "estrellaFugaz": false
    },
    {
      "index": 822,
      "time": "4/16/2025, 9:42:00 PM",
      "doji": true,
      "martillo": false,
      "estrellaFugaz": true
    },
    {
      "index": 823,
      "time": "4/16/2025, 9:43:00 PM",
      "doji": true,
      "martillo": false,
      "estrellaFugaz": true
    },
    {
      "index": 825,
      "time": "4/16/2025, 9:45:00 PM",
      "doji": true,
      "martillo": false,
      "estrellaFugaz": true
    },
    {
      "index": 827,
      "time": "4/16/2025, 9:47:00 PM",
      "doji": true,
      "martillo": true,
      "estrellaFugaz": false
    },
    {
      "index": 828,
      "time": "4/16/2025, 9:48:00 PM",
      "doji": true,
      "martillo": true,
      "estrellaFugaz": false
    },
    {
      "index": 831,
      "time": "4/16/2025, 9:51:00 PM",
      "doji": true,
      "martillo": false,
      "estrellaFugaz": true
    },
    {
      "index": 832,
      "time": "4/16/2025, 9:52:00 PM",
      "doji": true,
      "martillo": true,
      "estrellaFugaz": false
    },
    {
      "index": 836,
      "time": "4/16/2025, 9:56:00 PM",
      "doji": true,
      "martillo": true,
      "estrellaFugaz": false
    },
    {
      "index": 837,
      "time": "4/16/2025, 9:57:00 PM",
      "doji": true,
      "martillo": true,
      "estrellaFugaz": false
    },
    {
      "index": 839,
      "time": "4/16/2025, 9:59:00 PM",
      "doji": true,
      "martillo": false,
      "estrellaFugaz": true
    },
    {
      "index": 840,
      "time": "4/16/2025, 10:00:00 PM",
      "doji": true,
      "martillo": true,
      "estrellaFugaz": false
    },
    {
      "index": 841,
      "time": "4/16/2025, 10:01:00 PM",
      "doji": true,
      "martillo": false,
      "estrellaFugaz": true
    },
    {
      "index": 845,
      "time": "4/16/2025, 10:05:00 PM",
      "doji": true,
      "martillo": true,
      "estrellaFugaz": false
    },
    {
      "index": 846,
      "time": "4/16/2025, 10:06:00 PM",
      "doji": true,
      "martillo": true,
      "estrellaFugaz": false
    },
    {
      "index": 847,
      "time": "4/16/2025, 10:07:00 PM",
      "doji": true,
      "martillo": true,
      "estrellaFugaz": false
    },
    {
      "index": 850,
      "time": "4/16/2025, 10:10:00 PM",
      "doji": true,
      "martillo": true,
      "estrellaFugaz": false
    },
    {
      "index": 852,
      "time": "4/16/2025, 10:12:00 PM",
      "doji": true,
      "martillo": true,
      "estrellaFugaz": false
    },
    {
      "index": 853,
      "time": "4/16/2025, 10:13:00 PM",
      "doji": true,
      "martillo": false,
      "estrellaFugaz": true
    },
    {
      "index": 854,
      "time": "4/16/2025, 10:14:00 PM",
      "doji": true,
      "martillo": true,
      "estrellaFugaz": false
    },
    {
      "index": 855,
      "time": "4/16/2025, 10:15:00 PM",
      "doji": true,
      "martillo": true,
      "estrellaFugaz": false
    },
    {
      "index": 857,
      "time": "4/16/2025, 10:17:00 PM",
      "doji": true,
      "martillo": false,
      "estrellaFugaz": true
    },
    {
      "index": 861,
      "time": "4/16/2025, 10:21:00 PM",
      "doji": true,
      "martillo": false,
      "estrellaFugaz": true
    },
    {
      "index": 862,
      "time": "4/16/2025, 10:22:00 PM",
      "doji": true,
      "martillo": false,
      "estrellaFugaz": true
    },
    {
      "index": 863,
      "time": "4/16/2025, 10:23:00 PM",
      "doji": true,
      "martillo": true,
      "estrellaFugaz": false
    },
    {
      "index": 866,
      "time": "4/16/2025, 10:26:00 PM",
      "doji": true,
      "martillo": false,
      "estrellaFugaz": true
    },
    {
      "index": 867,
      "time": "4/16/2025, 10:27:00 PM",
      "doji": true,
      "martillo": true,
      "estrellaFugaz": false
    },
    {
      "index": 868,
      "time": "4/16/2025, 10:28:00 PM",
      "doji": true,
      "martillo": true,
      "estrellaFugaz": false
    },
    {
      "index": 869,
      "time": "4/16/2025, 10:29:00 PM",
      "doji": true,
      "martillo": true,
      "estrellaFugaz": false
    },
    {
      "index": 874,
      "time": "4/16/2025, 10:34:00 PM",
      "doji": true,
      "martillo": false,
      "estrellaFugaz": true
    },
    {
      "index": 875,
      "time": "4/16/2025, 10:35:00 PM",
      "doji": true,
      "martillo": false,
      "estrellaFugaz": true
    },
    {
      "index": 876,
      "time": "4/16/2025, 10:36:00 PM",
      "doji": true,
      "martillo": false,
      "estrellaFugaz": true
    },
    {
      "index": 877,
      "time": "4/16/2025, 10:37:00 PM",
      "doji": true,
      "martillo": true,
      "estrellaFugaz": false
    },
    {
      "index": 882,
      "time": "4/16/2025, 10:42:00 PM",
      "doji": true,
      "martillo": false,
      "estrellaFugaz": true
    },
    {
      "index": 884,
      "time": "4/16/2025, 10:44:00 PM",
      "doji": true,
      "martillo": false,
      "estrellaFugaz": true
    },
    {
      "index": 885,
      "time": "4/16/2025, 10:45:00 PM",
      "doji": true,
      "martillo": false,
      "estrellaFugaz": true
    },
    {
      "index": 888,
      "time": "4/16/2025, 10:48:00 PM",
      "doji": true,
      "martillo": false,
      "estrellaFugaz": true
    },
    {
      "index": 890,
      "time": "4/16/2025, 10:50:00 PM",
      "doji": true,
      "martillo": true,
      "estrellaFugaz": false
    },
    {
      "index": 892,
      "time": "4/16/2025, 10:52:00 PM",
      "doji": true,
      "martillo": false,
      "estrellaFugaz": true
    },
    {
      "index": 893,
      "time": "4/16/2025, 10:53:00 PM",
      "doji": true,
      "martillo": false,
      "estrellaFugaz": true
    },
    {
      "index": 894,
      "time": "4/16/2025, 10:54:00 PM",
      "doji": true,
      "martillo": false,
      "estrellaFugaz": true
    },
    {
      "index": 895,
      "time": "4/16/2025, 10:55:00 PM",
      "doji": true,
      "martillo": true,
      "estrellaFugaz": false
    },
    {
      "index": 900,
      "time": "4/16/2025, 11:00:00 PM",
      "doji": true,
      "martillo": false,
      "estrellaFugaz": true
    },
    {
      "index": 903,
      "time": "4/16/2025, 11:03:00 PM",
      "doji": true,
      "martillo": false,
      "estrellaFugaz": true
    },
    {
      "index": 905,
      "time": "4/16/2025, 11:05:00 PM",
      "doji": true,
      "martillo": true,
      "estrellaFugaz": false
    },
    {
      "index": 907,
      "time": "4/16/2025, 11:07:00 PM",
      "doji": true,
      "martillo": true,
      "estrellaFugaz": false
    },
    {
      "index": 908,
      "time": "4/16/2025, 11:08:00 PM",
      "doji": true,
      "martillo": false,
      "estrellaFugaz": true
    },
    {
      "index": 913,
      "time": "4/16/2025, 11:13:00 PM",
      "doji": true,
      "martillo": false,
      "estrellaFugaz": true
    },
    {
      "index": 914,
      "time": "4/16/2025, 11:14:00 PM",
      "doji": true,
      "martillo": true,
      "estrellaFugaz": false
    },
    {
      "index": 917,
      "time": "4/16/2025, 11:17:00 PM",
      "doji": true,
      "martillo": true,
      "estrellaFugaz": false
    },
    {
      "index": 919,
      "time": "4/16/2025, 11:19:00 PM",
      "doji": true,
      "martillo": true,
      "estrellaFugaz": false
    },
    {
      "index": 920,
      "time": "4/16/2025, 11:20:00 PM",
      "doji": true,
      "martillo": true,
      "estrellaFugaz": false
    },
    {
      "index": 923,
      "time": "4/16/2025, 11:23:00 PM",
      "doji": true,
      "martillo": false,
      "estrellaFugaz": true
    },
    {
      "index": 924,
      "time": "4/16/2025, 11:24:00 PM",
      "doji": true,
      "martillo": false,
      "estrellaFugaz": true
    },
    {
      "index": 929,
      "time": "4/16/2025, 11:29:00 PM",
      "doji": true,
      "martillo": false,
      "estrellaFugaz": true
    },
    {
      "index": 930,
      "time": "4/16/2025, 11:30:00 PM",
      "doji": true,
      "martillo": true,
      "estrellaFugaz": false
    },
    {
      "index": 933,
      "time": "4/16/2025, 11:33:00 PM",
      "doji": true,
      "martillo": true,
      "estrellaFugaz": false
    },
    {
      "index": 935,
      "time": "4/16/2025, 11:35:00 PM",
      "doji": true,
      "martillo": false,
      "estrellaFugaz": true
    },
    {
      "index": 938,
      "time": "4/16/2025, 11:38:00 PM",
      "doji": true,
      "martillo": false,
      "estrellaFugaz": true
    },
    {
      "index": 940,
      "time": "4/16/2025, 11:40:00 PM",
      "doji": true,
      "martillo": true,
      "estrellaFugaz": false
    },
    {
      "index": 942,
      "time": "4/16/2025, 11:42:00 PM",
      "doji": true,
      "martillo": true,
      "estrellaFugaz": false
    },
    {
      "index": 943,
      "time": "4/16/2025, 11:43:00 PM",
      "doji": true,
      "martillo": true,
      "estrellaFugaz": false
    },
    {
      "index": 944,
      "time": "4/16/2025, 11:44:00 PM",
      "doji": true,
      "martillo": true,
      "estrellaFugaz": false
    },
    {
      "index": 946,
      "time": "4/16/2025, 11:46:00 PM",
      "doji": true,
      "martillo": false,
      "estrellaFugaz": true
    },
    {
      "index": 949,
      "time": "4/16/2025, 11:49:00 PM",
      "doji": true,
      "martillo": true,
      "estrellaFugaz": false
    },
    {
      "index": 951,
      "time": "4/16/2025, 11:51:00 PM",
      "doji": true,
      "martillo": true,
      "estrellaFugaz": false
    },
    {
      "index": 953,
      "time": "4/16/2025, 11:53:00 PM",
      "doji": true,
      "martillo": true,
      "estrellaFugaz": false
    },
    {
      "index": 954,
      "time": "4/16/2025, 11:54:00 PM",
      "doji": true,
      "martillo": true,
      "estrellaFugaz": false
    },
    {
      "index": 957,
      "time": "4/16/2025, 11:57:00 PM",
      "doji": true,
      "martillo": false,
      "estrellaFugaz": true
    },
    {
      "index": 959,
      "time": "4/16/2025, 11:59:00 PM",
      "doji": true,
      "martillo": false,
      "estrellaFugaz": true
    },
    {
      "index": 960,
      "time": "4/17/2025, 12:00:00 AM",
      "doji": true,
      "martillo": true,
      "estrellaFugaz": false
    },
    {
      "index": 962,
      "time": "4/17/2025, 12:02:00 AM",
      "doji": true,
      "martillo": true,
      "estrellaFugaz": false
    },
    {
      "index": 963,
      "time": "4/17/2025, 12:03:00 AM",
      "doji": true,
      "martillo": false,
      "estrellaFugaz": true
    },
    {
      "index": 965,
      "time": "4/17/2025, 12:05:00 AM",
      "doji": true,
      "martillo": true,
      "estrellaFugaz": false
    },
    {
      "index": 966,
      "time": "4/17/2025, 12:06:00 AM",
      "doji": true,
      "martillo": true,
      "estrellaFugaz": false
    },
    {
      "index": 970,
      "time": "4/17/2025, 12:10:00 AM",
      "doji": true,
      "martillo": false,
      "estrellaFugaz": true
    },
    {
      "index": 971,
      "time": "4/17/2025, 12:11:00 AM",
      "doji": true,
      "martillo": true,
      "estrellaFugaz": false
    },
    {
      "index": 973,
      "time": "4/17/2025, 12:13:00 AM",
      "doji": true,
      "martillo": true,
      "estrellaFugaz": false
    },
    {
      "index": 975,
      "time": "4/17/2025, 12:15:00 AM",
      "doji": true,
      "martillo": false,
      "estrellaFugaz": true
    },
    {
      "index": 978,
      "time": "4/17/2025, 12:18:00 AM",
      "doji": true,
      "martillo": true,
      "estrellaFugaz": false
    },
    {
      "index": 979,
      "time": "4/17/2025, 12:19:00 AM",
      "doji": true,
      "martillo": true,
      "estrellaFugaz": false
    },
    {
      "index": 980,
      "time": "4/17/2025, 12:20:00 AM",
      "doji": true,
      "martillo": true,
      "estrellaFugaz": false
    },
    {
      "index": 983,
      "time": "4/17/2025, 12:23:00 AM",
      "doji": true,
      "martillo": true,
      "estrellaFugaz": false
    },
    {
      "index": 984,
      "time": "4/17/2025, 12:24:00 AM",
      "doji": true,
      "martillo": true,
      "estrellaFugaz": false
    },
    {
      "index": 987,
      "time": "4/17/2025, 12:27:00 AM",
      "doji": true,
      "martillo": true,
      "estrellaFugaz": false
    },
    {
      "index": 988,
      "time": "4/17/2025, 12:28:00 AM",
      "doji": true,
      "martillo": true,
      "estrellaFugaz": false
    },
    {
      "index": 990,
      "time": "4/17/2025, 12:30:00 AM",
      "doji": true,
      "martillo": true,
      "estrellaFugaz": false
    },
    {
      "index": 991,
      "time": "4/17/2025, 12:31:00 AM",
      "doji": true,
      "martillo": true,
      "estrellaFugaz": false
    },
    {
      "index": 992,
      "time": "4/17/2025, 12:32:00 AM",
      "doji": true,
      "martillo": true,
      "estrellaFugaz": false
    },
    {
      "index": 994,
      "time": "4/17/2025, 12:34:00 AM",
      "doji": true,
      "martillo": true,
      "estrellaFugaz": false
    },
    {
      "index": 998,
      "time": "4/17/2025, 12:38:00 AM",
      "doji": true,
      "martillo": false,
      "estrellaFugaz": true
    }
  ]
}