Hora,Patron,Resultado,Ganancia,Saldo
09:00:00,Patrón_1,GANÓ,1.60,301.60
09:01:00,Patrón_1,GANÓ,1.60,303.20
09:02:00,Patrón_1,GANÓ,1.60,304.80
09:03:00,Patrón_1,GANÓ,1.60,306.40
09:04:00,Patrón_4,PERDIÓ,-2.00,304.40
09:05:00,Patrón_3,GANÓ,1.60,306.00
09:06:00,Patrón_3,PERDIÓ,-2.00,304.00
09:07:00,Patrón_3,GANÓ,1.60,305.60
09:08:00,Patrón_3,GANÓ,1.60,307.20
09:09:00,Patrón_1,PERDIÓ,-2.00,305.20
09:10:00,Patrón_4,GANÓ,1.60,306.80
09:11:00,Patrón_2,PERDIÓ,-2.00,304.80
09:12:00,Patrón_2,GANÓ,1.60,306.40
09:13:00,Patrón_2,GANÓ,1.60,308.00
09:14:00,Patrón_4,GANÓ,1.60,309.60
09:15:00,Patrón_3,PERDIÓ,-2.00,307.60
09:16:00,Patrón_2,GANÓ,1.60,309.20
09:17:00,Patrón_5,GANÓ,1.60,310.80
09:18:00,Patrón_1,PERDIÓ,-2.00,308.80
09:19:00,Patrón_4,GANÓ,1.60,310.40
09:20:00,Patrón_1,PERDIÓ,-2.00,308.40
09:21:00,Patrón_5,GANÓ,1.60,310.00
09:22:00,Patrón_2,PERDIÓ,-2.00,308.00
09:23:00,Patrón_4,GANÓ,1.60,309.60
09:24:00,Patrón_2,GANÓ,1.60,311.20
09:25:00,Patrón_4,GANÓ,1.60,312.80
09:26:00,Patrón_5,GANÓ,1.60,314.40
09:27:00,Patrón_3,GANÓ,1.60,316.00
09:28:00,Patrón_1,GANÓ,1.60,317.60
09:29:00,Patrón_5,GANÓ,1.60,319.20
09:30:00,Patrón_2,GANÓ,1.60,320.80
09:31:00,Patrón_1,GANÓ,1.60,322.40
09:32:00,Patrón_2,GANÓ,1.60,324.00
09:33:00,Patrón_1,PERDIÓ,-2.00,322.00
09:34:00,Patrón_1,GANÓ,1.60,323.60
09:35:00,Patrón_3,GANÓ,1.60,325.20
09:36:00,Patrón_4,GANÓ,1.60,326.80
09:37:00,Patrón_2,GANÓ,1.60,328.40
09:38:00,Patrón_5,PERDIÓ,-2.00,326.40
09:39:00,Patrón_1,GANÓ,1.60,328.00
09:40:00,Patrón_4,PERDIÓ,-2.00,326.00
09:41:00,Patrón_3,PERDIÓ,-2.00,324.00
09:42:00,Patrón_5,PERDIÓ,-2.00,322.00
09:43:00,Patrón_3,GANÓ,1.60,323.60
09:44:00,Patrón_1,GANÓ,1.60,325.20
09:45:00,Patrón_3,GANÓ,1.60,326.80
09:46:00,Patrón_4,GANÓ,1.60,328.40
09:47:00,Patrón_5,GANÓ,1.60,330.00
09:48:00,Patrón_5,PERDIÓ,-2.00,328.00
09:49:00,Patrón_3,PERDIÓ,-2.00,326.00
09:50:00,Patrón_4,GANÓ,1.60,327.60
09:51:00,Patrón_2,PERDIÓ,-2.00,325.60
09:52:00,Patrón_2,GANÓ,1.60,327.20
09:53:00,Patrón_2,PERDIÓ,-2.00,325.20
09:54:00,Patrón_5,PERDIÓ,-2.00,323.20
09:55:00,Patrón_2,PERDIÓ,-2.00,321.20
09:56:00,Patrón_2,PERDIÓ,-2.00,319.20
09:57:00,Patrón_4,GANÓ,1.60,320.80
09:58:00,Patrón_2,GANÓ,1.60,322.40
09:59:00,Patrón_5,PERDIÓ,-2.00,320.40
10:00:00,Patrón_5,GANÓ,1.60,322.00
10:01:00,Patrón_5,PERDIÓ,-2.00,320.00
10:02:00,Patrón_2,GANÓ,1.60,321.60
10:03:00,Patrón_5,PERDIÓ,-2.00,319.60
10:04:00,Patrón_5,GANÓ,1.60,321.20
10:05:00,Patrón_2,GANÓ,1.60,322.80
10:06:00,Patrón_4,PERDIÓ,-2.00,320.80
10:07:00,Patrón_4,GANÓ,1.60,322.40
10:08:00,Patrón_5,GANÓ,1.60,324.00
10:09:00,Patrón_5,GANÓ,1.60,325.60
10:10:00,Patrón_3,GANÓ,1.60,327.20
10:11:00,Patrón_5,GANÓ,1.60,328.80
10:12:00,Patrón_5,GANÓ,1.60,330.40
10:13:00,Patrón_1,GANÓ,1.60,332.00
10:14:00,Patrón_1,GANÓ,1.60,333.60
10:15:00,Patrón_5,GANÓ,1.60,335.20
10:16:00,Patrón_5,GANÓ,1.60,336.80
10:17:00,Patrón_2,GANÓ,1.60,338.40
10:18:00,Patrón_5,PERDIÓ,-2.00,336.40
10:19:00,Patrón_4,GANÓ,1.60,338.00
10:20:00,Patrón_5,PERDIÓ,-2.00,336.00
10:21:00,Patrón_1,GANÓ,1.60,337.60
10:22:00,Patrón_4,PERDIÓ,-2.00,335.60
10:23:00,Patrón_3,GANÓ,1.60,337.20
10:24:00,Patrón_1,GANÓ,1.60,338.80
10:25:00,Patrón_4,PERDIÓ,-2.00,336.80
10:26:00,Patrón_5,GANÓ,1.60,338.40
10:27:00,Patrón_3,GANÓ,1.60,340.00
10:28:00,Patrón_1,PERDIÓ,-2.00,338.00
10:29:00,Patrón_3,GANÓ,1.60,339.60
10:30:00,Patrón_4,GANÓ,1.60,341.20
10:31:00,Patrón_1,GANÓ,1.60,342.80
10:32:00,Patrón_5,GANÓ,1.60,344.40
10:33:00,Patrón_2,GANÓ,1.60,346.00
10:34:00,Patrón_4,PERDIÓ,-2.00,344.00
10:35:00,Patrón_5,PERDIÓ,-2.00,342.00
10:36:00,Patrón_5,PERDIÓ,-2.00,340.00
10:37:00,Patrón_4,GANÓ,1.60,341.60
10:38:00,Patrón_5,PERDIÓ,-2.00,339.60
10:39:00,Patrón_4,GANÓ,1.60,341.20
10:40:00,Patrón_2,GANÓ,1.60,342.80
10:41:00,Patrón_2,PERDIÓ,-2.00,340.80
10:42:00,Patrón_3,GANÓ,1.60,342.40
10:43:00,Patrón_5,GANÓ,1.60,344.00
10:44:00,Patrón_3,PERDIÓ,-2.00,342.00
10:45:00,Patrón_1,PERDIÓ,-2.00,340.00
10:46:00,Patrón_2,GANÓ,1.60,341.60
10:47:00,Patrón_3,GANÓ,1.60,343.20
10:48:00,Patrón_2,GANÓ,1.60,344.80
10:49:00,Patrón_5,GANÓ,1.60,346.40
10:50:00,Patrón_2,GANÓ,1.60,348.00
10:51:00,Patrón_2,GANÓ,1.60,349.60
10:52:00,Patrón_4,PERDIÓ,-2.00,347.60
10:53:00,Patrón_1,PERDIÓ,-2.00,345.60
10:54:00,Patrón_2,GANÓ,1.60,347.20
10:55:00,Patrón_5,GANÓ,1.60,348.80
10:56:00,Patrón_5,PERDIÓ,-2.00,346.80
10:57:00,Patrón_2,PERDIÓ,-2.00,344.80
10:58:00,Patrón_5,PERDIÓ,-2.00,342.80
10:59:00,Patrón_5,GANÓ,1.60,344.40
11:00:00,Patrón_2,GANÓ,1.60,346.00
11:01:00,Patrón_1,GANÓ,1.60,347.60
11:02:00,Patrón_2,PERDIÓ,-2.00,345.60
11:03:00,Patrón_1,GANÓ,1.60,347.20
11:04:00,Patrón_3,GANÓ,1.60,348.80
11:05:00,Patrón_3,PERDIÓ,-2.00,346.80
11:06:00,Patrón_1,PERDIÓ,-2.00,344.80
11:07:00,Patrón_1,PERDIÓ,-2.00,342.80
11:08:00,Patrón_5,GANÓ,1.60,344.40
11:09:00,Patrón_5,GANÓ,1.60,346.00
11:10:00,Patrón_5,PERDIÓ,-2.00,344.00
11:11:00,Patrón_5,GANÓ,1.60,345.60
11:12:00,Patrón_4,PERDIÓ,-2.00,343.60
11:13:00,Patrón_3,PERDIÓ,-2.00,341.60
11:14:00,Patrón_1,GANÓ,1.60,343.20
11:15:00,Patrón_1,PERDIÓ,-2.00,341.20
11:16:00,Patrón_1,GANÓ,1.60,342.80
11:17:00,Patrón_4,GANÓ,1.60,344.40
11:18:00,Patrón_4,PERDIÓ,-2.00,342.40
11:19:00,Patrón_5,GANÓ,1.60,344.00
11:20:00,Patrón_3,PERDIÓ,-2.00,342.00
11:21:00,Patrón_5,PERDIÓ,-2.00,340.00
11:22:00,Patrón_1,GANÓ,1.60,341.60
11:23:00,Patrón_5,PERDIÓ,-2.00,339.60
11:24:00,Patrón_2,GANÓ,1.60,341.20
11:25:00,Patrón_3,PERDIÓ,-2.00,339.20
11:26:00,Patrón_1,GANÓ,1.60,340.80
11:27:00,Patrón_2,PERDIÓ,-2.00,338.80
11:28:00,Patrón_3,GANÓ,1.60,340.40
11:29:00,Patrón_1,PERDIÓ,-2.00,338.40
11:30:00,Patrón_3,GANÓ,1.60,340.00
11:31:00,Patrón_2,PERDIÓ,-2.00,338.00
11:32:00,Patrón_5,PERDIÓ,-2.00,336.00
11:33:00,Patrón_1,PERDIÓ,-2.00,334.00
11:34:00,Patrón_2,GANÓ,1.60,335.60
11:35:00,Patrón_5,PERDIÓ,-2.00,333.60
11:36:00,Patrón_3,PERDIÓ,-2.00,331.60
11:37:00,Patrón_2,GANÓ,1.60,333.20
11:38:00,Patrón_4,GANÓ,1.60,334.80
11:39:00,Patrón_2,GANÓ,1.60,336.40
11:40:00,Patrón_3,GANÓ,1.60,338.00
11:41:00,Patrón_4,GANÓ,1.60,339.60
11:42:00,Patrón_5,PERDIÓ,-2.00,337.60
11:43:00,Patrón_1,GANÓ,1.60,339.20
11:44:00,Patrón_4,GANÓ,1.60,340.80
11:45:00,Patrón_4,PERDIÓ,-2.00,338.80
11:46:00,Patrón_4,GANÓ,1.60,340.40
11:47:00,Patrón_4,PERDIÓ,-2.00,338.40
11:48:00,Patrón_3,GANÓ,1.60,340.00
11:49:00,Patrón_5,GANÓ,1.60,341.60
11:50:00,Patrón_3,PERDIÓ,-2.00,339.60
11:51:00,Patrón_3,GANÓ,1.60,341.20
11:52:00,Patrón_5,GANÓ,1.60,342.80
11:53:00,Patrón_1,PERDIÓ,-2.00,340.80
11:54:00,Patrón_5,PERDIÓ,-2.00,338.80
11:55:00,Patrón_3,GANÓ,1.60,340.40
11:56:00,Patrón_5,GANÓ,1.60,342.00
11:57:00,Patrón_4,GANÓ,1.60,343.60
11:58:00,Patrón_4,GANÓ,1.60,345.20
11:59:00,Patrón_1,GANÓ,1.60,346.80
12:00:00,Patrón_4,PERDIÓ,-2.00,344.80
12:01:00,Patrón_5,PERDIÓ,-2.00,342.80
12:02:00,Patrón_5,GANÓ,1.60,344.40
12:03:00,Patrón_1,GANÓ,1.60,346.00
12:04:00,Patrón_2,PERDIÓ,-2.00,344.00
12:05:00,Patrón_4,PERDIÓ,-2.00,342.00
12:06:00,Patrón_2,PERDIÓ,-2.00,340.00
12:07:00,Patrón_2,GANÓ,1.60,341.60
12:08:00,Patrón_1,PERDIÓ,-2.00,339.60
12:09:00,Patrón_2,GANÓ,1.60,341.20
12:10:00,Patrón_4,PERDIÓ,-2.00,339.20
12:11:00,Patrón_5,GANÓ,1.60,340.80
12:12:00,Patrón_5,GANÓ,1.60,342.40
12:13:00,Patrón_5,GANÓ,1.60,344.00
12:14:00,Patrón_5,PERDIÓ,-2.00,342.00
12:15:00,Patrón_1,GANÓ,1.60,343.60
12:16:00,Patrón_3,PERDIÓ,-2.00,341.60
12:17:00,Patrón_5,PERDIÓ,-2.00,339.60
12:18:00,Patrón_2,PERDIÓ,-2.00,337.60
12:19:00,Patrón_1,GANÓ,1.60,339.20
12:20:00,Patrón_1,GANÓ,1.60,340.80
12:21:00,Patrón_4,GANÓ,1.60,342.40
12:22:00,Patrón_1,GANÓ,1.60,344.00
12:23:00,Patrón_2,GANÓ,1.60,345.60
12:24:00,Patrón_4,PERDIÓ,-2.00,343.60
12:25:00,Patrón_4,GANÓ,1.60,345.20
12:26:00,Patrón_5,GANÓ,1.60,346.80
12:27:00,Patrón_2,GANÓ,1.60,348.40
12:28:00,Patrón_2,GANÓ,1.60,350.00
12:29:00,Patrón_2,GANÓ,1.60,351.60
12:30:00,Patrón_5,PERDIÓ,-2.00,349.60
12:31:00,Patrón_3,GANÓ,1.60,351.20
12:32:00,Patrón_2,GANÓ,1.60,352.80
12:33:00,Patrón_4,GANÓ,1.60,354.40
12:34:00,Patrón_4,GANÓ,1.60,356.00
12:35:00,Patrón_3,GANÓ,1.60,357.60
12:36:00,Patrón_4,GANÓ,1.60,359.20
12:37:00,Patrón_5,GANÓ,1.60,360.80
12:38:00,Patrón_4,GANÓ,1.60,362.40
12:39:00,Patrón_5,PERDIÓ,-2.00,360.40
12:40:00,Patrón_4,GANÓ,1.60,362.00
12:41:00,Patrón_4,PERDIÓ,-2.00,360.00
12:42:00,Patrón_1,GANÓ,1.60,361.60
12:43:00,Patrón_2,PERDIÓ,-2.00,359.60
12:44:00,Patrón_4,GANÓ,1.60,361.20
12:45:00,Patrón_5,GANÓ,1.60,362.80
12:46:00,Patrón_1,GANÓ,1.60,364.40
12:47:00,Patrón_2,GANÓ,1.60,366.00
12:48:00,Patrón_1,GANÓ,1.60,367.60
12:49:00,Patrón_5,GANÓ,1.60,369.20
12:50:00,Patrón_4,GANÓ,1.60,370.80
12:51:00,Patrón_2,GANÓ,1.60,372.40
12:52:00,Patrón_3,PERDIÓ,-2.00,370.40
12:53:00,Patrón_4,PERDIÓ,-2.00,368.40
12:54:00,Patrón_5,GANÓ,1.60,370.00
12:55:00,Patrón_4,GANÓ,1.60,371.60
12:56:00,Patrón_3,PERDIÓ,-2.00,369.60
12:57:00,Patrón_3,GANÓ,1.60,371.20
12:58:00,Patrón_3,GANÓ,1.60,372.80
12:59:00,Patrón_3,GANÓ,1.60,374.40
01:00:00,Patrón_5,PERDIÓ,-2.00,372.40
01:01:00,Patrón_1,PERDIÓ,-2.00,370.40
01:02:00,Patrón_5,PERDIÓ,-2.00,368.40
01:03:00,Patrón_1,GANÓ,1.60,370.00
01:04:00,Patrón_1,PERDIÓ,-2.00,368.00
01:05:00,Patrón_2,GANÓ,1.60,369.60
01:06:00,Patrón_2,PERDIÓ,-2.00,367.60
01:07:00,Patrón_3,GANÓ,1.60,369.20
01:08:00,Patrón_5,GANÓ,1.60,370.80
01:09:00,Patrón_4,GANÓ,1.60,372.40
01:10:00,Patrón_2,GANÓ,1.60,374.00
01:11:00,Patrón_4,PERDIÓ,-2.00,372.00
01:12:00,Patrón_3,GANÓ,1.60,373.60
01:13:00,Patrón_1,PERDIÓ,-2.00,371.60
01:14:00,Patrón_2,GANÓ,1.60,373.20
01:15:00,Patrón_3,GANÓ,1.60,374.80
01:16:00,Patrón_2,GANÓ,1.60,376.40
01:17:00,Patrón_3,GANÓ,1.60,378.00
01:18:00,Patrón_3,GANÓ,1.60,379.60
01:19:00,Patrón_5,GANÓ,1.60,381.20
01:20:00,Patrón_2,PERDIÓ,-2.00,379.20
01:21:00,Patrón_2,PERDIÓ,-2.00,377.20
01:22:00,Patrón_3,PERDIÓ,-2.00,375.20
01:23:00,Patrón_5,GANÓ,1.60,376.80
01:24:00,Patrón_5,GANÓ,1.60,378.40
01:25:00,Patrón_1,PERDIÓ,-2.00,376.40
01:26:00,Patrón_2,PERDIÓ,-2.00,374.40
01:27:00,Patrón_3,PERDIÓ,-2.00,372.40
01:28:00,Patrón_3,GANÓ,1.60,374.00
01:29:00,Patrón_2,GANÓ,1.60,375.60
01:30:00,Patrón_5,GANÓ,1.60,377.20
01:31:00,Patrón_1,GANÓ,1.60,378.80
01:32:00,Patrón_5,PERDIÓ,-2.00,376.80
01:33:00,Patrón_4,PERDIÓ,-2.00,374.80
01:34:00,Patrón_1,GANÓ,1.60,376.40
01:35:00,Patrón_5,GANÓ,1.60,378.00
01:36:00,Patrón_4,GANÓ,1.60,379.60
01:37:00,Patrón_2,GANÓ,1.60,381.20
01:38:00,Patrón_4,GANÓ,1.60,382.80
01:39:00,Patrón_2,PERDIÓ,-2.00,380.80
01:40:00,Patrón_5,GANÓ,1.60,382.40
01:41:00,Patrón_3,GANÓ,1.60,384.00
01:42:00,Patrón_1,PERDIÓ,-2.00,382.00
01:43:00,Patrón_4,PERDIÓ,-2.00,380.00
01:44:00,Patrón_1,GANÓ,1.60,381.60
01:45:00,Patrón_1,PERDIÓ,-2.00,379.60
01:46:00,Patrón_1,GANÓ,1.60,381.20
01:47:00,Patrón_4,GANÓ,1.60,382.80
01:48:00,Patrón_5,GANÓ,1.60,384.40
01:49:00,Patrón_2,GANÓ,1.60,386.00
01:50:00,Patrón_1,GANÓ,1.60,387.60
01:51:00,Patrón_3,GANÓ,1.60,389.20
01:52:00,Patrón_2,GANÓ,1.60,390.80
01:53:00,Patrón_1,PERDIÓ,-2.00,388.80
01:54:00,Patrón_3,PERDIÓ,-2.00,386.80
01:55:00,Patrón_3,PERDIÓ,-2.00,384.80
01:56:00,Patrón_3,GANÓ,1.60,386.40
01:57:00,Patrón_1,PERDIÓ,-2.00,384.40
01:58:00,Patrón_3,PERDIÓ,-2.00,382.40
01:59:00,Patrón_3,GANÓ,1.60,384.00
02:00:00,Patrón_1,GANÓ,1.60,385.60
02:01:00,Patrón_1,GANÓ,1.60,387.20
02:02:00,Patrón_5,PERDIÓ,-2.00,385.20
02:03:00,Patrón_3,GANÓ,1.60,386.80
02:04:00,Patrón_1,GANÓ,1.60,388.40
02:05:00,Patrón_3,GANÓ,1.60,390.00
02:06:00,Patrón_5,GANÓ,1.60,391.60
02:07:00,Patrón_4,GANÓ,1.60,393.20
02:08:00,Patrón_5,GANÓ,1.60,394.80
02:09:00,Patrón_2,PERDIÓ,-2.00,392.80
02:10:00,Patrón_4,GANÓ,1.60,394.40
02:11:00,Patrón_2,PERDIÓ,-2.00,392.40
02:12:00,Patrón_3,PERDIÓ,-2.00,390.40
02:13:00,Patrón_3,PERDIÓ,-2.00,388.40
02:14:00,Patrón_2,PERDIÓ,-2.00,386.40
02:15:00,Patrón_2,PERDIÓ,-2.00,384.40
02:16:00,Patrón_5,GANÓ,1.60,386.00
02:17:00,Patrón_3,PERDIÓ,-2.00,384.00
02:18:00,Patrón_1,GANÓ,1.60,385.60
02:19:00,Patrón_2,PERDIÓ,-2.00,383.60
02:20:00,Patrón_2,PERDIÓ,-2.00,381.60
02:21:00,Patrón_4,GANÓ,1.60,383.20
02:22:00,Patrón_4,PERDIÓ,-2.00,381.20
02:23:00,Patrón_3,GANÓ,1.60,382.80
02:24:00,Patrón_3,PERDIÓ,-2.00,380.80
02:25:00,Patrón_2,GANÓ,1.60,382.40
02:26:00,Patrón_1,GANÓ,1.60,384.00
02:27:00,Patrón_5,GANÓ,1.60,385.60
02:28:00,Patrón_5,PERDIÓ,-2.00,383.60
02:29:00,Patrón_3,GANÓ,1.60,385.20
02:30:00,Patrón_4,PERDIÓ,-2.00,383.20
02:31:00,Patrón_5,GANÓ,1.60,384.80
02:32:00,Patrón_2,GANÓ,1.60,386.40
02:33:00,Patrón_3,PERDIÓ,-2.00,384.40
02:34:00,Patrón_5,GANÓ,1.60,386.00
02:35:00,Patrón_4,GANÓ,1.60,387.60
02:36:00,Patrón_2,GANÓ,1.60,389.20
02:37:00,Patrón_2,GANÓ,1.60,390.80
02:38:00,Patrón_2,GANÓ,1.60,392.40
02:39:00,Patrón_5,PERDIÓ,-2.00,390.40
02:40:00,Patrón_3,PERDIÓ,-2.00,388.40
02:41:00,Patrón_1,PERDIÓ,-2.00,386.40
02:42:00,Patrón_4,GANÓ,1.60,388.00
02:43:00,Patrón_1,GANÓ,1.60,389.60
02:44:00,Patrón_2,GANÓ,1.60,391.20
02:45:00,Patrón_4,GANÓ,1.60,392.80
02:46:00,Patrón_3,GANÓ,1.60,394.40
02:47:00,Patrón_1,PERDIÓ,-2.00,392.40
02:48:00,Patrón_4,PERDIÓ,-2.00,390.40
02:49:00,Patrón_3,PERDIÓ,-2.00,388.40
02:50:00,Patrón_4,GANÓ,1.60,390.00
02:51:00,Patrón_2,PERDIÓ,-2.00,388.00
02:52:00,Patrón_2,GANÓ,1.60,389.60
02:53:00,Patrón_3,GANÓ,1.60,391.20
02:54:00,Patrón_2,GANÓ,1.60,392.80
02:55:00,Patrón_1,GANÓ,1.60,394.40
02:56:00,Patrón_4,PERDIÓ,-2.00,392.40
02:57:00,Patrón_5,GANÓ,1.60,394.00
02:58:00,Patrón_5,GANÓ,1.60,395.60
02:59:00,Patrón_3,PERDIÓ,-2.00,393.60
03:00:00,Patrón_1,GANÓ,1.60,395.20
03:01:00,Patrón_5,PERDIÓ,-2.00,393.20
03:02:00,Patrón_4,GANÓ,1.60,394.80
03:03:00,Patrón_3,GANÓ,1.60,396.40
03:04:00,Patrón_5,GANÓ,1.60,398.00
03:05:00,Patrón_2,PERDIÓ,-2.00,396.00
03:06:00,Patrón_4,GANÓ,1.60,397.60
03:07:00,Patrón_2,GANÓ,1.60,399.20
03:08:00,Patrón_3,GANÓ,1.60,400.80
03:09:00,Patrón_4,PERDIÓ,-2.00,398.80
03:10:00,Patrón_1,PERDIÓ,-2.00,396.80
03:11:00,Patrón_3,GANÓ,1.60,398.40
03:12:00,Patrón_4,PERDIÓ,-2.00,396.40
03:13:00,Patrón_1,GANÓ,1.60,398.00
03:14:00,Patrón_1,GANÓ,1.60,399.60
03:15:00,Patrón_5,PERDIÓ,-2.00,397.60
03:16:00,Patrón_3,GANÓ,1.60,399.20
03:17:00,Patrón_2,PERDIÓ,-2.00,397.20
03:18:00,Patrón_4,GANÓ,1.60,398.80
03:19:00,Patrón_3,GANÓ,1.60,400.40
03:20:00,Patrón_2,GANÓ,1.60,402.00
03:21:00,Patrón_1,PERDIÓ,-2.00,400.00
03:22:00,Patrón_3,GANÓ,1.60,401.60
03:23:00,Patrón_3,GANÓ,1.60,403.20
03:24:00,Patrón_5,GANÓ,1.60,404.80
03:25:00,Patrón_3,PERDIÓ,-2.00,402.80
03:26:00,Patrón_3,GANÓ,1.60,404.40
03:27:00,Patrón_3,GANÓ,1.60,406.00
03:28:00,Patrón_2,PERDIÓ,-2.00,404.00
03:29:00,Patrón_1,PERDIÓ,-2.00,402.00
03:30:00,Patrón_2,GANÓ,1.60,403.60
03:31:00,Patrón_4,GANÓ,1.60,405.20
03:32:00,Patrón_2,GANÓ,1.60,406.80
03:33:00,Patrón_1,GANÓ,1.60,408.40
03:34:00,Patrón_1,PERDIÓ,-2.00,406.40
03:35:00,Patrón_5,GANÓ,1.60,408.00
03:36:00,Patrón_1,PERDIÓ,-2.00,406.00
03:37:00,Patrón_5,PERDIÓ,-2.00,404.00
03:38:00,Patrón_1,GANÓ,1.60,405.60
03:39:00,Patrón_1,PERDIÓ,-2.00,403.60
03:40:00,Patrón_1,PERDIÓ,-2.00,401.60
03:41:00,Patrón_2,PERDIÓ,-2.00,399.60
03:42:00,Patrón_5,PERDIÓ,-2.00,397.60
03:43:00,Patrón_3,GANÓ,1.60,399.20
03:44:00,Patrón_1,PERDIÓ,-2.00,397.20
03:45:00,Patrón_5,PERDIÓ,-2.00,395.20
03:46:00,Patrón_3,PERDIÓ,-2.00,393.20
03:47:00,Patrón_4,GANÓ,1.60,394.80
03:48:00,Patrón_3,PERDIÓ,-2.00,392.80
03:49:00,Patrón_5,GANÓ,1.60,394.40
03:50:00,Patrón_3,PERDIÓ,-2.00,392.40
03:51:00,Patrón_3,GANÓ,1.60,394.00
03:52:00,Patrón_3,GANÓ,1.60,395.60
03:53:00,Patrón_5,GANÓ,1.60,397.20
03:54:00,Patrón_4,PERDIÓ,-2.00,395.20
03:55:00,Patrón_5,PERDIÓ,-2.00,393.20
03:56:00,Patrón_2,GANÓ,1.60,394.80
03:57:00,Patrón_3,GANÓ,1.60,396.40
03:58:00,Patrón_4,PERDIÓ,-2.00,394.40
03:59:00,Patrón_2,GANÓ,1.60,396.00
04:00:00,Patrón_3,GANÓ,1.60,397.60
04:01:00,Patrón_5,GANÓ,1.60,399.20
04:02:00,Patrón_3,GANÓ,1.60,400.80
04:03:00,Patrón_5,GANÓ,1.60,402.40
04:04:00,Patrón_4,GANÓ,1.60,404.00
04:05:00,Patrón_2,PERDIÓ,-2.00,402.00
04:06:00,Patrón_5,GANÓ,1.60,403.60
04:07:00,Patrón_5,GANÓ,1.60,405.20
04:08:00,Patrón_3,GANÓ,1.60,406.80
04:09:00,Patrón_2,GANÓ,1.60,408.40
04:10:00,Patrón_1,GANÓ,1.60,410.00
04:11:00,Patrón_5,PERDIÓ,-2.00,408.00
04:12:00,Patrón_2,GANÓ,1.60,409.60
04:13:00,Patrón_1,GANÓ,1.60,411.20
04:14:00,Patrón_2,PERDIÓ,-2.00,409.20
04:15:00,Patrón_4,GANÓ,1.60,410.80
04:16:00,Patrón_2,PERDIÓ,-2.00,408.80
04:17:00,Patrón_5,PERDIÓ,-2.00,406.80
04:18:00,Patrón_3,GANÓ,1.60,408.40
04:19:00,Patrón_4,GANÓ,1.60,410.00
04:20:00,Patrón_2,PERDIÓ,-2.00,408.00
04:21:00,Patrón_5,PERDIÓ,-2.00,406.00
04:22:00,Patrón_4,PERDIÓ,-2.00,404.00
04:23:00,Patrón_5,GANÓ,1.60,405.60
04:24:00,Patrón_5,GANÓ,1.60,407.20
04:25:00,Patrón_1,GANÓ,1.60,408.80
04:26:00,Patrón_4,PERDIÓ,-2.00,406.80
04:27:00,Patrón_5,GANÓ,1.60,408.40
04:28:00,Patrón_4,PERDIÓ,-2.00,406.40
04:29:00,Patrón_4,GANÓ,1.60,408.00
04:30:00,Patrón_1,PERDIÓ,-2.00,406.00
04:31:00,Patrón_3,PERDIÓ,-2.00,404.00
04:32:00,Patrón_3,GANÓ,1.60,405.60
04:33:00,Patrón_1,PERDIÓ,-2.00,403.60
04:34:00,Patrón_3,PERDIÓ,-2.00,401.60
04:35:00,Patrón_1,GANÓ,1.60,403.20
04:36:00,Patrón_5,PERDIÓ,-2.00,401.20
04:37:00,Patrón_4,PERDIÓ,-2.00,399.20
04:38:00,Patrón_2,PERDIÓ,-2.00,397.20
04:39:00,Patrón_3,GANÓ,1.60,398.80
04:40:00,Patrón_4,GANÓ,1.60,400.40
04:41:00,Patrón_5,PERDIÓ,-2.00,398.40
04:42:00,Patrón_1,GANÓ,1.60,400.00
04:43:00,Patrón_3,GANÓ,1.60,401.60
04:44:00,Patrón_5,GANÓ,1.60,403.20
04:45:00,Patrón_2,GANÓ,1.60,404.80
04:46:00,Patrón_5,PERDIÓ,-2.00,402.80
04:47:00,Patrón_5,PERDIÓ,-2.00,400.80
04:48:00,Patrón_3,GANÓ,1.60,402.40
04:49:00,Patrón_2,GANÓ,1.60,404.00
04:50:00,Patrón_4,GANÓ,1.60,405.60
04:51:00,Patrón_2,GANÓ,1.60,407.20
04:52:00,Patrón_2,PERDIÓ,-2.00,405.20
04:53:00,Patrón_3,GANÓ,1.60,406.80
04:54:00,Patrón_3,PERDIÓ,-2.00,404.80
04:55:00,Patrón_1,GANÓ,1.60,406.40
04:56:00,Patrón_4,GANÓ,1.60,408.00
04:57:00,Patrón_5,PERDIÓ,-2.00,406.00
04:58:00,Patrón_3,PERDIÓ,-2.00,404.00
04:59:00,Patrón_1,PERDIÓ,-2.00,402.00
05:00:00,Patrón_3,GANÓ,1.60,403.60
05:01:00,Patrón_4,GANÓ,1.60,405.20
05:02:00,Patrón_5,GANÓ,1.60,406.80
05:03:00,Patrón_3,PERDIÓ,-2.00,404.80
05:04:00,Patrón_5,GANÓ,1.60,406.40
05:05:00,Patrón_5,GANÓ,1.60,408.00
05:06:00,Patrón_4,GANÓ,1.60,409.60
05:07:00,Patrón_3,PERDIÓ,-2.00,407.60
05:08:00,Patrón_1,PERDIÓ,-2.00,405.60
05:09:00,Patrón_5,GANÓ,1.60,407.20
05:10:00,Patrón_4,PERDIÓ,-2.00,405.20
05:11:00,Patrón_2,GANÓ,1.60,406.80
05:12:00,Patrón_5,GANÓ,1.60,408.40
05:13:00,Patrón_1,GANÓ,1.60,410.00
05:14:00,Patrón_1,GANÓ,1.60,411.60
05:15:00,Patrón_5,GANÓ,1.60,413.20
05:16:00,Patrón_5,GANÓ,1.60,414.80
05:17:00,Patrón_2,PERDIÓ,-2.00,412.80
05:18:00,Patrón_2,GANÓ,1.60,414.40
05:19:00,Patrón_1,PERDIÓ,-2.00,412.40
05:20:00,Patrón_4,PERDIÓ,-2.00,410.40
05:21:00,Patrón_4,GANÓ,1.60,412.00
05:22:00,Patrón_3,GANÓ,1.60,413.60
05:23:00,Patrón_4,GANÓ,1.60,415.20
05:24:00,Patrón_1,GANÓ,1.60,416.80
05:25:00,Patrón_4,GANÓ,1.60,418.40
05:26:00,Patrón_4,PERDIÓ,-2.00,416.40
05:27:00,Patrón_1,PERDIÓ,-2.00,414.40
05:28:00,Patrón_2,GANÓ,1.60,416.00
05:29:00,Patrón_1,GANÓ,1.60,417.60
05:30:00,Patrón_2,GANÓ,1.60,419.20
05:31:00,Patrón_1,PERDIÓ,-2.00,417.20
05:32:00,Patrón_5,PERDIÓ,-2.00,415.20
05:33:00,Patrón_2,PERDIÓ,-2.00,413.20
05:34:00,Patrón_2,GANÓ,1.60,414.80
05:35:00,Patrón_5,PERDIÓ,-2.00,412.80
05:36:00,Patrón_4,PERDIÓ,-2.00,410.80
05:37:00,Patrón_5,PERDIÓ,-2.00,408.80
05:38:00,Patrón_1,GANÓ,1.60,410.40
05:39:00,Patrón_5,PERDIÓ,-2.00,408.40
05:40:00,Patrón_4,GANÓ,1.60,410.00
05:41:00,Patrón_5,PERDIÓ,-2.00,408.00
05:42:00,Patrón_5,PERDIÓ,-2.00,406.00
05:43:00,Patrón_2,GANÓ,1.60,407.60
05:44:00,Patrón_2,PERDIÓ,-2.00,405.60
05:45:00,Patrón_2,GANÓ,1.60,407.20
05:46:00,Patrón_2,PERDIÓ,-2.00,405.20
05:47:00,Patrón_1,GANÓ,1.60,406.80
05:48:00,Patrón_1,GANÓ,1.60,408.40
05:49:00,Patrón_3,GANÓ,1.60,410.00
05:50:00,Patrón_1,PERDIÓ,-2.00,408.00
05:51:00,Patrón_4,GANÓ,1.60,409.60
05:52:00,Patrón_5,GANÓ,1.60,411.20
05:53:00,Patrón_1,GANÓ,1.60,412.80
05:54:00,Patrón_3,GANÓ,1.60,414.40
05:55:00,Patrón_1,GANÓ,1.60,416.00
05:56:00,Patrón_4,PERDIÓ,-2.00,414.00
05:57:00,Patrón_1,PERDIÓ,-2.00,412.00
05:58:00,Patrón_4,GANÓ,1.60,413.60
05:59:00,Patrón_1,GANÓ,1.60,415.20
06:00:00,Patrón_3,GANÓ,1.60,416.80
06:01:00,Patrón_3,GANÓ,1.60,418.40
06:02:00,Patrón_1,PERDIÓ,-2.00,416.40
06:03:00,Patrón_3,GANÓ,1.60,418.00
06:04:00,Patrón_5,GANÓ,1.60,419.60
06:05:00,Patrón_2,PERDIÓ,-2.00,417.60
06:06:00,Patrón_4,GANÓ,1.60,419.20
06:07:00,Patrón_2,PERDIÓ,-2.00,417.20
06:08:00,Patrón_5,GANÓ,1.60,418.80
06:09:00,Patrón_3,PERDIÓ,-2.00,416.80
06:10:00,Patrón_1,PERDIÓ,-2.00,414.80
06:11:00,Patrón_2,GANÓ,1.60,416.40
06:12:00,Patrón_3,GANÓ,1.60,418.00
06:13:00,Patrón_3,PERDIÓ,-2.00,416.00
06:14:00,Patrón_2,PERDIÓ,-2.00,414.00
06:15:00,Patrón_3,PERDIÓ,-2.00,412.00
06:16:00,Patrón_1,PERDIÓ,-2.00,410.00
06:17:00,Patrón_2,GANÓ,1.60,411.60
06:18:00,Patrón_3,GANÓ,1.60,413.20
06:19:00,Patrón_4,PERDIÓ,-2.00,411.20
06:20:00,Patrón_4,GANÓ,1.60,412.80
06:21:00,Patrón_1,GANÓ,1.60,414.40
06:22:00,Patrón_5,PERDIÓ,-2.00,412.40
06:23:00,Patrón_5,GANÓ,1.60,414.00
06:24:00,Patrón_5,GANÓ,1.60,415.60
06:25:00,Patrón_3,GANÓ,1.60,417.20
06:26:00,Patrón_5,GANÓ,1.60,418.80
06:27:00,Patrón_3,PERDIÓ,-2.00,416.80
06:28:00,Patrón_1,GANÓ,1.60,418.40
06:29:00,Patrón_4,PERDIÓ,-2.00,416.40
06:30:00,Patrón_1,GANÓ,1.60,418.00
06:31:00,Patrón_2,GANÓ,1.60,419.60
06:32:00,Patrón_3,GANÓ,1.60,421.20
06:33:00,Patrón_3,GANÓ,1.60,422.80
06:34:00,Patrón_3,PERDIÓ,-2.00,420.80
06:35:00,Patrón_2,PERDIÓ,-2.00,418.80
06:36:00,Patrón_5,PERDIÓ,-2.00,416.80
06:37:00,Patrón_1,GANÓ,1.60,418.40
06:38:00,Patrón_3,PERDIÓ,-2.00,416.40
06:39:00,Patrón_1,PERDIÓ,-2.00,414.40
06:40:00,Patrón_3,GANÓ,1.60,416.00
06:41:00,Patrón_3,GANÓ,1.60,417.60
06:42:00,Patrón_2,PERDIÓ,-2.00,415.60
06:43:00,Patrón_1,GANÓ,1.60,417.20
06:44:00,Patrón_1,GANÓ,1.60,418.80
06:45:00,Patrón_2,PERDIÓ,-2.00,416.80
06:46:00,Patrón_5,PERDIÓ,-2.00,414.80
06:47:00,Patrón_3,GANÓ,1.60,416.40
06:48:00,Patrón_1,GANÓ,1.60,418.00
06:49:00,Patrón_3,GANÓ,1.60,419.60
06:50:00,Patrón_3,PERDIÓ,-2.00,417.60
06:51:00,Patrón_1,GANÓ,1.60,419.20
06:52:00,Patrón_2,PERDIÓ,-2.00,417.20
06:53:00,Patrón_2,PERDIÓ,-2.00,415.20
06:54:00,Patrón_3,PERDIÓ,-2.00,413.20
06:55:00,Patrón_4,GANÓ,1.60,414.80
06:56:00,Patrón_1,GANÓ,1.60,416.40
06:57:00,Patrón_2,GANÓ,1.60,418.00
06:58:00,Patrón_1,GANÓ,1.60,419.60
06:59:00,Patrón_2,GANÓ,1.60,421.20
07:00:00,Patrón_3,PERDIÓ,-2.00,419.20
07:01:00,Patrón_5,GANÓ,1.60,420.80
07:02:00,Patrón_5,GANÓ,1.60,422.40
07:03:00,Patrón_5,GANÓ,1.60,424.00
07:04:00,Patrón_3,PERDIÓ,-2.00,422.00
07:05:00,Patrón_1,GANÓ,1.60,423.60
07:06:00,Patrón_2,GANÓ,1.60,425.20
07:07:00,Patrón_1,GANÓ,1.60,426.80
07:08:00,Patrón_4,GANÓ,1.60,428.40
07:09:00,Patrón_3,GANÓ,1.60,430.00
07:10:00,Patrón_2,PERDIÓ,-2.00,428.00
07:11:00,Patrón_3,PERDIÓ,-2.00,426.00
07:12:00,Patrón_3,PERDIÓ,-2.00,424.00
07:13:00,Patrón_4,GANÓ,1.60,425.60
07:14:00,Patrón_4,GANÓ,1.60,427.20
07:15:00,Patrón_1,GANÓ,1.60,428.80
07:16:00,Patrón_3,GANÓ,1.60,430.40
07:17:00,Patrón_4,GANÓ,1.60,432.00
07:18:00,Patrón_5,PERDIÓ,-2.00,430.00
07:19:00,Patrón_3,PERDIÓ,-2.00,428.00
07:20:00,Patrón_1,GANÓ,1.60,429.60
07:21:00,Patrón_3,GANÓ,1.60,431.20
07:22:00,Patrón_3,PERDIÓ,-2.00,429.20
07:23:00,Patrón_3,PERDIÓ,-2.00,427.20
07:24:00,Patrón_2,GANÓ,1.60,428.80
07:25:00,Patrón_2,GANÓ,1.60,430.40
07:26:00,Patrón_3,GANÓ,1.60,432.00
07:27:00,Patrón_3,GANÓ,1.60,433.60
07:28:00,Patrón_5,GANÓ,1.60,435.20
07:29:00,Patrón_1,GANÓ,1.60,436.80
07:30:00,Patrón_2,PERDIÓ,-2.00,434.80
07:31:00,Patrón_2,GANÓ,1.60,436.40
07:32:00,Patrón_2,GANÓ,1.60,438.00
07:33:00,Patrón_4,GANÓ,1.60,439.60
07:34:00,Patrón_4,GANÓ,1.60,441.20
07:35:00,Patrón_2,GANÓ,1.60,442.80
07:36:00,Patrón_5,GANÓ,1.60,444.40
07:37:00,Patrón_5,GANÓ,1.60,446.00
07:38:00,Patrón_1,GANÓ,1.60,447.60
07:39:00,Patrón_3,GANÓ,1.60,449.20
07:40:00,Patrón_2,GANÓ,1.60,450.80
07:41:00,Patrón_3,GANÓ,1.60,452.40
07:42:00,Patrón_2,GANÓ,1.60,454.00
07:43:00,Patrón_3,PERDIÓ,-2.00,452.00
07:44:00,Patrón_1,PERDIÓ,-2.00,450.00
07:45:00,Patrón_1,GANÓ,1.60,451.60
07:46:00,Patrón_2,GANÓ,1.60,453.20
07:47:00,Patrón_4,PERDIÓ,-2.00,451.20
07:48:00,Patrón_4,PERDIÓ,-2.00,449.20
07:49:00,Patrón_4,PERDIÓ,-2.00,447.20
07:50:00,Patrón_3,GANÓ,1.60,448.80
07:51:00,Patrón_5,PERDIÓ,-2.00,446.80
07:52:00,Patrón_3,GANÓ,1.60,448.40
07:53:00,Patrón_2,PERDIÓ,-2.00,446.40
07:54:00,Patrón_3,PERDIÓ,-2.00,444.40
07:55:00,Patrón_5,GANÓ,1.60,446.00
07:56:00,Patrón_1,PERDIÓ,-2.00,444.00
07:57:00,Patrón_3,PERDIÓ,-2.00,442.00
07:58:00,Patrón_5,PERDIÓ,-2.00,440.00
07:59:00,Patrón_2,PERDIÓ,-2.00,438.00
08:00:00,Patrón_4,PERDIÓ,-2.00,436.00
08:01:00,Patrón_2,GANÓ,1.60,437.60
08:02:00,Patrón_2,PERDIÓ,-2.00,435.60
08:03:00,Patrón_2,GANÓ,1.60,437.20
08:04:00,Patrón_1,GANÓ,1.60,438.80
08:05:00,Patrón_4,PERDIÓ,-2.00,436.80
08:06:00,Patrón_2,GANÓ,1.60,438.40
08:07:00,Patrón_2,GANÓ,1.60,440.00
08:08:00,Patrón_3,GANÓ,1.60,441.60
08:09:00,Patrón_5,GANÓ,1.60,443.20
08:10:00,Patrón_1,PERDIÓ,-2.00,441.20
08:11:00,Patrón_3,PERDIÓ,-2.00,439.20
08:12:00,Patrón_1,GANÓ,1.60,440.80
08:13:00,Patrón_3,GANÓ,1.60,442.40
08:14:00,Patrón_2,GANÓ,1.60,444.00
08:15:00,Patrón_5,GANÓ,1.60,445.60
08:16:00,Patrón_3,PERDIÓ,-2.00,443.60
08:17:00,Patrón_1,PERDIÓ,-2.00,441.60
08:18:00,Patrón_1,PERDIÓ,-2.00,439.60
08:19:00,Patrón_2,PERDIÓ,-2.00,437.60
08:20:00,Patrón_1,GANÓ,1.60,439.20
08:21:00,Patrón_1,PERDIÓ,-2.00,437.20
08:22:00,Patrón_2,GANÓ,1.60,438.80
08:23:00,Patrón_1,PERDIÓ,-2.00,436.80
08:24:00,Patrón_1,GANÓ,1.60,438.40
08:25:00,Patrón_3,PERDIÓ,-2.00,436.40
08:26:00,Patrón_2,GANÓ,1.60,438.00
08:27:00,Patrón_5,GANÓ,1.60,439.60
08:28:00,Patrón_5,GANÓ,1.60,441.20
08:29:00,Patrón_1,GANÓ,1.60,442.80
08:30:00,Patrón_3,PERDIÓ,-2.00,440.80
08:31:00,Patrón_2,PERDIÓ,-2.00,438.80
08:32:00,Patrón_4,GANÓ,1.60,440.40
08:33:00,Patrón_4,PERDIÓ,-2.00,438.40
08:34:00,Patrón_2,PERDIÓ,-2.00,436.40
08:35:00,Patrón_5,PERDIÓ,-2.00,434.40
08:36:00,Patrón_4,GANÓ,1.60,436.00
08:37:00,Patrón_3,GANÓ,1.60,437.60
08:38:00,Patrón_1,PERDIÓ,-2.00,435.60
08:39:00,Patrón_3,PERDIÓ,-2.00,433.60
08:40:00,Patrón_3,GANÓ,1.60,435.20
08:41:00,Patrón_4,GANÓ,1.60,436.80
08:42:00,Patrón_5,GANÓ,1.60,438.40
08:43:00,Patrón_2,GANÓ,1.60,440.00
08:44:00,Patrón_1,GANÓ,1.60,441.60
08:45:00,Patrón_3,GANÓ,1.60,443.20
08:46:00,Patrón_3,PERDIÓ,-2.00,441.20
08:47:00,Patrón_4,GANÓ,1.60,442.80
08:48:00,Patrón_5,PERDIÓ,-2.00,440.80
08:49:00,Patrón_1,GANÓ,1.60,442.40
08:50:00,Patrón_3,PERDIÓ,-2.00,440.40
08:51:00,Patrón_4,PERDIÓ,-2.00,438.40
08:52:00,Patrón_2,PERDIÓ,-2.00,436.40
08:53:00,Patrón_1,PERDIÓ,-2.00,434.40
08:54:00,Patrón_5,GANÓ,1.60,436.00
08:55:00,Patrón_1,GANÓ,1.60,437.60
08:56:00,Patrón_4,GANÓ,1.60,439.20
08:57:00,Patrón_5,GANÓ,1.60,440.80
08:58:00,Patrón_1,PERDIÓ,-2.00,438.80
08:59:00,Patrón_4,GANÓ,1.60,440.40
09:00:00,Patrón_5,GANÓ,1.60,442.00
09:01:00,Patrón_3,GANÓ,1.60,443.60
09:02:00,Patrón_5,GANÓ,1.60,445.20
09:03:00,Patrón_5,GANÓ,1.60,446.80
09:04:00,Patrón_4,GANÓ,1.60,448.40
09:05:00,Patrón_2,GANÓ,1.60,450.00
09:06:00,Patrón_1,PERDIÓ,-2.00,448.00
09:07:00,Patrón_2,GANÓ,1.60,449.60
09:08:00,Patrón_3,PERDIÓ,-2.00,447.60
09:09:00,Patrón_5,GANÓ,1.60,449.20
09:10:00,Patrón_4,PERDIÓ,-2.00,447.20
09:11:00,Patrón_2,GANÓ,1.60,448.80
09:12:00,Patrón_2,PERDIÓ,-2.00,446.80
09:13:00,Patrón_2,GANÓ,1.60,448.40
09:14:00,Patrón_4,GANÓ,1.60,450.00
09:15:00,Patrón_1,PERDIÓ,-2.00,448.00
09:16:00,Patrón_4,GANÓ,1.60,449.60
09:17:00,Patrón_2,GANÓ,1.60,451.20
09:18:00,Patrón_3,PERDIÓ,-2.00,449.20
09:19:00,Patrón_1,GANÓ,1.60,450.80
09:20:00,Patrón_3,GANÓ,1.60,452.40
09:21:00,Patrón_2,PERDIÓ,-2.00,450.40
09:22:00,Patrón_4,GANÓ,1.60,452.00
09:23:00,Patrón_4,GANÓ,1.60,453.60
09:24:00,Patrón_5,GANÓ,1.60,455.20
09:25:00,Patrón_2,PERDIÓ,-2.00,453.20
09:26:00,Patrón_4,PERDIÓ,-2.00,451.20
09:27:00,Patrón_4,GANÓ,1.60,452.80
09:28:00,Patrón_4,GANÓ,1.60,454.40
09:29:00,Patrón_5,GANÓ,1.60,456.00
09:30:00,Patrón_4,PERDIÓ,-2.00,454.00
09:31:00,Patrón_3,PERDIÓ,-2.00,452.00
09:32:00,Patrón_3,GANÓ,1.60,453.60
09:33:00,Patrón_2,GANÓ,1.60,455.20
09:34:00,Patrón_5,GANÓ,1.60,456.80
09:35:00,Patrón_2,GANÓ,1.60,458.40
09:36:00,Patrón_4,GANÓ,1.60,460.00
09:37:00,Patrón_4,PERDIÓ,-2.00,458.00
09:38:00,Patrón_4,PERDIÓ,-2.00,456.00
09:39:00,Patrón_4,PERDIÓ,-2.00,454.00
09:40:00,Patrón_5,GANÓ,1.60,455.60
09:41:00,Patrón_4,GANÓ,1.60,457.20
09:42:00,Patrón_5,GANÓ,1.60,458.80
09:43:00,Patrón_4,PERDIÓ,-2.00,456.80
09:44:00,Patrón_4,GANÓ,1.60,458.40
09:45:00,Patrón_3,GANÓ,1.60,460.00
09:46:00,Patrón_2,GANÓ,1.60,461.60
09:47:00,Patrón_1,GANÓ,1.60,463.20
09:48:00,Patrón_3,GANÓ,1.60,464.80
09:49:00,Patrón_4,GANÓ,1.60,466.40
09:50:00,Patrón_2,GANÓ,1.60,468.00
09:51:00,Patrón_2,PERDIÓ,-2.00,466.00
09:52:00,Patrón_5,GANÓ,1.60,467.60
09:53:00,Patrón_4,PERDIÓ,-2.00,465.60
09:54:00,Patrón_5,GANÓ,1.60,467.20
09:55:00,Patrón_4,PERDIÓ,-2.00,465.20
09:56:00,Patrón_5,GANÓ,1.60,466.80
09:57:00,Patrón_2,GANÓ,1.60,468.40
09:58:00,Patrón_1,GANÓ,1.60,470.00
09:59:00,Patrón_1,GANÓ,1.60,471.60
10:00:00,Patrón_5,PERDIÓ,-2.00,469.60
10:01:00,Patrón_3,PERDIÓ,-2.00,467.60
10:02:00,Patrón_4,PERDIÓ,-2.00,465.60
10:03:00,Patrón_3,PERDIÓ,-2.00,463.60
10:04:00,Patrón_2,GANÓ,1.60,465.20
10:05:00,Patrón_3,GANÓ,1.60,466.80
10:06:00,Patrón_3,PERDIÓ,-2.00,464.80
10:07:00,Patrón_2,PERDIÓ,-2.00,462.80
10:08:00,Patrón_4,GANÓ,1.60,464.40
10:09:00,Patrón_5,GANÓ,1.60,466.00
10:10:00,Patrón_5,PERDIÓ,-2.00,464.00
10:11:00,Patrón_3,PERDIÓ,-2.00,462.00
10:12:00,Patrón_1,GANÓ,1.60,463.60
10:13:00,Patrón_1,GANÓ,1.60,465.20
10:14:00,Patrón_4,GANÓ,1.60,466.80
10:15:00,Patrón_5,PERDIÓ,-2.00,464.80
10:16:00,Patrón_3,GANÓ,1.60,466.40
10:17:00,Patrón_1,GANÓ,1.60,468.00
10:18:00,Patrón_5,GANÓ,1.60,469.60
10:19:00,Patrón_5,GANÓ,1.60,471.20
10:20:00,Patrón_1,PERDIÓ,-2.00,469.20
10:21:00,Patrón_1,PERDIÓ,-2.00,467.20
10:22:00,Patrón_3,PERDIÓ,-2.00,465.20
10:23:00,Patrón_1,PERDIÓ,-2.00,463.20
10:24:00,Patrón_5,GANÓ,1.60,464.80
10:25:00,Patrón_5,PERDIÓ,-2.00,462.80
10:26:00,Patrón_2,GANÓ,1.60,464.40
10:27:00,Patrón_1,GANÓ,1.60,466.00
10:28:00,Patrón_4,GANÓ,1.60,467.60
10:29:00,Patrón_5,GANÓ,1.60,469.20
10:30:00,Patrón_4,PERDIÓ,-2.00,467.20
10:31:00,Patrón_1,GANÓ,1.60,468.80
10:32:00,Patrón_2,PERDIÓ,-2.00,466.80
10:33:00,Patrón_5,PERDIÓ,-2.00,464.80
10:34:00,Patrón_4,PERDIÓ,-2.00,462.80
10:35:00,Patrón_5,PERDIÓ,-2.00,460.80
10:36:00,Patrón_1,GANÓ,1.60,462.40
10:37:00,Patrón_2,GANÓ,1.60,464.00
10:38:00,Patrón_4,GANÓ,1.60,465.60
10:39:00,Patrón_5,PERDIÓ,-2.00,463.60
10:40:00,Patrón_1,GANÓ,1.60,465.20
10:41:00,Patrón_2,GANÓ,1.60,466.80
10:42:00,Patrón_4,PERDIÓ,-2.00,464.80
10:43:00,Patrón_5,GANÓ,1.60,466.40
10:44:00,Patrón_3,GANÓ,1.60,468.00
10:45:00,Patrón_2,PERDIÓ,-2.00,466.00
10:46:00,Patrón_2,GANÓ,1.60,467.60
10:47:00,Patrón_5,GANÓ,1.60,469.20
10:48:00,Patrón_2,GANÓ,1.60,470.80
10:49:00,Patrón_3,GANÓ,1.60,472.40
10:50:00,Patrón_3,PERDIÓ,-2.00,470.40
10:51:00,Patrón_2,GANÓ,1.60,472.00
10:52:00,Patrón_1,GANÓ,1.60,473.60
10:53:00,Patrón_1,GANÓ,1.60,475.20
10:54:00,Patrón_1,GANÓ,1.60,476.80
10:55:00,Patrón_5,PERDIÓ,-2.00,474.80
10:56:00,Patrón_4,GANÓ,1.60,476.40
10:57:00,Patrón_2,PERDIÓ,-2.00,474.40
10:58:00,Patrón_1,PERDIÓ,-2.00,472.40
10:59:00,Patrón_5,GANÓ,1.60,474.00
11:00:00,Patrón_3,GANÓ,1.60,475.60
11:01:00,Patrón_2,PERDIÓ,-2.00,473.60
11:02:00,Patrón_1,GANÓ,1.60,475.20
11:03:00,Patrón_4,GANÓ,1.60,476.80
11:04:00,Patrón_5,PERDIÓ,-2.00,474.80
11:05:00,Patrón_2,PERDIÓ,-2.00,472.80
11:06:00,Patrón_5,PERDIÓ,-2.00,470.80
11:07:00,Patrón_5,PERDIÓ,-2.00,468.80
11:08:00,Patrón_2,PERDIÓ,-2.00,466.80
11:09:00,Patrón_2,PERDIÓ,-2.00,464.80
11:10:00,Patrón_2,GANÓ,1.60,466.40
11:11:00,Patrón_3,PERDIÓ,-2.00,464.40
11:12:00,Patrón_1,PERDIÓ,-2.00,462.40
11:13:00,Patrón_2,PERDIÓ,-2.00,460.40
11:14:00,Patrón_5,PERDIÓ,-2.00,458.40
11:15:00,Patrón_5,PERDIÓ,-2.00,456.40
11:16:00,Patrón_5,GANÓ,1.60,458.00
11:17:00,Patrón_1,GANÓ,1.60,459.60
11:18:00,Patrón_2,GANÓ,1.60,461.20
11:19:00,Patrón_1,GANÓ,1.60,462.80
11:20:00,Patrón_3,PERDIÓ,-2.00,460.80
11:21:00,Patrón_1,PERDIÓ,-2.00,458.80
11:22:00,Patrón_2,GANÓ,1.60,460.40
11:23:00,Patrón_1,PERDIÓ,-2.00,458.40
11:24:00,Patrón_2,GANÓ,1.60,460.00
11:25:00,Patrón_4,PERDIÓ,-2.00,458.00
11:26:00,Patrón_3,GANÓ,1.60,459.60
11:27:00,Patrón_3,GANÓ,1.60,461.20
11:28:00,Patrón_3,PERDIÓ,-2.00,459.20
11:29:00,Patrón_2,GANÓ,1.60,460.80
11:30:00,Patrón_3,GANÓ,1.60,462.40
11:31:00,Patrón_1,PERDIÓ,-2.00,460.40
11:32:00,Patrón_4,PERDIÓ,-2.00,458.40
11:33:00,Patrón_3,PERDIÓ,-2.00,456.40
11:34:00,Patrón_3,PERDIÓ,-2.00,454.40
11:35:00,Patrón_4,GANÓ,1.60,456.00
11:36:00,Patrón_1,GANÓ,1.60,457.60
11:37:00,Patrón_3,GANÓ,1.60,459.20
11:38:00,Patrón_4,PERDIÓ,-2.00,457.20
11:39:00,Patrón_5,GANÓ,1.60,458.80
11:40:00,Patrón_5,GANÓ,1.60,460.40
11:41:00,Patrón_3,PERDIÓ,-2.00,458.40
11:42:00,Patrón_3,PERDIÓ,-2.00,456.40
11:43:00,Patrón_1,PERDIÓ,-2.00,454.40
11:44:00,Patrón_3,GANÓ,1.60,456.00
11:45:00,Patrón_1,GANÓ,1.60,457.60
11:46:00,Patrón_3,GANÓ,1.60,459.20
11:47:00,Patrón_5,GANÓ,1.60,460.80
11:48:00,Patrón_1,GANÓ,1.60,462.40
11:49:00,Patrón_5,GANÓ,1.60,464.00
11:50:00,Patrón_2,PERDIÓ,-2.00,462.00
11:51:00,Patrón_4,GANÓ,1.60,463.60
11:52:00,Patrón_5,GANÓ,1.60,465.20
11:53:00,Patrón_1,GANÓ,1.60,466.80
11:54:00,Patrón_5,GANÓ,1.60,468.40
11:55:00,Patrón_4,GANÓ,1.60,470.00
11:56:00,Patrón_4,GANÓ,1.60,471.60
11:57:00,Patrón_3,GANÓ,1.60,473.20
11:58:00,Patrón_3,PERDIÓ,-2.00,471.20
11:59:00,Patrón_4,GANÓ,1.60,472.80
12:00:00,Patrón_3,GANÓ,1.60,474.40
12:01:00,Patrón_5,GANÓ,1.60,476.00
12:02:00,Patrón_5,PERDIÓ,-2.00,474.00
12:03:00,Patrón_4,GANÓ,1.60,475.60
12:04:00,Patrón_2,GANÓ,1.60,477.20
12:05:00,Patrón_5,GANÓ,1.60,478.80
12:06:00,Patrón_5,PERDIÓ,-2.00,476.80
12:07:00,Patrón_5,GANÓ,1.60,478.40
12:08:00,Patrón_1,PERDIÓ,-2.00,476.40
12:09:00,Patrón_3,GANÓ,1.60,478.00
12:10:00,Patrón_3,PERDIÓ,-2.00,476.00
12:11:00,Patrón_4,GANÓ,1.60,477.60
12:12:00,Patrón_2,PERDIÓ,-2.00,475.60
12:13:00,Patrón_2,PERDIÓ,-2.00,473.60
12:14:00,Patrón_2,GANÓ,1.60,475.20
12:15:00,Patrón_2,GANÓ,1.60,476.80
12:16:00,Patrón_2,GANÓ,1.60,478.40
12:17:00,Patrón_3,GANÓ,1.60,480.00
12:18:00,Patrón_2,GANÓ,1.60,481.60
12:19:00,Patrón_1,GANÓ,1.60,483.20
12:20:00,Patrón_4,GANÓ,1.60,484.80
12:21:00,Patrón_4,GANÓ,1.60,486.40
12:22:00,Patrón_5,GANÓ,1.60,488.00
12:23:00,Patrón_2,GANÓ,1.60,489.60
12:24:00,Patrón_3,GANÓ,1.60,491.20
12:25:00,Patrón_3,GANÓ,1.60,492.80
12:26:00,Patrón_1,PERDIÓ,-2.00,490.80
12:27:00,Patrón_5,PERDIÓ,-2.00,488.80
12:28:00,Patrón_4,PERDIÓ,-2.00,486.80
12:29:00,Patrón_5,PERDIÓ,-2.00,484.80
12:30:00,Patrón_1,GANÓ,1.60,486.40
12:31:00,Patrón_2,GANÓ,1.60,488.00
12:32:00,Patrón_2,GANÓ,1.60,489.60
12:33:00,Patrón_3,PERDIÓ,-2.00,487.60
12:34:00,Patrón_2,PERDIÓ,-2.00,485.60
12:35:00,Patrón_5,GANÓ,1.60,487.20
12:36:00,Patrón_5,PERDIÓ,-2.00,485.20
12:37:00,Patrón_1,GANÓ,1.60,486.80
12:38:00,Patrón_5,PERDIÓ,-2.00,484.80
12:39:00,Patrón_3,PERDIÓ,-2.00,482.80
12:40:00,Patrón_5,GANÓ,1.60,484.40
12:41:00,Patrón_5,PERDIÓ,-2.00,482.40
12:42:00,Patrón_2,GANÓ,1.60,484.00
12:43:00,Patrón_3,PERDIÓ,-2.00,482.00
12:44:00,Patrón_4,GANÓ,1.60,483.60
12:45:00,Patrón_3,GANÓ,1.60,485.20
12:46:00,Patrón_1,GANÓ,1.60,486.80
12:47:00,Patrón_5,PERDIÓ,-2.00,484.80
12:48:00,Patrón_2,GANÓ,1.60,486.40
12:49:00,Patrón_4,GANÓ,1.60,488.00
12:50:00,Patrón_1,GANÓ,1.60,489.60
12:51:00,Patrón_2,GANÓ,1.60,491.20
12:52:00,Patrón_2,PERDIÓ,-2.00,489.20
12:53:00,Patrón_1,GANÓ,1.60,490.80
12:54:00,Patrón_4,PERDIÓ,-2.00,488.80
12:55:00,Patrón_1,GANÓ,1.60,490.40
12:56:00,Patrón_2,PERDIÓ,-2.00,488.40
12:57:00,Patrón_5,GANÓ,1.60,490.00
12:58:00,Patrón_1,GANÓ,1.60,491.60
12:59:00,Patrón_1,GANÓ,1.60,493.20
01:00:00,Patrón_4,GANÓ,1.60,494.80
01:01:00,Patrón_3,GANÓ,1.60,496.40
01:02:00,Patrón_2,PERDIÓ,-2.00,494.40
01:03:00,Patrón_3,PERDIÓ,-2.00,492.40
01:04:00,Patrón_5,GANÓ,1.60,494.00
01:05:00,Patrón_2,GANÓ,1.60,495.60
01:06:00,Patrón_3,PERDIÓ,-2.00,493.60
01:07:00,Patrón_2,PERDIÓ,-2.00,491.60
01:08:00,Patrón_4,PERDIÓ,-2.00,489.60
01:09:00,Patrón_1,GANÓ,1.60,491.20
01:10:00,Patrón_5,GANÓ,1.60,492.80
01:11:00,Patrón_5,PERDIÓ,-2.00,490.80
01:12:00,Patrón_3,GANÓ,1.60,492.40
01:13:00,Patrón_3,GANÓ,1.60,494.00
01:14:00,Patrón_3,GANÓ,1.60,495.60
01:15:00,Patrón_4,GANÓ,1.60,497.20
01:16:00,Patrón_5,GANÓ,1.60,498.80
01:17:00,Patrón_2,PERDIÓ,-2.00,496.80
01:18:00,Patrón_5,GANÓ,1.60,498.40
01:19:00,Patrón_4,GANÓ,1.60,500.00
01:20:00,Patrón_5,GANÓ,1.60,501.60
01:21:00,Patrón_2,PERDIÓ,-2.00,499.60
01:22:00,Patrón_1,GANÓ,1.60,501.20
01:23:00,Patrón_2,GANÓ,1.60,502.80
01:24:00,Patrón_2,PERDIÓ,-2.00,500.80
01:25:00,Patrón_3,GANÓ,1.60,502.40
01:26:00,Patrón_2,GANÓ,1.60,504.00
01:27:00,Patrón_2,GANÓ,1.60,505.60
01:28:00,Patrón_5,GANÓ,1.60,507.20
01:29:00,Patrón_2,GANÓ,1.60,508.80
01:30:00,Patrón_4,PERDIÓ,-2.00,506.80
01:31:00,Patrón_5,PERDIÓ,-2.00,504.80
01:32:00,Patrón_1,PERDIÓ,-2.00,502.80
01:33:00,Patrón_3,GANÓ,1.60,504.40
01:34:00,Patrón_4,GANÓ,1.60,506.00
01:35:00,Patrón_5,GANÓ,1.60,507.60
01:36:00,Patrón_4,GANÓ,1.60,509.20
01:37:00,Patrón_4,PERDIÓ,-2.00,507.20
01:38:00,Patrón_3,GANÓ,1.60,508.80
01:39:00,Patrón_3,GANÓ,1.60,510.40