Hora,Patron,Resultado,Ganancia,Saldo
09:00:00,Patrón_3,PERDIÓ,-3.00,197.00
09:01:00,Patrón_5,GANÓ,2.40,199.40
09:02:00,Patrón_1,GANÓ,2.40,201.80
09:03:00,Patrón_4,GANÓ,2.40,204.20
09:04:00,Patrón_2,PERDIÓ,-3.00,201.20
09:05:00,Patrón_4,GANÓ,2.40,203.60
09:06:00,Patrón_5,GANÓ,2.40,206.00
09:07:00,Patrón_2,GANÓ,2.40,208.40
09:08:00,Patrón_2,GANÓ,2.40,210.80
09:09:00,Patrón_3,GANÓ,2.40,213.20
09:10:00,Patrón_2,GANÓ,2.40,215.60
09:11:00,Patrón_1,PERDIÓ,-3.00,212.60
09:12:00,Patrón_5,PERDIÓ,-3.00,209.60
09:13:00,Patrón_1,GANÓ,2.40,212.00
09:14:00,Patrón_4,GANÓ,2.40,214.40
09:15:00,Patrón_1,PERDIÓ,-3.00,211.40
09:16:00,Patrón_5,GANÓ,2.40,213.80
09:17:00,Patrón_5,GANÓ,2.40,216.20
09:18:00,Patrón_1,PERDIÓ,-3.00,213.20
09:19:00,Patrón_1,GANÓ,2.40,215.60
09:20:00,Patrón_4,GANÓ,2.40,218.00
09:21:00,Patrón_2,GANÓ,2.40,220.40
09:22:00,Patrón_5,GANÓ,2.40,222.80
09:23:00,Patrón_2,PERDIÓ,-3.00,219.80
09:24:00,Patrón_1,PERDIÓ,-3.00,216.80
09:25:00,Patrón_1,GANÓ,2.40,219.20
09:26:00,Patrón_1,GANÓ,2.40,221.60
09:27:00,Patrón_3,GANÓ,2.40,224.00
09:28:00,Patrón_5,PERDIÓ,-3.00,221.00
09:29:00,Patrón_3,GANÓ,2.40,223.40
09:30:00,Patrón_2,GANÓ,2.40,225.80
09:31:00,Patrón_3,GANÓ,2.40,228.20
09:32:00,Patrón_5,PERDIÓ,-3.00,225.20
09:33:00,Patrón_1,PERDIÓ,-3.00,222.20
09:34:00,Patrón_2,GANÓ,2.40,224.60
09:35:00,Patrón_1,GANÓ,2.40,227.00
09:36:00,Patrón_4,GANÓ,2.40,229.40
09:37:00,Patrón_4,GANÓ,2.40,231.80
09:38:00,Patrón_3,GANÓ,2.40,234.20
09:39:00,Patrón_2,GANÓ,2.40,236.60
09:40:00,Patrón_2,PERDIÓ,-3.00,233.60
09:41:00,Patrón_4,GANÓ,2.40,236.00
09:42:00,Patrón_4,PERDIÓ,-3.00,233.00
09:43:00,Patrón_3,GANÓ,2.40,235.40
09:44:00,Patrón_4,GANÓ,2.40,237.80
09:45:00,Patrón_5,PERDIÓ,-3.00,234.80
09:46:00,Patrón_5,PERDIÓ,-3.00,231.80
09:47:00,Patrón_4,GANÓ,2.40,234.20
09:48:00,Patrón_5,GANÓ,2.40,236.60
09:49:00,Patrón_5,GANÓ,2.40,239.00
09:50:00,Patrón_5,GANÓ,2.40,241.40
09:51:00,Patrón_5,GANÓ,2.40,243.80
09:52:00,Patrón_5,PERDIÓ,-3.00,240.80
09:53:00,Patrón_3,GANÓ,2.40,243.20
09:54:00,Patrón_4,GANÓ,2.40,245.60
09:55:00,Patrón_5,GANÓ,2.40,248.00
09:56:00,Patrón_2,PERDIÓ,-3.00,245.00
09:57:00,Patrón_3,GANÓ,2.40,247.40
09:58:00,Patrón_1,GANÓ,2.40,249.80
09:59:00,Patrón_4,PERDIÓ,-3.00,246.80
10:00:00,Patrón_2,PERDIÓ,-3.00,243.80
10:01:00,Patrón_4,GANÓ,2.40,246.20
10:02:00,Patrón_5,GANÓ,2.40,248.60
10:03:00,Patrón_4,GANÓ,2.40,251.00
10:04:00,Patrón_4,PERDIÓ,-3.00,248.00
10:05:00,Patrón_4,GANÓ,2.40,250.40
10:06:00,Patrón_3,GANÓ,2.40,252.80
10:07:00,Patrón_2,PERDIÓ,-3.00,249.80
10:08:00,Patrón_1,GANÓ,2.40,252.20
10:09:00,Patrón_2,GANÓ,2.40,254.60
10:10:00,Patrón_1,PERDIÓ,-3.00,251.60
10:11:00,Patrón_4,PERDIÓ,-3.00,248.60
10:12:00,Patrón_1,GANÓ,2.40,251.00
10:13:00,Patrón_1,PERDIÓ,-3.00,248.00
10:14:00,Patrón_5,GANÓ,2.40,250.40
10:15:00,Patrón_2,PERDIÓ,-3.00,247.40
10:16:00,Patrón_2,GANÓ,2.40,249.80
10:17:00,Patrón_2,GANÓ,2.40,252.20
10:18:00,Patrón_1,GANÓ,2.40,254.60
10:19:00,Patrón_5,PERDIÓ,-3.00,251.60
10:20:00,Patrón_3,GANÓ,2.40,254.00
10:21:00,Patrón_4,PERDIÓ,-3.00,251.00
10:22:00,Patrón_5,PERDIÓ,-3.00,248.00
10:23:00,Patrón_2,GANÓ,2.40,250.40
10:24:00,Patrón_4,PERDIÓ,-3.00,247.40
10:25:00,Patrón_2,PERDIÓ,-3.00,244.40
10:26:00,Patrón_5,PERDIÓ,-3.00,241.40
10:27:00,Patrón_1,PERDIÓ,-3.00,238.40
10:28:00,Patrón_3,GANÓ,2.40,240.80
10:29:00,Patrón_4,GANÓ,2.40,243.20
10:30:00,Patrón_3,GANÓ,2.40,245.60
10:31:00,Patrón_1,GANÓ,2.40,248.00
10:32:00,Patrón_4,PERDIÓ,-3.00,245.00
10:33:00,Patrón_4,PERDIÓ,-3.00,242.00
10:34:00,Patrón_4,GANÓ,2.40,244.40
10:35:00,Patrón_1,GANÓ,2.40,246.80
10:36:00,Patrón_4,GANÓ,2.40,249.20
10:37:00,Patrón_3,PERDIÓ,-3.00,246.20
10:38:00,Patrón_5,GANÓ,2.40,248.60
10:39:00,Patrón_4,GANÓ,2.40,251.00
10:40:00,Patrón_4,GANÓ,2.40,253.40
10:41:00,Patrón_4,PERDIÓ,-3.00,250.40
10:42:00,Patrón_4,GANÓ,2.40,252.80
10:43:00,Patrón_3,PERDIÓ,-3.00,249.80
10:44:00,Patrón_1,GANÓ,2.40,252.20
10:45:00,Patrón_5,GANÓ,2.40,254.60
10:46:00,Patrón_2,PERDIÓ,-3.00,251.60
10:47:00,Patrón_3,GANÓ,2.40,254.00
10:48:00,Patrón_2,PERDIÓ,-3.00,251.00
10:49:00,Patrón_3,PERDIÓ,-3.00,248.00
10:50:00,Patrón_3,GANÓ,2.40,250.40
10:51:00,Patrón_1,PERDIÓ,-3.00,247.40
10:52:00,Patrón_2,GANÓ,2.40,249.80
10:53:00,Patrón_4,PERDIÓ,-3.00,246.80
10:54:00,Patrón_4,PERDIÓ,-3.00,243.80
10:55:00,Patrón_2,GANÓ,2.40,246.20
10:56:00,Patrón_5,GANÓ,2.40,248.60
10:57:00,Patrón_3,GANÓ,2.40,251.00
10:58:00,Patrón_5,GANÓ,2.40,253.40
10:59:00,Patrón_1,GANÓ,2.40,255.80
11:00:00,Patrón_3,GANÓ,2.40,258.20
11:01:00,Patrón_3,GANÓ,2.40,260.60
11:02:00,Patrón_4,PERDIÓ,-3.00,257.60
11:03:00,Patrón_4,GANÓ,2.40,260.00
11:04:00,Patrón_2,GANÓ,2.40,262.40
11:05:00,Patrón_4,PERDIÓ,-3.00,259.40
11:06:00,Patrón_5,GANÓ,2.40,261.80
11:07:00,Patrón_4,GANÓ,2.40,264.20
11:08:00,Patrón_4,GANÓ,2.40,266.60
11:09:00,Patrón_1,GANÓ,2.40,269.00
11:10:00,Patrón_5,GANÓ,2.40,271.40
11:11:00,Patrón_1,GANÓ,2.40,273.80
11:12:00,Patrón_2,GANÓ,2.40,276.20
11:13:00,Patrón_4,GANÓ,2.40,278.60
11:14:00,Patrón_5,GANÓ,2.40,281.00
11:15:00,Patrón_4,GANÓ,2.40,283.40
11:16:00,Patrón_3,GANÓ,2.40,285.80
11:17:00,Patrón_3,PERDIÓ,-3.00,282.80
11:18:00,Patrón_3,PERDIÓ,-3.00,279.80
11:19:00,Patrón_3,PERDIÓ,-3.00,276.80
11:20:00,Patrón_3,PERDIÓ,-3.00,273.80
11:21:00,Patrón_2,PERDIÓ,-3.00,270.80
11:22:00,Patrón_2,PERDIÓ,-3.00,267.80
11:23:00,Patrón_3,GANÓ,2.40,270.20
11:24:00,Patrón_2,PERDIÓ,-3.00,267.20
11:25:00,Patrón_1,GANÓ,2.40,269.60
11:26:00,Patrón_2,PERDIÓ,-3.00,266.60
11:27:00,Patrón_3,GANÓ,2.40,269.00
11:28:00,Patrón_3,GANÓ,2.40,271.40
11:29:00,Patrón_1,GANÓ,2.40,273.80
11:30:00,Patrón_5,PERDIÓ,-3.00,270.80
11:31:00,Patrón_5,GANÓ,2.40,273.20
11:32:00,Patrón_4,GANÓ,2.40,275.60
11:33:00,Patrón_1,PERDIÓ,-3.00,272.60
11:34:00,Patrón_4,GANÓ,2.40,275.00
11:35:00,Patrón_4,PERDIÓ,-3.00,272.00
11:36:00,Patrón_3,GANÓ,2.40,274.40
11:37:00,Patrón_1,GANÓ,2.40,276.80
11:38:00,Patrón_5,PERDIÓ,-3.00,273.80
11:39:00,Patrón_5,GANÓ,2.40,276.20
11:40:00,Patrón_2,GANÓ,2.40,278.60
11:41:00,Patrón_3,PERDIÓ,-3.00,275.60
11:42:00,Patrón_1,PERDIÓ,-3.00,272.60
11:43:00,Patrón_5,GANÓ,2.40,275.00
11:44:00,Patrón_5,PERDIÓ,-3.00,272.00
11:45:00,Patrón_5,GANÓ,2.40,274.40
11:46:00,Patrón_3,PERDIÓ,-3.00,271.40
11:47:00,Patrón_4,PERDIÓ,-3.00,268.40
11:48:00,Patrón_5,PERDIÓ,-3.00,265.40
11:49:00,Patrón_5,GANÓ,2.40,267.80
11:50:00,Patrón_1,PERDIÓ,-3.00,264.80
11:51:00,Patrón_5,GANÓ,2.40,267.20
11:52:00,Patrón_1,GANÓ,2.40,269.60
11:53:00,Patrón_3,PERDIÓ,-3.00,266.60
11:54:00,Patrón_1,GANÓ,2.40,269.00
11:55:00,Patrón_5,PERDIÓ,-3.00,266.00
11:56:00,Patrón_5,GANÓ,2.40,268.40
11:57:00,Patrón_1,GANÓ,2.40,270.80
11:58:00,Patrón_3,GANÓ,2.40,273.20
11:59:00,Patrón_2,GANÓ,2.40,275.60
12:00:00,Patrón_4,GANÓ,2.40,278.00
12:01:00,Patrón_5,GANÓ,2.40,280.40
12:02:00,Patrón_2,PERDIÓ,-3.00,277.40
12:03:00,Patrón_2,GANÓ,2.40,279.80
12:04:00,Patrón_3,GANÓ,2.40,282.20
12:05:00,Patrón_3,GANÓ,2.40,284.60
12:06:00,Patrón_5,PERDIÓ,-3.00,281.60
12:07:00,Patrón_5,GANÓ,2.40,284.00
12:08:00,Patrón_2,GANÓ,2.40,286.40
12:09:00,Patrón_2,PERDIÓ,-3.00,283.40
12:10:00,Patrón_5,GANÓ,2.40,285.80
12:11:00,Patrón_4,GANÓ,2.40,288.20
12:12:00,Patrón_4,GANÓ,2.40,290.60
12:13:00,Patrón_1,GANÓ,2.40,293.00
12:14:00,Patrón_3,PERDIÓ,-3.00,290.00
12:15:00,Patrón_5,PERDIÓ,-3.00,287.00
12:16:00,Patrón_3,GANÓ,2.40,289.40
12:17:00,Patrón_2,GANÓ,2.40,291.80
12:18:00,Patrón_4,GANÓ,2.40,294.20
12:19:00,Patrón_3,PERDIÓ,-3.00,291.20
12:20:00,Patrón_4,GANÓ,2.40,293.60
12:21:00,Patrón_2,PERDIÓ,-3.00,290.60
12:22:00,Patrón_5,PERDIÓ,-3.00,287.60
12:23:00,Patrón_3,PERDIÓ,-3.00,284.60
12:24:00,Patrón_2,GANÓ,2.40,287.00
12:25:00,Patrón_2,GANÓ,2.40,289.40
12:26:00,Patrón_4,GANÓ,2.40,291.80
12:27:00,Patrón_3,PERDIÓ,-3.00,288.80
12:28:00,Patrón_2,PERDIÓ,-3.00,285.80
12:29:00,Patrón_4,GANÓ,2.40,288.20
12:30:00,Patrón_5,GANÓ,2.40,290.60
12:31:00,Patrón_2,GANÓ,2.40,293.00
12:32:00,Patrón_3,PERDIÓ,-3.00,290.00
12:33:00,Patrón_3,PERDIÓ,-3.00,287.00
12:34:00,Patrón_1,PERDIÓ,-3.00,284.00
12:35:00,Patrón_1,GANÓ,2.40,286.40
12:36:00,Patrón_5,GANÓ,2.40,288.80
12:37:00,Patrón_1,GANÓ,2.40,291.20
12:38:00,Patrón_1,PERDIÓ,-3.00,288.20
12:39:00,Patrón_4,GANÓ,2.40,290.60
12:40:00,Patrón_5,PERDIÓ,-3.00,287.60
12:41:00,Patrón_5,GANÓ,2.40,290.00
12:42:00,Patrón_5,GANÓ,2.40,292.40
12:43:00,Patrón_2,GANÓ,2.40,294.80
12:44:00,Patrón_3,GANÓ,2.40,297.20
12:45:00,Patrón_5,GANÓ,2.40,299.60
12:46:00,Patrón_2,GANÓ,2.40,302.00
12:47:00,Patrón_5,GANÓ,2.40,304.40
12:48:00,Patrón_3,PERDIÓ,-3.00,301.40
12:49:00,Patrón_3,PERDIÓ,-3.00,298.40
12:50:00,Patrón_3,PERDIÓ,-3.00,295.40
12:51:00,Patrón_5,GANÓ,2.40,297.80
12:52:00,Patrón_5,PERDIÓ,-3.00,294.80
12:53:00,Patrón_2,GANÓ,2.40,297.20
12:54:00,Patrón_4,PERDIÓ,-3.00,294.20
12:55:00,Patrón_4,GANÓ,2.40,296.60
12:56:00,Patrón_5,GANÓ,2.40,299.00
12:57:00,Patrón_2,PERDIÓ,-3.00,296.00
12:58:00,Patrón_4,GANÓ,2.40,298.40
12:59:00,Patrón_3,PERDIÓ,-3.00,295.40
01:00:00,Patrón_4,PERDIÓ,-3.00,292.40
01:01:00,Patrón_3,GANÓ,2.40,294.80
01:02:00,Patrón_4,GANÓ,2.40,297.20
01:03:00,Patrón_5,PERDIÓ,-3.00,294.20
01:04:00,Patrón_4,PERDIÓ,-3.00,291.20
01:05:00,Patrón_2,PERDIÓ,-3.00,288.20
01:06:00,Patrón_4,GANÓ,2.40,290.60
01:07:00,Patrón_1,PERDIÓ,-3.00,287.60
01:08:00,Patrón_4,PERDIÓ,-3.00,284.60
01:09:00,Patrón_1,GANÓ,2.40,287.00
01:10:00,Patrón_4,GANÓ,2.40,289.40
01:11:00,Patrón_4,GANÓ,2.40,291.80
01:12:00,Patrón_2,PERDIÓ,-3.00,288.80
01:13:00,Patrón_1,GANÓ,2.40,291.20
01:14:00,Patrón_3,PERDIÓ,-3.00,288.20
01:15:00,Patrón_5,PERDIÓ,-3.00,285.20
01:16:00,Patrón_3,GANÓ,2.40,287.60
01:17:00,Patrón_4,PERDIÓ,-3.00,284.60
01:18:00,Patrón_4,PERDIÓ,-3.00,281.60
01:19:00,Patrón_5,GANÓ,2.40,284.00
01:20:00,Patrón_3,GANÓ,2.40,286.40
01:21:00,Patrón_1,PERDIÓ,-3.00,283.40
01:22:00,Patrón_5,GANÓ,2.40,285.80
01:23:00,Patrón_5,PERDIÓ,-3.00,282.80
01:24:00,Patrón_5,GANÓ,2.40,285.20
01:25:00,Patrón_1,GANÓ,2.40,287.60
01:26:00,Patrón_4,PERDIÓ,-3.00,284.60
01:27:00,Patrón_4,GANÓ,2.40,287.00
01:28:00,Patrón_1,GANÓ,2.40,289.40
01:29:00,Patrón_5,GANÓ,2.40,291.80
01:30:00,Patrón_5,GANÓ,2.40,294.20
01:31:00,Patrón_2,GANÓ,2.40,296.60
01:32:00,Patrón_5,GANÓ,2.40,299.00
01:33:00,Patrón_3,PERDIÓ,-3.00,296.00
01:34:00,Patrón_3,GANÓ,2.40,298.40
01:35:00,Patrón_4,GANÓ,2.40,300.80
01:36:00,Patrón_5,PERDIÓ,-3.00,297.80
01:37:00,Patrón_5,PERDIÓ,-3.00,294.80
01:38:00,Patrón_4,GANÓ,2.40,297.20
01:39:00,Patrón_2,PERDIÓ,-3.00,294.20
01:40:00,Patrón_3,GANÓ,2.40,296.60
01:41:00,Patrón_5,PERDIÓ,-3.00,293.60
01:42:00,Patrón_2,GANÓ,2.40,296.00
01:43:00,Patrón_4,GANÓ,2.40,298.40
01:44:00,Patrón_1,PERDIÓ,-3.00,295.40
01:45:00,Patrón_5,GANÓ,2.40,297.80
01:46:00,Patrón_4,GANÓ,2.40,300.20
01:47:00,Patrón_4,GANÓ,2.40,302.60
01:48:00,Patrón_5,PERDIÓ,-3.00,299.60
01:49:00,Patrón_2,GANÓ,2.40,302.00
01:50:00,Patrón_2,GANÓ,2.40,304.40
01:51:00,Patrón_4,PERDIÓ,-3.00,301.40
01:52:00,Patrón_2,GANÓ,2.40,303.80
01:53:00,Patrón_1,GANÓ,2.40,306.20
01:54:00,Patrón_4,PERDIÓ,-3.00,303.20
01:55:00,Patrón_3,PERDIÓ,-3.00,300.20
01:56:00,Patrón_4,PERDIÓ,-3.00,297.20
01:57:00,Patrón_4,GANÓ,2.40,299.60
01:58:00,Patrón_1,PERDIÓ,-3.00,296.60
01:59:00,Patrón_3,GANÓ,2.40,299.00
02:00:00,Patrón_1,GANÓ,2.40,301.40
02:01:00,Patrón_5,PERDIÓ,-3.00,298.40
02:02:00,Patrón_5,GANÓ,2.40,300.80
02:03:00,Patrón_1,GANÓ,2.40,303.20
02:04:00,Patrón_4,PERDIÓ,-3.00,300.20
02:05:00,Patrón_1,GANÓ,2.40,302.60
02:06:00,Patrón_4,GANÓ,2.40,305.00
02:07:00,Patrón_5,GANÓ,2.40,307.40
02:08:00,Patrón_1,GANÓ,2.40,309.80
02:09:00,Patrón_3,GANÓ,2.40,312.20
02:10:00,Patrón_3,PERDIÓ,-3.00,309.20
02:11:00,Patrón_5,GANÓ,2.40,311.60
02:12:00,Patrón_1,PERDIÓ,-3.00,308.60
02:13:00,Patrón_1,GANÓ,2.40,311.00
02:14:00,Patrón_5,PERDIÓ,-3.00,308.00
02:15:00,Patrón_1,GANÓ,2.40,310.40
02:16:00,Patrón_4,PERDIÓ,-3.00,307.40
02:17:00,Patrón_2,PERDIÓ,-3.00,304.40
02:18:00,Patrón_3,GANÓ,2.40,306.80
02:19:00,Patrón_3,GANÓ,2.40,309.20
02:20:00,Patrón_1,PERDIÓ,-3.00,306.20
02:21:00,Patrón_3,GANÓ,2.40,308.60
02:22:00,Patrón_4,GANÓ,2.40,311.00
02:23:00,Patrón_1,GANÓ,2.40,313.40
02:24:00,Patrón_4,PERDIÓ,-3.00,310.40
02:25:00,Patrón_4,GANÓ,2.40,312.80
02:26:00,Patrón_5,GANÓ,2.40,315.20
02:27:00,Patrón_4,GANÓ,2.40,317.60
02:28:00,Patrón_5,GANÓ,2.40,320.00
02:29:00,Patrón_3,GANÓ,2.40,322.40
02:30:00,Patrón_2,GANÓ,2.40,324.80
02:31:00,Patrón_3,GANÓ,2.40,327.20
02:32:00,Patrón_2,GANÓ,2.40,329.60
02:33:00,Patrón_5,PERDIÓ,-3.00,326.60
02:34:00,Patrón_1,GANÓ,2.40,329.00
02:35:00,Patrón_2,GANÓ,2.40,331.40
02:36:00,Patrón_4,GANÓ,2.40,333.80
02:37:00,Patrón_5,PERDIÓ,-3.00,330.80
02:38:00,Patrón_4,PERDIÓ,-3.00,327.80
02:39:00,Patrón_3,PERDIÓ,-3.00,324.80
02:40:00,Patrón_4,PERDIÓ,-3.00,321.80
02:41:00,Patrón_2,PERDIÓ,-3.00,318.80
02:42:00,Patrón_4,GANÓ,2.40,321.20
02:43:00,Patrón_4,GANÓ,2.40,323.60
02:44:00,Patrón_4,PERDIÓ,-3.00,320.60
02:45:00,Patrón_2,GANÓ,2.40,323.00
02:46:00,Patrón_4,PERDIÓ,-3.00,320.00
02:47:00,Patrón_2,PERDIÓ,-3.00,317.00
02:48:00,Patrón_4,GANÓ,2.40,319.40
02:49:00,Patrón_3,PERDIÓ,-3.00,316.40
02:50:00,Patrón_4,GANÓ,2.40,318.80
02:51:00,Patrón_5,GANÓ,2.40,321.20
02:52:00,Patrón_3,PERDIÓ,-3.00,318.20
02:53:00,Patrón_5,PERDIÓ,-3.00,315.20
02:54:00,Patrón_5,GANÓ,2.40,317.60
02:55:00,Patrón_1,GANÓ,2.40,320.00
02:56:00,Patrón_1,GANÓ,2.40,322.40
02:57:00,Patrón_5,PERDIÓ,-3.00,319.40
02:58:00,Patrón_5,PERDIÓ,-3.00,316.40
02:59:00,Patrón_3,GANÓ,2.40,318.80
03:00:00,Patrón_5,PERDIÓ,-3.00,315.80
03:01:00,Patrón_3,PERDIÓ,-3.00,312.80
03:02:00,Patrón_1,GANÓ,2.40,315.20
03:03:00,Patrón_5,PERDIÓ,-3.00,312.20
03:04:00,Patrón_1,GANÓ,2.40,314.60
03:05:00,Patrón_2,GANÓ,2.40,317.00
03:06:00,Patrón_3,GANÓ,2.40,319.40
03:07:00,Patrón_2,PERDIÓ,-3.00,316.40
03:08:00,Patrón_2,GANÓ,2.40,318.80
03:09:00,Patrón_1,GANÓ,2.40,321.20
03:10:00,Patrón_1,PERDIÓ,-3.00,318.20
03:11:00,Patrón_3,GANÓ,2.40,320.60
03:12:00,Patrón_2,PERDIÓ,-3.00,317.60
03:13:00,Patrón_2,GANÓ,2.40,320.00
03:14:00,Patrón_2,GANÓ,2.40,322.40
03:15:00,Patrón_3,PERDIÓ,-3.00,319.40
03:16:00,Patrón_3,PERDIÓ,-3.00,316.40
03:17:00,Patrón_3,GANÓ,2.40,318.80
03:18:00,Patrón_3,GANÓ,2.40,321.20
03:19:00,Patrón_2,GANÓ,2.40,323.60
03:20:00,Patrón_2,GANÓ,2.40,326.00
03:21:00,Patrón_3,PERDIÓ,-3.00,323.00
03:22:00,Patrón_5,PERDIÓ,-3.00,320.00
03:23:00,Patrón_2,PERDIÓ,-3.00,317.00
03:24:00,Patrón_4,GANÓ,2.40,319.40
03:25:00,Patrón_1,PERDIÓ,-3.00,316.40
03:26:00,Patrón_3,PERDIÓ,-3.00,313.40
03:27:00,Patrón_1,GANÓ,2.40,315.80
03:28:00,Patrón_3,GANÓ,2.40,318.20
03:29:00,Patrón_3,GANÓ,2.40,320.60
03:30:00,Patrón_1,GANÓ,2.40,323.00
03:31:00,Patrón_5,GANÓ,2.40,325.40
03:32:00,Patrón_3,GANÓ,2.40,327.80
03:33:00,Patrón_3,PERDIÓ,-3.00,324.80
03:34:00,Patrón_2,GANÓ,2.40,327.20
03:35:00,Patrón_4,GANÓ,2.40,329.60
03:36:00,Patrón_4,GANÓ,2.40,332.00
03:37:00,Patrón_5,PERDIÓ,-3.00,329.00
03:38:00,Patrón_1,PERDIÓ,-3.00,326.00
03:39:00,Patrón_2,PERDIÓ,-3.00,323.00
03:40:00,Patrón_1,GANÓ,2.40,325.40
03:41:00,Patrón_3,GANÓ,2.40,327.80
03:42:00,Patrón_4,PERDIÓ,-3.00,324.80
03:43:00,Patrón_5,PERDIÓ,-3.00,321.80
03:44:00,Patrón_3,PERDIÓ,-3.00,318.80
03:45:00,Patrón_2,GANÓ,2.40,321.20
03:46:00,Patrón_1,GANÓ,2.40,323.60
03:47:00,Patrón_2,PERDIÓ,-3.00,320.60
03:48:00,Patrón_3,GANÓ,2.40,323.00
03:49:00,Patrón_2,GANÓ,2.40,325.40
03:50:00,Patrón_3,GANÓ,2.40,327.80
03:51:00,Patrón_3,GANÓ,2.40,330.20
03:52:00,Patrón_3,GANÓ,2.40,332.60
03:53:00,Patrón_4,PERDIÓ,-3.00,329.60
03:54:00,Patrón_2,PERDIÓ,-3.00,326.60
03:55:00,Patrón_3,GANÓ,2.40,329.00
03:56:00,Patrón_3,GANÓ,2.40,331.40
03:57:00,Patrón_2,GANÓ,2.40,333.80
03:58:00,Patrón_5,PERDIÓ,-3.00,330.80
03:59:00,Patrón_1,GANÓ,2.40,333.20
04:00:00,Patrón_3,PERDIÓ,-3.00,330.20
04:01:00,Patrón_4,GANÓ,2.40,332.60
04:02:00,Patrón_3,PERDIÓ,-3.00,329.60
04:03:00,Patrón_1,GANÓ,2.40,332.00
04:04:00,Patrón_2,PERDIÓ,-3.00,329.00
04:05:00,Patrón_5,GANÓ,2.40,331.40
04:06:00,Patrón_3,PERDIÓ,-3.00,328.40
04:07:00,Patrón_3,PERDIÓ,-3.00,325.40
04:08:00,Patrón_4,PERDIÓ,-3.00,322.40
04:09:00,Patrón_3,PERDIÓ,-3.00,319.40
04:10:00,Patrón_3,PERDIÓ,-3.00,316.40
04:11:00,Patrón_5,GANÓ,2.40,318.80
04:12:00,Patrón_5,GANÓ,2.40,321.20
04:13:00,Patrón_2,PERDIÓ,-3.00,318.20
04:14:00,Patrón_2,GANÓ,2.40,320.60
04:15:00,Patrón_2,PERDIÓ,-3.00,317.60
04:16:00,Patrón_4,GANÓ,2.40,320.00
04:17:00,Patrón_4,GANÓ,2.40,322.40
04:18:00,Patrón_2,GANÓ,2.40,324.80
04:19:00,Patrón_4,GANÓ,2.40,327.20
04:20:00,Patrón_5,PERDIÓ,-3.00,324.20
04:21:00,Patrón_5,PERDIÓ,-3.00,321.20
04:22:00,Patrón_2,PERDIÓ,-3.00,318.20
04:23:00,Patrón_5,GANÓ,2.40,320.60
04:24:00,Patrón_1,GANÓ,2.40,323.00
04:25:00,Patrón_2,PERDIÓ,-3.00,320.00
04:26:00,Patrón_1,GANÓ,2.40,322.40
04:27:00,Patrón_2,GANÓ,2.40,324.80
04:28:00,Patrón_3,GANÓ,2.40,327.20
04:29:00,Patrón_3,PERDIÓ,-3.00,324.20
04:30:00,Patrón_5,GANÓ,2.40,326.60
04:31:00,Patrón_1,GANÓ,2.40,329.00
04:32:00,Patrón_1,GANÓ,2.40,331.40
04:33:00,Patrón_2,PERDIÓ,-3.00,328.40
04:34:00,Patrón_1,GANÓ,2.40,330.80
04:35:00,Patrón_2,GANÓ,2.40,333.20
04:36:00,Patrón_5,GANÓ,2.40,335.60
04:37:00,Patrón_5,PERDIÓ,-3.00,332.60
04:38:00,Patrón_4,GANÓ,2.40,335.00
04:39:00,Patrón_1,PERDIÓ,-3.00,332.00
04:40:00,Patrón_1,GANÓ,2.40,334.40
04:41:00,Patrón_5,PERDIÓ,-3.00,331.40
04:42:00,Patrón_4,GANÓ,2.40,333.80
04:43:00,Patrón_4,GANÓ,2.40,336.20
04:44:00,Patrón_3,GANÓ,2.40,338.60
04:45:00,Patrón_3,GANÓ,2.40,341.00
04:46:00,Patrón_3,GANÓ,2.40,343.40
04:47:00,Patrón_4,GANÓ,2.40,345.80
04:48:00,Patrón_3,GANÓ,2.40,348.20
04:49:00,Patrón_1,PERDIÓ,-3.00,345.20
04:50:00,Patrón_4,GANÓ,2.40,347.60
04:51:00,Patrón_2,GANÓ,2.40,350.00
04:52:00,Patrón_1,PERDIÓ,-3.00,347.00
04:53:00,Patrón_5,PERDIÓ,-3.00,344.00
04:54:00,Patrón_4,GANÓ,2.40,346.40
04:55:00,Patrón_4,GANÓ,2.40,348.80
04:56:00,Patrón_3,GANÓ,2.40,351.20
04:57:00,Patrón_4,GANÓ,2.40,353.60
04:58:00,Patrón_1,GANÓ,2.40,356.00
04:59:00,Patrón_1,GANÓ,2.40,358.40
05:00:00,Patrón_1,GANÓ,2.40,360.80
05:01:00,Patrón_3,PERDIÓ,-3.00,357.80
05:02:00,Patrón_4,PERDIÓ,-3.00,354.80
05:03:00,Patrón_4,GANÓ,2.40,357.20
05:04:00,Patrón_5,GANÓ,2.40,359.60
05:05:00,Patrón_2,PERDIÓ,-3.00,356.60
05:06:00,Patrón_1,GANÓ,2.40,359.00
05:07:00,Patrón_3,PERDIÓ,-3.00,356.00
05:08:00,Patrón_3,PERDIÓ,-3.00,353.00
05:09:00,Patrón_2,PERDIÓ,-3.00,350.00
05:10:00,Patrón_5,GANÓ,2.40,352.40
05:11:00,Patrón_1,GANÓ,2.40,354.80
05:12:00,Patrón_2,PERDIÓ,-3.00,351.80
05:13:00,Patrón_3,GANÓ,2.40,354.20
05:14:00,Patrón_4,PERDIÓ,-3.00,351.20
05:15:00,Patrón_4,GANÓ,2.40,353.60
05:16:00,Patrón_3,PERDIÓ,-3.00,350.60
05:17:00,Patrón_4,PERDIÓ,-3.00,347.60
05:18:00,Patrón_5,PERDIÓ,-3.00,344.60
05:19:00,Patrón_1,GANÓ,2.40,347.00
05:20:00,Patrón_4,GANÓ,2.40,349.40
05:21:00,Patrón_3,PERDIÓ,-3.00,346.40
05:22:00,Patrón_3,GANÓ,2.40,348.80
05:23:00,Patrón_1,GANÓ,2.40,351.20
05:24:00,Patrón_5,PERDIÓ,-3.00,348.20
05:25:00,Patrón_1,GANÓ,2.40,350.60
05:26:00,Patrón_3,PERDIÓ,-3.00,347.60
05:27:00,Patrón_2,GANÓ,2.40,350.00
05:28:00,Patrón_1,PERDIÓ,-3.00,347.00
05:29:00,Patrón_2,GANÓ,2.40,349.40
05:30:00,Patrón_2,GANÓ,2.40,351.80
05:31:00,Patrón_1,GANÓ,2.40,354.20
05:32:00,Patrón_4,GANÓ,2.40,356.60
05:33:00,Patrón_2,GANÓ,2.40,359.00
05:34:00,Patrón_4,GANÓ,2.40,361.40
05:35:00,Patrón_4,PERDIÓ,-3.00,358.40
05:36:00,Patrón_4,GANÓ,2.40,360.80
05:37:00,Patrón_2,GANÓ,2.40,363.20
05:38:00,Patrón_3,GANÓ,2.40,365.60
05:39:00,Patrón_1,PERDIÓ,-3.00,362.60
05:40:00,Patrón_1,PERDIÓ,-3.00,359.60
05:41:00,Patrón_5,GANÓ,2.40,362.00
05:42:00,Patrón_2,GANÓ,2.40,364.40
05:43:00,Patrón_1,GANÓ,2.40,366.80
05:44:00,Patrón_1,GANÓ,2.40,369.20
05:45:00,Patrón_3,PERDIÓ,-3.00,366.20
05:46:00,Patrón_1,PERDIÓ,-3.00,363.20
05:47:00,Patrón_2,PERDIÓ,-3.00,360.20
05:48:00,Patrón_5,GANÓ,2.40,362.60
05:49:00,Patrón_1,PERDIÓ,-3.00,359.60
05:50:00,Patrón_3,GANÓ,2.40,362.00
05:51:00,Patrón_3,GANÓ,2.40,364.40
05:52:00,Patrón_2,GANÓ,2.40,366.80
05:53:00,Patrón_1,GANÓ,2.40,369.20
05:54:00,Patrón_2,PERDIÓ,-3.00,366.20
05:55:00,Patrón_2,PERDIÓ,-3.00,363.20
05:56:00,Patrón_1,PERDIÓ,-3.00,360.20
05:57:00,Patrón_3,PERDIÓ,-3.00,357.20
05:58:00,Patrón_2,GANÓ,2.40,359.60
05:59:00,Patrón_3,PERDIÓ,-3.00,356.60
06:00:00,Patrón_1,GANÓ,2.40,359.00
06:01:00,Patrón_1,GANÓ,2.40,361.40
06:02:00,Patrón_4,PERDIÓ,-3.00,358.40
06:03:00,Patrón_5,GANÓ,2.40,360.80
06:04:00,Patrón_3,PERDIÓ,-3.00,357.80
06:05:00,Patrón_2,PERDIÓ,-3.00,354.80
06:06:00,Patrón_5,GANÓ,2.40,357.20
06:07:00,Patrón_1,GANÓ,2.40,359.60
06:08:00,Patrón_5,PERDIÓ,-3.00,356.60
06:09:00,Patrón_3,GANÓ,2.40,359.00
06:10:00,Patrón_5,GANÓ,2.40,361.40
06:11:00,Patrón_3,GANÓ,2.40,363.80
06:12:00,Patrón_4,GANÓ,2.40,366.20
06:13:00,Patrón_4,PERDIÓ,-3.00,363.20
06:14:00,Patrón_1,GANÓ,2.40,365.60
06:15:00,Patrón_2,GANÓ,2.40,368.00
06:16:00,Patrón_4,GANÓ,2.40,370.40
06:17:00,Patrón_2,PERDIÓ,-3.00,367.40
06:18:00,Patrón_2,GANÓ,2.40,369.80
06:19:00,Patrón_4,PERDIÓ,-3.00,366.80
06:20:00,Patrón_2,PERDIÓ,-3.00,363.80
06:21:00,Patrón_3,GANÓ,2.40,366.20
06:22:00,Patrón_5,GANÓ,2.40,368.60
06:23:00,Patrón_5,PERDIÓ,-3.00,365.60
06:24:00,Patrón_3,GANÓ,2.40,368.00
06:25:00,Patrón_4,PERDIÓ,-3.00,365.00
06:26:00,Patrón_2,GANÓ,2.40,367.40
06:27:00,Patrón_5,GANÓ,2.40,369.80
06:28:00,Patrón_5,GANÓ,2.40,372.20
06:29:00,Patrón_5,GANÓ,2.40,374.60
06:30:00,Patrón_5,GANÓ,2.40,377.00
06:31:00,Patrón_2,GANÓ,2.40,379.40
06:32:00,Patrón_1,GANÓ,2.40,381.80
06:33:00,Patrón_5,PERDIÓ,-3.00,378.80
06:34:00,Patrón_3,GANÓ,2.40,381.20
06:35:00,Patrón_4,PERDIÓ,-3.00,378.20
06:36:00,Patrón_3,GANÓ,2.40,380.60
06:37:00,Patrón_1,PERDIÓ,-3.00,377.60
06:38:00,Patrón_1,GANÓ,2.40,380.00
06:39:00,Patrón_3,GANÓ,2.40,382.40
06:40:00,Patrón_2,GANÓ,2.40,384.80
06:41:00,Patrón_2,GANÓ,2.40,387.20
06:42:00,Patrón_3,GANÓ,2.40,389.60
06:43:00,Patrón_5,GANÓ,2.40,392.00
06:44:00,Patrón_2,GANÓ,2.40,394.40
06:45:00,Patrón_1,GANÓ,2.40,396.80
06:46:00,Patrón_1,PERDIÓ,-3.00,393.80
06:47:00,Patrón_3,PERDIÓ,-3.00,390.80
06:48:00,Patrón_1,PERDIÓ,-3.00,387.80
06:49:00,Patrón_4,GANÓ,2.40,390.20
06:50:00,Patrón_1,GANÓ,2.40,392.60
06:51:00,Patrón_3,GANÓ,2.40,395.00
06:52:00,Patrón_5,PERDIÓ,-3.00,392.00
06:53:00,Patrón_5,PERDIÓ,-3.00,389.00
06:54:00,Patrón_1,GANÓ,2.40,391.40
06:55:00,Patrón_4,PERDIÓ,-3.00,388.40
06:56:00,Patrón_5,GANÓ,2.40,390.80
06:57:00,Patrón_4,GANÓ,2.40,393.20
06:58:00,Patrón_2,GANÓ,2.40,395.60
06:59:00,Patrón_4,GANÓ,2.40,398.00
07:00:00,Patrón_1,GANÓ,2.40,400.40
07:01:00,Patrón_4,GANÓ,2.40,402.80
07:02:00,Patrón_3,GANÓ,2.40,405.20
07:03:00,Patrón_5,GANÓ,2.40,407.60
07:04:00,Patrón_5,PERDIÓ,-3.00,404.60
07:05:00,Patrón_1,GANÓ,2.40,407.00
07:06:00,Patrón_2,GANÓ,2.40,409.40
07:07:00,Patrón_1,GANÓ,2.40,411.80
07:08:00,Patrón_5,PERDIÓ,-3.00,408.80
07:09:00,Patrón_1,GANÓ,2.40,411.20
07:10:00,Patrón_2,GANÓ,2.40,413.60
07:11:00,Patrón_1,GANÓ,2.40,416.00
07:12:00,Patrón_5,PERDIÓ,-3.00,413.00
07:13:00,Patrón_4,PERDIÓ,-3.00,410.00
07:14:00,Patrón_2,PERDIÓ,-3.00,407.00
07:15:00,Patrón_5,GANÓ,2.40,409.40
07:16:00,Patrón_5,PERDIÓ,-3.00,406.40
07:17:00,Patrón_2,GANÓ,2.40,408.80
07:18:00,Patrón_4,GANÓ,2.40,411.20
07:19:00,Patrón_4,GANÓ,2.40,413.60
07:20:00,Patrón_4,GANÓ,2.40,416.00
07:21:00,Patrón_3,GANÓ,2.40,418.40
07:22:00,Patrón_3,PERDIÓ,-3.00,415.40
07:23:00,Patrón_4,PERDIÓ,-3.00,412.40
07:24:00,Patrón_1,PERDIÓ,-3.00,409.40
07:25:00,Patrón_4,GANÓ,2.40,411.80
07:26:00,Patrón_5,GANÓ,2.40,414.20
07:27:00,Patrón_4,PERDIÓ,-3.00,411.20
07:28:00,Patrón_2,PERDIÓ,-3.00,408.20
07:29:00,Patrón_2,GANÓ,2.40,410.60
07:30:00,Patrón_3,GANÓ,2.40,413.00
07:31:00,Patrón_5,GANÓ,2.40,415.40
07:32:00,Patrón_1,GANÓ,2.40,417.80
07:33:00,Patrón_2,GANÓ,2.40,420.20
07:34:00,Patrón_2,GANÓ,2.40,422.60
07:35:00,Patrón_1,PERDIÓ,-3.00,419.60
07:36:00,Patrón_5,GANÓ,2.40,422.00
07:37:00,Patrón_5,PERDIÓ,-3.00,419.00
07:38:00,Patrón_3,PERDIÓ,-3.00,416.00
07:39:00,Patrón_2,GANÓ,2.40,418.40
07:40:00,Patrón_1,GANÓ,2.40,420.80
07:41:00,Patrón_4,PERDIÓ,-3.00,417.80
07:42:00,Patrón_4,PERDIÓ,-3.00,414.80
07:43:00,Patrón_5,PERDIÓ,-3.00,411.80
07:44:00,Patrón_5,GANÓ,2.40,414.20
07:45:00,Patrón_4,PERDIÓ,-3.00,411.20
07:46:00,Patrón_1,PERDIÓ,-3.00,408.20
07:47:00,Patrón_5,PERDIÓ,-3.00,405.20
07:48:00,Patrón_2,GANÓ,2.40,407.60
07:49:00,Patrón_4,PERDIÓ,-3.00,404.60
07:50:00,Patrón_5,GANÓ,2.40,407.00
07:51:00,Patrón_2,PERDIÓ,-3.00,404.00
07:52:00,Patrón_4,GANÓ,2.40,406.40
07:53:00,Patrón_4,GANÓ,2.40,408.80
07:54:00,Patrón_3,PERDIÓ,-3.00,405.80
07:55:00,Patrón_3,GANÓ,2.40,408.20
07:56:00,Patrón_1,GANÓ,2.40,410.60
07:57:00,Patrón_4,GANÓ,2.40,413.00
07:58:00,Patrón_2,GANÓ,2.40,415.40
07:59:00,Patrón_4,GANÓ,2.40,417.80
08:00:00,Patrón_1,GANÓ,2.40,420.20
08:01:00,Patrón_3,GANÓ,2.40,422.60
08:02:00,Patrón_3,GANÓ,2.40,425.00
08:03:00,Patrón_1,PERDIÓ,-3.00,422.00
08:04:00,Patrón_4,GANÓ,2.40,424.40
08:05:00,Patrón_3,GANÓ,2.40,426.80
08:06:00,Patrón_4,GANÓ,2.40,429.20
08:07:00,Patrón_2,PERDIÓ,-3.00,426.20
08:08:00,Patrón_1,PERDIÓ,-3.00,423.20
08:09:00,Patrón_1,PERDIÓ,-3.00,420.20
08:10:00,Patrón_5,GANÓ,2.40,422.60
08:11:00,Patrón_2,PERDIÓ,-3.00,419.60
08:12:00,Patrón_1,PERDIÓ,-3.00,416.60
08:13:00,Patrón_3,GANÓ,2.40,419.00
08:14:00,Patrón_3,GANÓ,2.40,421.40
08:15:00,Patrón_3,PERDIÓ,-3.00,418.40
08:16:00,Patrón_1,PERDIÓ,-3.00,415.40
08:17:00,Patrón_3,GANÓ,2.40,417.80
08:18:00,Patrón_1,GANÓ,2.40,420.20
08:19:00,Patrón_4,GANÓ,2.40,422.60
08:20:00,Patrón_3,PERDIÓ,-3.00,419.60
08:21:00,Patrón_5,GANÓ,2.40,422.00
08:22:00,Patrón_1,GANÓ,2.40,424.40
08:23:00,Patrón_2,GANÓ,2.40,426.80
08:24:00,Patrón_1,PERDIÓ,-3.00,423.80
08:25:00,Patrón_1,GANÓ,2.40,426.20
08:26:00,Patrón_2,PERDIÓ,-3.00,423.20
08:27:00,Patrón_5,PERDIÓ,-3.00,420.20
08:28:00,Patrón_2,GANÓ,2.40,422.60
08:29:00,Patrón_5,GANÓ,2.40,425.00
08:30:00,Patrón_3,GANÓ,2.40,427.40
08:31:00,Patrón_2,PERDIÓ,-3.00,424.40
08:32:00,Patrón_4,GANÓ,2.40,426.80
08:33:00,Patrón_4,GANÓ,2.40,429.20
08:34:00,Patrón_1,GANÓ,2.40,431.60
08:35:00,Patrón_1,GANÓ,2.40,434.00
08:36:00,Patrón_5,PERDIÓ,-3.00,431.00
08:37:00,Patrón_3,GANÓ,2.40,433.40
08:38:00,Patrón_2,PERDIÓ,-3.00,430.40
08:39:00,Patrón_4,GANÓ,2.40,432.80
08:40:00,Patrón_4,GANÓ,2.40,435.20
08:41:00,Patrón_1,PERDIÓ,-3.00,432.20
08:42:00,Patrón_4,PERDIÓ,-3.00,429.20
08:43:00,Patrón_1,GANÓ,2.40,431.60
08:44:00,Patrón_2,GANÓ,2.40,434.00
08:45:00,Patrón_1,GANÓ,2.40,436.40
08:46:00,Patrón_3,GANÓ,2.40,438.80
08:47:00,Patrón_3,PERDIÓ,-3.00,435.80
08:48:00,Patrón_4,PERDIÓ,-3.00,432.80
08:49:00,Patrón_3,PERDIÓ,-3.00,429.80
08:50:00,Patrón_1,GANÓ,2.40,432.20
08:51:00,Patrón_1,GANÓ,2.40,434.60
08:52:00,Patrón_2,GANÓ,2.40,437.00
08:53:00,Patrón_1,PERDIÓ,-3.00,434.00
08:54:00,Patrón_3,PERDIÓ,-3.00,431.00
08:55:00,Patrón_5,GANÓ,2.40,433.40
08:56:00,Patrón_5,PERDIÓ,-3.00,430.40
08:57:00,Patrón_5,GANÓ,2.40,432.80
08:58:00,Patrón_2,PERDIÓ,-3.00,429.80
08:59:00,Patrón_3,GANÓ,2.40,432.20
09:00:00,Patrón_2,GANÓ,2.40,434.60
09:01:00,Patrón_1,GANÓ,2.40,437.00
09:02:00,Patrón_4,GANÓ,2.40,439.40
09:03:00,Patrón_1,PERDIÓ,-3.00,436.40
09:04:00,Patrón_5,GANÓ,2.40,438.80
09:05:00,Patrón_4,PERDIÓ,-3.00,435.80
09:06:00,Patrón_1,GANÓ,2.40,438.20
09:07:00,Patrón_1,GANÓ,2.40,440.60
09:08:00,Patrón_5,GANÓ,2.40,443.00
09:09:00,Patrón_3,GANÓ,2.40,445.40
09:10:00,Patrón_2,GANÓ,2.40,447.80
09:11:00,Patrón_4,GANÓ,2.40,450.20
09:12:00,Patrón_3,PERDIÓ,-3.00,447.20
09:13:00,Patrón_1,PERDIÓ,-3.00,444.20
09:14:00,Patrón_2,PERDIÓ,-3.00,441.20
09:15:00,Patrón_3,GANÓ,2.40,443.60
09:16:00,Patrón_5,GANÓ,2.40,446.00
09:17:00,Patrón_5,GANÓ,2.40,448.40
09:18:00,Patrón_4,GANÓ,2.40,450.80
09:19:00,Patrón_5,GANÓ,2.40,453.20
09:20:00,Patrón_1,PERDIÓ,-3.00,450.20
09:21:00,Patrón_3,PERDIÓ,-3.00,447.20
09:22:00,Patrón_2,GANÓ,2.40,449.60
09:23:00,Patrón_3,GANÓ,2.40,452.00
09:24:00,Patrón_3,PERDIÓ,-3.00,449.00
09:25:00,Patrón_2,GANÓ,2.40,451.40
09:26:00,Patrón_5,GANÓ,2.40,453.80
09:27:00,Patrón_3,PERDIÓ,-3.00,450.80
09:28:00,Patrón_3,GANÓ,2.40,453.20
09:29:00,Patrón_2,GANÓ,2.40,455.60
09:30:00,Patrón_2,PERDIÓ,-3.00,452.60
09:31:00,Patrón_3,PERDIÓ,-3.00,449.60
09:32:00,Patrón_3,GANÓ,2.40,452.00
09:33:00,Patrón_5,GANÓ,2.40,454.40
09:34:00,Patrón_1,PERDIÓ,-3.00,451.40
09:35:00,Patrón_1,GANÓ,2.40,453.80
09:36:00,Patrón_3,PERDIÓ,-3.00,450.80
09:37:00,Patrón_1,GANÓ,2.40,453.20
09:38:00,Patrón_3,PERDIÓ,-3.00,450.20
09:39:00,Patrón_3,GANÓ,2.40,452.60
09:40:00,Patrón_3,PERDIÓ,-3.00,449.60
09:41:00,Patrón_1,GANÓ,2.40,452.00
09:42:00,Patrón_5,PERDIÓ,-3.00,449.00
09:43:00,Patrón_2,GANÓ,2.40,451.40
09:44:00,Patrón_2,GANÓ,2.40,453.80
09:45:00,Patrón_4,PERDIÓ,-3.00,450.80
09:46:00,Patrón_1,PERDIÓ,-3.00,447.80
09:47:00,Patrón_1,GANÓ,2.40,450.20
09:48:00,Patrón_5,GANÓ,2.40,452.60
09:49:00,Patrón_3,GANÓ,2.40,455.00
09:50:00,Patrón_3,PERDIÓ,-3.00,452.00
09:51:00,Patrón_1,GANÓ,2.40,454.40
09:52:00,Patrón_2,GANÓ,2.40,456.80
09:53:00,Patrón_1,GANÓ,2.40,459.20
09:54:00,Patrón_2,PERDIÓ,-3.00,456.20
09:55:00,Patrón_5,PERDIÓ,-3.00,453.20
09:56:00,Patrón_3,GANÓ,2.40,455.60
09:57:00,Patrón_4,GANÓ,2.40,458.00
09:58:00,Patrón_2,GANÓ,2.40,460.40
09:59:00,Patrón_5,GANÓ,2.40,462.80
10:00:00,Patrón_3,GANÓ,2.40,465.20
10:01:00,Patrón_3,PERDIÓ,-3.00,462.20
10:02:00,Patrón_5,PERDIÓ,-3.00,459.20
10:03:00,Patrón_5,GANÓ,2.40,461.60
10:04:00,Patrón_2,PERDIÓ,-3.00,458.60
10:05:00,Patrón_5,PERDIÓ,-3.00,455.60
10:06:00,Patrón_1,PERDIÓ,-3.00,452.60
10:07:00,Patrón_1,GANÓ,2.40,455.00
10:08:00,Patrón_2,GANÓ,2.40,457.40
10:09:00,Patrón_4,PERDIÓ,-3.00,454.40
10:10:00,Patrón_4,PERDIÓ,-3.00,451.40
10:11:00,Patrón_3,GANÓ,2.40,453.80
10:12:00,Patrón_5,GANÓ,2.40,456.20
10:13:00,Patrón_4,PERDIÓ,-3.00,453.20
10:14:00,Patrón_1,GANÓ,2.40,455.60
10:15:00,Patrón_2,GANÓ,2.40,458.00
10:16:00,Patrón_2,PERDIÓ,-3.00,455.00
10:17:00,Patrón_1,GANÓ,2.40,457.40
10:18:00,Patrón_3,PERDIÓ,-3.00,454.40
10:19:00,Patrón_5,GANÓ,2.40,456.80
10:20:00,Patrón_3,PERDIÓ,-3.00,453.80
10:21:00,Patrón_4,PERDIÓ,-3.00,450.80
10:22:00,Patrón_3,GANÓ,2.40,453.20
10:23:00,Patrón_2,PERDIÓ,-3.00,450.20
10:24:00,Patrón_5,PERDIÓ,-3.00,447.20
10:25:00,Patrón_2,GANÓ,2.40,449.60
10:26:00,Patrón_1,GANÓ,2.40,452.00
10:27:00,Patrón_1,PERDIÓ,-3.00,449.00
10:28:00,Patrón_5,PERDIÓ,-3.00,446.00
10:29:00,Patrón_5,GANÓ,2.40,448.40
10:30:00,Patrón_2,GANÓ,2.40,450.80
10:31:00,Patrón_1,PERDIÓ,-3.00,447.80
10:32:00,Patrón_4,PERDIÓ,-3.00,444.80
10:33:00,Patrón_5,GANÓ,2.40,447.20
10:34:00,Patrón_5,PERDIÓ,-3.00,444.20
10:35:00,Patrón_1,PERDIÓ,-3.00,441.20
10:36:00,Patrón_3,PERDIÓ,-3.00,438.20
10:37:00,Patrón_2,PERDIÓ,-3.00,435.20
10:38:00,Patrón_4,GANÓ,2.40,437.60
10:39:00,Patrón_2,GANÓ,2.40,440.00
10:40:00,Patrón_3,PERDIÓ,-3.00,437.00
10:41:00,Patrón_4,GANÓ,2.40,439.40
10:42:00,Patrón_3,PERDIÓ,-3.00,436.40
10:43:00,Patrón_1,GANÓ,2.40,438.80
10:44:00,Patrón_3,GANÓ,2.40,441.20
10:45:00,Patrón_5,PERDIÓ,-3.00,438.20
10:46:00,Patrón_3,GANÓ,2.40,440.60
10:47:00,Patrón_5,GANÓ,2.40,443.00
10:48:00,Patrón_4,GANÓ,2.40,445.40
10:49:00,Patrón_5,GANÓ,2.40,447.80
10:50:00,Patrón_2,GANÓ,2.40,450.20
10:51:00,Patrón_2,PERDIÓ,-3.00,447.20
10:52:00,Patrón_4,GANÓ,2.40,449.60
10:53:00,Patrón_4,PERDIÓ,-3.00,446.60
10:54:00,Patrón_1,GANÓ,2.40,449.00
10:55:00,Patrón_4,PERDIÓ,-3.00,446.00
10:56:00,Patrón_4,GANÓ,2.40,448.40
10:57:00,Patrón_4,GANÓ,2.40,450.80
10:58:00,Patrón_4,GANÓ,2.40,453.20
10:59:00,Patrón_2,GANÓ,2.40,455.60
11:00:00,Patrón_5,GANÓ,2.40,458.00
11:01:00,Patrón_3,PERDIÓ,-3.00,455.00
11:02:00,Patrón_3,GANÓ,2.40,457.40
11:03:00,Patrón_3,GANÓ,2.40,459.80
11:04:00,Patrón_4,GANÓ,2.40,462.20
11:05:00,Patrón_4,PERDIÓ,-3.00,459.20
11:06:00,Patrón_4,GANÓ,2.40,461.60
11:07:00,Patrón_5,PERDIÓ,-3.00,458.60
11:08:00,Patrón_2,GANÓ,2.40,461.00
11:09:00,Patrón_4,GANÓ,2.40,463.40
11:10:00,Patrón_5,GANÓ,2.40,465.80
11:11:00,Patrón_4,PERDIÓ,-3.00,462.80
11:12:00,Patrón_3,GANÓ,2.40,465.20
11:13:00,Patrón_4,PERDIÓ,-3.00,462.20
11:14:00,Patrón_4,PERDIÓ,-3.00,459.20
11:15:00,Patrón_1,GANÓ,2.40,461.60
11:16:00,Patrón_2,GANÓ,2.40,464.00
11:17:00,Patrón_5,GANÓ,2.40,466.40
11:18:00,Patrón_4,PERDIÓ,-3.00,463.40
11:19:00,Patrón_5,PERDIÓ,-3.00,460.40
11:20:00,Patrón_5,PERDIÓ,-3.00,457.40
11:21:00,Patrón_5,PERDIÓ,-3.00,454.40
11:22:00,Patrón_2,PERDIÓ,-3.00,451.40
11:23:00,Patrón_1,GANÓ,2.40,453.80
11:24:00,Patrón_4,PERDIÓ,-3.00,450.80
11:25:00,Patrón_4,GANÓ,2.40,453.20
11:26:00,Patrón_1,PERDIÓ,-3.00,450.20
11:27:00,Patrón_1,GANÓ,2.40,452.60
11:28:00,Patrón_1,PERDIÓ,-3.00,449.60
11:29:00,Patrón_5,PERDIÓ,-3.00,446.60
11:30:00,Patrón_4,GANÓ,2.40,449.00
11:31:00,Patrón_2,GANÓ,2.40,451.40
11:32:00,Patrón_5,PERDIÓ,-3.00,448.40
11:33:00,Patrón_2,GANÓ,2.40,450.80
11:34:00,Patrón_3,PERDIÓ,-3.00,447.80
11:35:00,Patrón_5,PERDIÓ,-3.00,444.80
11:36:00,Patrón_1,GANÓ,2.40,447.20
11:37:00,Patrón_2,PERDIÓ,-3.00,444.20
11:38:00,Patrón_2,PERDIÓ,-3.00,441.20
11:39:00,Patrón_2,GANÓ,2.40,443.60
11:40:00,Patrón_1,PERDIÓ,-3.00,440.60
11:41:00,Patrón_5,PERDIÓ,-3.00,437.60
11:42:00,Patrón_1,GANÓ,2.40,440.00
11:43:00,Patrón_2,PERDIÓ,-3.00,437.00
11:44:00,Patrón_3,GANÓ,2.40,439.40
11:45:00,Patrón_4,GANÓ,2.40,441.80
11:46:00,Patrón_5,PERDIÓ,-3.00,438.80
11:47:00,Patrón_2,GANÓ,2.40,441.20
11:48:00,Patrón_4,GANÓ,2.40,443.60
11:49:00,Patrón_5,PERDIÓ,-3.00,440.60
11:50:00,Patrón_1,GANÓ,2.40,443.00
11:51:00,Patrón_5,GANÓ,2.40,445.40
11:52:00,Patrón_3,GANÓ,2.40,447.80
11:53:00,Patrón_4,GANÓ,2.40,450.20
11:54:00,Patrón_2,GANÓ,2.40,452.60
11:55:00,Patrón_4,PERDIÓ,-3.00,449.60
11:56:00,Patrón_2,GANÓ,2.40,452.00
11:57:00,Patrón_1,GANÓ,2.40,454.40
11:58:00,Patrón_5,GANÓ,2.40,456.80
11:59:00,Patrón_2,GANÓ,2.40,459.20
12:00:00,Patrón_5,PERDIÓ,-3.00,456.20
12:01:00,Patrón_2,PERDIÓ,-3.00,453.20
12:02:00,Patrón_1,GANÓ,2.40,455.60
12:03:00,Patrón_1,GANÓ,2.40,458.00
12:04:00,Patrón_4,GANÓ,2.40,460.40
12:05:00,Patrón_2,GANÓ,2.40,462.80
12:06:00,Patrón_5,GANÓ,2.40,465.20
12:07:00,Patrón_2,GANÓ,2.40,467.60
12:08:00,Patrón_4,PERDIÓ,-3.00,464.60
12:09:00,Patrón_3,PERDIÓ,-3.00,461.60
12:10:00,Patrón_4,GANÓ,2.40,464.00
12:11:00,Patrón_2,PERDIÓ,-3.00,461.00
12:12:00,Patrón_5,GANÓ,2.40,463.40
12:13:00,Patrón_4,GANÓ,2.40,465.80
12:14:00,Patrón_3,GANÓ,2.40,468.20
12:15:00,Patrón_1,GANÓ,2.40,470.60
12:16:00,Patrón_4,GANÓ,2.40,473.00
12:17:00,Patrón_1,GANÓ,2.40,475.40
12:18:00,Patrón_4,GANÓ,2.40,477.80
12:19:00,Patrón_5,GANÓ,2.40,480.20
12:20:00,Patrón_4,GANÓ,2.40,482.60
12:21:00,Patrón_4,GANÓ,2.40,485.00
12:22:00,Patrón_2,PERDIÓ,-3.00,482.00
12:23:00,Patrón_3,PERDIÓ,-3.00,479.00
12:24:00,Patrón_1,PERDIÓ,-3.00,476.00
12:25:00,Patrón_5,PERDIÓ,-3.00,473.00
12:26:00,Patrón_5,GANÓ,2.40,475.40
12:27:00,Patrón_4,PERDIÓ,-3.00,472.40
12:28:00,Patrón_2,PERDIÓ,-3.00,469.40
12:29:00,Patrón_5,PERDIÓ,-3.00,466.40
12:30:00,Patrón_2,PERDIÓ,-3.00,463.40
12:31:00,Patrón_1,GANÓ,2.40,465.80
12:32:00,Patrón_1,GANÓ,2.40,468.20
12:33:00,Patrón_2,PERDIÓ,-3.00,465.20
12:34:00,Patrón_2,GANÓ,2.40,467.60
12:35:00,Patrón_3,GANÓ,2.40,470.00
12:36:00,Patrón_4,PERDIÓ,-3.00,467.00
12:37:00,Patrón_5,GANÓ,2.40,469.40
12:38:00,Patrón_2,PERDIÓ,-3.00,466.40
12:39:00,Patrón_3,PERDIÓ,-3.00,463.40
12:40:00,Patrón_1,GANÓ,2.40,465.80
12:41:00,Patrón_4,PERDIÓ,-3.00,462.80
12:42:00,Patrón_4,GANÓ,2.40,465.20
12:43:00,Patrón_4,GANÓ,2.40,467.60
12:44:00,Patrón_3,PERDIÓ,-3.00,464.60
12:45:00,Patrón_5,PERDIÓ,-3.00,461.60
12:46:00,Patrón_2,PERDIÓ,-3.00,458.60
12:47:00,Patrón_3,GANÓ,2.40,461.00
12:48:00,Patrón_5,PERDIÓ,-3.00,458.00
12:49:00,Patrón_5,GANÓ,2.40,460.40
12:50:00,Patrón_1,GANÓ,2.40,462.80
12:51:00,Patrón_1,GANÓ,2.40,465.20
12:52:00,Patrón_1,PERDIÓ,-3.00,462.20
12:53:00,Patrón_5,PERDIÓ,-3.00,459.20
12:54:00,Patrón_3,GANÓ,2.40,461.60
12:55:00,Patrón_5,PERDIÓ,-3.00,458.60
12:56:00,Patrón_1,PERDIÓ,-3.00,455.60
12:57:00,Patrón_4,PERDIÓ,-3.00,452.60
12:58:00,Patrón_3,PERDIÓ,-3.00,449.60
12:59:00,Patrón_2,PERDIÓ,-3.00,446.60
01:00:00,Patrón_3,PERDIÓ,-3.00,443.60
01:01:00,Patrón_1,PERDIÓ,-3.00,440.60
01:02:00,Patrón_1,GANÓ,2.40,443.00
01:03:00,Patrón_2,GANÓ,2.40,445.40
01:04:00,Patrón_1,GANÓ,2.40,447.80
01:05:00,Patrón_2,PERDIÓ,-3.00,444.80
01:06:00,Patrón_2,GANÓ,2.40,447.20
01:07:00,Patrón_4,GANÓ,2.40,449.60
01:08:00,Patrón_3,GANÓ,2.40,452.00
01:09:00,Patrón_1,GANÓ,2.40,454.40
01:10:00,Patrón_1,GANÓ,2.40,456.80
01:11:00,Patrón_2,GANÓ,2.40,459.20
01:12:00,Patrón_4,PERDIÓ,-3.00,456.20
01:13:00,Patrón_5,PERDIÓ,-3.00,453.20
01:14:00,Patrón_3,PERDIÓ,-3.00,450.20
01:15:00,Patrón_3,GANÓ,2.40,452.60
01:16:00,Patrón_5,GANÓ,2.40,455.00
01:17:00,Patrón_1,PERDIÓ,-3.00,452.00
01:18:00,Patrón_5,PERDIÓ,-3.00,449.00
01:19:00,Patrón_2,PERDIÓ,-3.00,446.00
01:20:00,Patrón_3,PERDIÓ,-3.00,443.00
01:21:00,Patrón_3,GANÓ,2.40,445.40
01:22:00,Patrón_5,PERDIÓ,-3.00,442.40
01:23:00,Patrón_3,GANÓ,2.40,444.80
01:24:00,Patrón_5,GANÓ,2.40,447.20
01:25:00,Patrón_1,PERDIÓ,-3.00,444.20
01:26:00,Patrón_4,PERDIÓ,-3.00,441.20
01:27:00,Patrón_4,PERDIÓ,-3.00,438.20
01:28:00,Patrón_4,GANÓ,2.40,440.60
01:29:00,Patrón_3,GANÓ,2.40,443.00
01:30:00,Patrón_3,GANÓ,2.40,445.40
01:31:00,Patrón_3,GANÓ,2.40,447.80
01:32:00,Patrón_2,PERDIÓ,-3.00,444.80
01:33:00,Patrón_5,GANÓ,2.40,447.20
01:34:00,Patrón_5,GANÓ,2.40,449.60
01:35:00,Patrón_4,PERDIÓ,-3.00,446.60
01:36:00,Patrón_1,GANÓ,2.40,449.00
01:37:00,Patrón_2,GANÓ,2.40,451.40
01:38:00,Patrón_4,PERDIÓ,-3.00,448.40
01:39:00,Patrón_3,PERDIÓ,-3.00,445.40