Hora,Patron,Resultado,Ganancia,Saldo
09:00:00,Patrón_4,GANÓ,4.00,104.00
09:01:00,Patrón_5,GANÓ,4.00,108.00
09:02:00,Patrón_5,GANÓ,4.00,112.00
09:03:00,Patrón_4,PERDIÓ,-5.00,107.00
09:04:00,Patrón_3,GANÓ,4.00,111.00
09:05:00,Patrón_4,GANÓ,4.00,115.00
09:06:00,Patrón_5,GANÓ,4.00,119.00
09:07:00,Patrón_3,GANÓ,4.00,123.00
09:08:00,Patrón_5,GANÓ,4.00,127.00
09:09:00,Patrón_4,PERDIÓ,-5.00,122.00
09:10:00,Patrón_4,GANÓ,4.00,126.00
09:11:00,Patrón_3,GANÓ,4.00,130.00
09:12:00,Patrón_1,GANÓ,4.00,134.00
09:13:00,Patrón_5,PERDIÓ,-5.00,129.00
09:14:00,Patrón_2,GANÓ,4.00,133.00
09:15:00,Patrón_2,PERDIÓ,-5.00,128.00
09:16:00,Patrón_2,GANÓ,4.00,132.00
09:17:00,Patrón_3,PERDIÓ,-5.00,127.00
09:18:00,Patrón_3,PERDIÓ,-5.00,122.00
09:19:00,Patrón_4,GANÓ,4.00,126.00
09:20:00,Patrón_5,GANÓ,4.00,130.00
09:21:00,Patrón_3,GANÓ,4.00,134.00
09:22:00,Patrón_1,GANÓ,4.00,138.00
09:23:00,Patrón_3,GANÓ,4.00,142.00
09:24:00,Patrón_3,GANÓ,4.00,146.00
09:25:00,Patrón_4,PERDIÓ,-5.00,141.00
09:26:00,Patrón_5,PERDIÓ,-5.00,136.00
09:27:00,Patrón_2,PERDIÓ,-5.00,131.00
09:28:00,Patrón_3,PERDIÓ,-5.00,126.00
09:29:00,Patrón_3,GANÓ,4.00,130.00
09:30:00,Patrón_5,GANÓ,4.00,134.00
09:31:00,Patrón_1,PERDIÓ,-5.00,129.00
09:32:00,Patrón_4,GANÓ,4.00,133.00
09:33:00,Patrón_3,PERDIÓ,-5.00,128.00
09:34:00,Patrón_5,PERDIÓ,-5.00,123.00
09:35:00,Patrón_2,GANÓ,4.00,127.00
09:36:00,Patrón_4,GANÓ,4.00,131.00
09:37:00,Patrón_4,GANÓ,4.00,135.00
09:38:00,Patrón_5,GANÓ,4.00,139.00
09:39:00,Patrón_1,GANÓ,4.00,143.00
09:40:00,Patrón_4,PERDIÓ,-5.00,138.00
09:41:00,Patrón_1,GANÓ,4.00,142.00
09:42:00,Patrón_1,PERDIÓ,-5.00,137.00
09:43:00,Patrón_1,PERDIÓ,-5.00,132.00
09:44:00,Patrón_4,PERDIÓ,-5.00,127.00
09:45:00,Patrón_1,GANÓ,4.00,131.00
09:46:00,Patrón_1,GANÓ,4.00,135.00
09:47:00,Patrón_4,GANÓ,4.00,139.00
09:48:00,Patrón_5,GANÓ,4.00,143.00
09:49:00,Patrón_4,GANÓ,4.00,147.00
09:50:00,Patrón_2,GANÓ,4.00,151.00
09:51:00,Patrón_3,GANÓ,4.00,155.00
09:52:00,Patrón_3,GANÓ,4.00,159.00
09:53:00,Patrón_3,PERDIÓ,-5.00,154.00
09:54:00,Patrón_2,PERDIÓ,-5.00,149.00
09:55:00,Patrón_2,GANÓ,4.00,153.00
09:56:00,Patrón_2,GANÓ,4.00,157.00
09:57:00,Patrón_5,PERDIÓ,-5.00,152.00
09:58:00,Patrón_2,GANÓ,4.00,156.00
09:59:00,Patrón_5,GANÓ,4.00,160.00
10:00:00,Patrón_3,PERDIÓ,-5.00,155.00
10:01:00,Patrón_3,GANÓ,4.00,159.00
10:02:00,Patrón_4,GANÓ,4.00,163.00
10:03:00,Patrón_5,GANÓ,4.00,167.00
10:04:00,Patrón_1,GANÓ,4.00,171.00
10:05:00,Patrón_4,GANÓ,4.00,175.00
10:06:00,Patrón_1,GANÓ,4.00,179.00
10:07:00,Patrón_2,GANÓ,4.00,183.00
10:08:00,Patrón_1,PERDIÓ,-5.00,178.00
10:09:00,Patrón_2,PERDIÓ,-5.00,173.00
10:10:00,Patrón_3,GANÓ,4.00,177.00
10:11:00,Patrón_4,PERDIÓ,-5.00,172.00
10:12:00,Patrón_3,PERDIÓ,-5.00,167.00
10:13:00,Patrón_4,GANÓ,4.00,171.00
10:14:00,Patrón_5,GANÓ,4.00,175.00
10:15:00,Patrón_4,GANÓ,4.00,179.00
10:16:00,Patrón_4,PERDIÓ,-5.00,174.00
10:17:00,Patrón_5,PERDIÓ,-5.00,169.00
10:18:00,Patrón_3,GANÓ,4.00,173.00
10:19:00,Patrón_4,GANÓ,4.00,177.00
10:20:00,Patrón_1,PERDIÓ,-5.00,172.00
10:21:00,Patrón_2,PERDIÓ,-5.00,167.00
10:22:00,Patrón_1,PERDIÓ,-5.00,162.00
10:23:00,Patrón_2,GANÓ,4.00,166.00
10:24:00,Patrón_4,PERDIÓ,-5.00,161.00
10:25:00,Patrón_1,GANÓ,4.00,165.00
10:26:00,Patrón_4,GANÓ,4.00,169.00
10:27:00,Patrón_2,GANÓ,4.00,173.00
10:28:00,Patrón_3,GANÓ,4.00,177.00
10:29:00,Patrón_5,PERDIÓ,-5.00,172.00
10:30:00,Patrón_5,GANÓ,4.00,176.00
10:31:00,Patrón_2,GANÓ,4.00,180.00
10:32:00,Patrón_2,PERDIÓ,-5.00,175.00
10:33:00,Patrón_4,GANÓ,4.00,179.00
10:34:00,Patrón_3,GANÓ,4.00,183.00
10:35:00,Patrón_2,PERDIÓ,-5.00,178.00
10:36:00,Patrón_5,GANÓ,4.00,182.00
10:37:00,Patrón_5,PERDIÓ,-5.00,177.00
10:38:00,Patrón_2,GANÓ,4.00,181.00
10:39:00,Patrón_5,PERDIÓ,-5.00,176.00
10:40:00,Patrón_1,GANÓ,4.00,180.00
10:41:00,Patrón_1,PERDIÓ,-5.00,175.00
10:42:00,Patrón_2,GANÓ,4.00,179.00
10:43:00,Patrón_2,GANÓ,4.00,183.00
10:44:00,Patrón_4,GANÓ,4.00,187.00
10:45:00,Patrón_1,GANÓ,4.00,191.00
10:46:00,Patrón_3,GANÓ,4.00,195.00
10:47:00,Patrón_3,GANÓ,4.00,199.00
10:48:00,Patrón_4,GANÓ,4.00,203.00
10:49:00,Patrón_3,PERDIÓ,-5.00,198.00
10:50:00,Patrón_3,PERDIÓ,-5.00,193.00
10:51:00,Patrón_2,GANÓ,4.00,197.00
10:52:00,Patrón_2,GANÓ,4.00,201.00
10:53:00,Patrón_1,PERDIÓ,-5.00,196.00
10:54:00,Patrón_4,GANÓ,4.00,200.00
10:55:00,Patrón_4,GANÓ,4.00,204.00
10:56:00,Patrón_2,GANÓ,4.00,208.00
10:57:00,Patrón_5,GANÓ,4.00,212.00
10:58:00,Patrón_5,PERDIÓ,-5.00,207.00
10:59:00,Patrón_5,GANÓ,4.00,211.00
11:00:00,Patrón_5,PERDIÓ,-5.00,206.00
11:01:00,Patrón_4,PERDIÓ,-5.00,201.00
11:02:00,Patrón_4,PERDIÓ,-5.00,196.00
11:03:00,Patrón_4,GANÓ,4.00,200.00
11:04:00,Patrón_4,PERDIÓ,-5.00,195.00
11:05:00,Patrón_1,PERDIÓ,-5.00,190.00
11:06:00,Patrón_1,GANÓ,4.00,194.00
11:07:00,Patrón_3,PERDIÓ,-5.00,189.00
11:08:00,Patrón_1,GANÓ,4.00,193.00
11:09:00,Patrón_3,GANÓ,4.00,197.00
11:10:00,Patrón_4,GANÓ,4.00,201.00
11:11:00,Patrón_5,PERDIÓ,-5.00,196.00
11:12:00,Patrón_2,PERDIÓ,-5.00,191.00
11:13:00,Patrón_3,GANÓ,4.00,195.00
11:14:00,Patrón_2,GANÓ,4.00,199.00
11:15:00,Patrón_4,GANÓ,4.00,203.00
11:16:00,Patrón_3,PERDIÓ,-5.00,198.00
11:17:00,Patrón_2,PERDIÓ,-5.00,193.00
11:18:00,Patrón_3,GANÓ,4.00,197.00
11:19:00,Patrón_2,GANÓ,4.00,201.00
11:20:00,Patrón_1,PERDIÓ,-5.00,196.00
11:21:00,Patrón_1,GANÓ,4.00,200.00
11:22:00,Patrón_2,GANÓ,4.00,204.00
11:23:00,Patrón_2,GANÓ,4.00,208.00
11:24:00,Patrón_5,PERDIÓ,-5.00,203.00
11:25:00,Patrón_4,GANÓ,4.00,207.00
11:26:00,Patrón_3,GANÓ,4.00,211.00
11:27:00,Patrón_1,PERDIÓ,-5.00,206.00
11:28:00,Patrón_2,GANÓ,4.00,210.00
11:29:00,Patrón_3,GANÓ,4.00,214.00
11:30:00,Patrón_2,PERDIÓ,-5.00,209.00
11:31:00,Patrón_5,GANÓ,4.00,213.00
11:32:00,Patrón_2,PERDIÓ,-5.00,208.00
11:33:00,Patrón_5,PERDIÓ,-5.00,203.00
11:34:00,Patrón_5,GANÓ,4.00,207.00
11:35:00,Patrón_5,PERDIÓ,-5.00,202.00
11:36:00,Patrón_4,GANÓ,4.00,206.00
11:37:00,Patrón_5,PERDIÓ,-5.00,201.00
11:38:00,Patrón_1,PERDIÓ,-5.00,196.00
11:39:00,Patrón_2,PERDIÓ,-5.00,191.00
11:40:00,Patrón_5,GANÓ,4.00,195.00
11:41:00,Patrón_3,GANÓ,4.00,199.00
11:42:00,Patrón_2,GANÓ,4.00,203.00
11:43:00,Patrón_1,GANÓ,4.00,207.00
11:44:00,Patrón_3,PERDIÓ,-5.00,202.00
11:45:00,Patrón_1,GANÓ,4.00,206.00
11:46:00,Patrón_3,GANÓ,4.00,210.00
11:47:00,Patrón_2,PERDIÓ,-5.00,205.00
11:48:00,Patrón_1,GANÓ,4.00,209.00
11:49:00,Patrón_3,PERDIÓ,-5.00,204.00
11:50:00,Patrón_3,GANÓ,4.00,208.00
11:51:00,Patrón_2,PERDIÓ,-5.00,203.00
11:52:00,Patrón_3,PERDIÓ,-5.00,198.00
11:53:00,Patrón_2,GANÓ,4.00,202.00
11:54:00,Patrón_5,PERDIÓ,-5.00,197.00
11:55:00,Patrón_4,PERDIÓ,-5.00,192.00
11:56:00,Patrón_3,GANÓ,4.00,196.00
11:57:00,Patrón_4,GANÓ,4.00,200.00
11:58:00,Patrón_1,GANÓ,4.00,204.00
11:59:00,Patrón_5,GANÓ,4.00,208.00
12:00:00,Patrón_4,GANÓ,4.00,212.00
12:01:00,Patrón_5,PERDIÓ,-5.00,207.00
12:02:00,Patrón_4,GANÓ,4.00,211.00
12:03:00,Patrón_4,GANÓ,4.00,215.00
12:04:00,Patrón_5,PERDIÓ,-5.00,210.00
12:05:00,Patrón_4,GANÓ,4.00,214.00
12:06:00,Patrón_3,GANÓ,4.00,218.00
12:07:00,Patrón_3,PERDIÓ,-5.00,213.00
12:08:00,Patrón_4,PERDIÓ,-5.00,208.00
12:09:00,Patrón_1,GANÓ,4.00,212.00
12:10:00,Patrón_1,GANÓ,4.00,216.00
12:11:00,Patrón_4,GANÓ,4.00,220.00
12:12:00,Patrón_3,GANÓ,4.00,224.00
12:13:00,Patrón_1,PERDIÓ,-5.00,219.00
12:14:00,Patrón_5,GANÓ,4.00,223.00
12:15:00,Patrón_4,PERDIÓ,-5.00,218.00
12:16:00,Patrón_4,GANÓ,4.00,222.00
12:17:00,Patrón_1,GANÓ,4.00,226.00
12:18:00,Patrón_5,PERDIÓ,-5.00,221.00
12:19:00,Patrón_4,GANÓ,4.00,225.00
12:20:00,Patrón_3,GANÓ,4.00,229.00
12:21:00,Patrón_3,GANÓ,4.00,233.00
12:22:00,Patrón_2,PERDIÓ,-5.00,228.00
12:23:00,Patrón_2,PERDIÓ,-5.00,223.00
12:24:00,Patrón_1,PERDIÓ,-5.00,218.00
12:25:00,Patrón_5,GANÓ,4.00,222.00
12:26:00,Patrón_1,GANÓ,4.00,226.00
12:27:00,Patrón_2,GANÓ,4.00,230.00
12:28:00,Patrón_3,PERDIÓ,-5.00,225.00
12:29:00,Patrón_1,GANÓ,4.00,229.00
12:30:00,Patrón_1,GANÓ,4.00,233.00
12:31:00,Patrón_5,PERDIÓ,-5.00,228.00
12:32:00,Patrón_3,GANÓ,4.00,232.00
12:33:00,Patrón_4,PERDIÓ,-5.00,227.00
12:34:00,Patrón_4,GANÓ,4.00,231.00
12:35:00,Patrón_5,GANÓ,4.00,235.00
12:36:00,Patrón_2,GANÓ,4.00,239.00
12:37:00,Patrón_2,GANÓ,4.00,243.00
12:38:00,Patrón_4,PERDIÓ,-5.00,238.00
12:39:00,Patrón_3,GANÓ,4.00,242.00
12:40:00,Patrón_4,PERDIÓ,-5.00,237.00
12:41:00,Patrón_3,GANÓ,4.00,241.00
12:42:00,Patrón_4,PERDIÓ,-5.00,236.00
12:43:00,Patrón_4,PERDIÓ,-5.00,231.00
12:44:00,Patrón_1,GANÓ,4.00,235.00
12:45:00,Patrón_4,PERDIÓ,-5.00,230.00
12:46:00,Patrón_3,GANÓ,4.00,234.00
12:47:00,Patrón_3,GANÓ,4.00,238.00
12:48:00,Patrón_1,PERDIÓ,-5.00,233.00
12:49:00,Patrón_4,PERDIÓ,-5.00,228.00
12:50:00,Patrón_1,PERDIÓ,-5.00,223.00
12:51:00,Patrón_2,GANÓ,4.00,227.00
12:52:00,Patrón_1,PERDIÓ,-5.00,222.00
12:53:00,Patrón_2,PERDIÓ,-5.00,217.00
12:54:00,Patrón_2,GANÓ,4.00,221.00
12:55:00,Patrón_1,GANÓ,4.00,225.00
12:56:00,Patrón_1,GANÓ,4.00,229.00
12:57:00,Patrón_2,PERDIÓ,-5.00,224.00
12:58:00,Patrón_1,GANÓ,4.00,228.00
12:59:00,Patrón_1,PERDIÓ,-5.00,223.00
01:00:00,Patrón_4,PERDIÓ,-5.00,218.00
01:01:00,Patrón_1,PERDIÓ,-5.00,213.00
01:02:00,Patrón_5,PERDIÓ,-5.00,208.00
01:03:00,Patrón_2,PERDIÓ,-5.00,203.00
01:04:00,Patrón_5,PERDIÓ,-5.00,198.00
01:05:00,Patrón_1,PERDIÓ,-5.00,193.00
01:06:00,Patrón_5,GANÓ,4.00,197.00
01:07:00,Patrón_1,GANÓ,4.00,201.00
01:08:00,Patrón_1,GANÓ,4.00,205.00
01:09:00,Patrón_3,GANÓ,4.00,209.00
01:10:00,Patrón_2,GANÓ,4.00,213.00
01:11:00,Patrón_2,GANÓ,4.00,217.00
01:12:00,Patrón_5,PERDIÓ,-5.00,212.00
01:13:00,Patrón_2,PERDIÓ,-5.00,207.00
01:14:00,Patrón_2,GANÓ,4.00,211.00
01:15:00,Patrón_4,GANÓ,4.00,215.00
01:16:00,Patrón_5,PERDIÓ,-5.00,210.00
01:17:00,Patrón_5,GANÓ,4.00,214.00
01:18:00,Patrón_3,PERDIÓ,-5.00,209.00
01:19:00,Patrón_3,GANÓ,4.00,213.00
01:20:00,Patrón_2,GANÓ,4.00,217.00
01:21:00,Patrón_1,GANÓ,4.00,221.00
01:22:00,Patrón_5,GANÓ,4.00,225.00
01:23:00,Patrón_4,GANÓ,4.00,229.00
01:24:00,Patrón_5,PERDIÓ,-5.00,224.00
01:25:00,Patrón_3,GANÓ,4.00,228.00
01:26:00,Patrón_5,GANÓ,4.00,232.00
01:27:00,Patrón_3,GANÓ,4.00,236.00
01:28:00,Patrón_5,GANÓ,4.00,240.00
01:29:00,Patrón_4,GANÓ,4.00,244.00
01:30:00,Patrón_5,PERDIÓ,-5.00,239.00
01:31:00,Patrón_3,GANÓ,4.00,243.00
01:32:00,Patrón_4,GANÓ,4.00,247.00
01:33:00,Patrón_3,GANÓ,4.00,251.00
01:34:00,Patrón_5,GANÓ,4.00,255.00
01:35:00,Patrón_2,GANÓ,4.00,259.00
01:36:00,Patrón_3,PERDIÓ,-5.00,254.00
01:37:00,Patrón_3,GANÓ,4.00,258.00
01:38:00,Patrón_2,GANÓ,4.00,262.00
01:39:00,Patrón_1,GANÓ,4.00,266.00
01:40:00,Patrón_3,GANÓ,4.00,270.00
01:41:00,Patrón_1,PERDIÓ,-5.00,265.00
01:42:00,Patrón_4,PERDIÓ,-5.00,260.00
01:43:00,Patrón_4,PERDIÓ,-5.00,255.00
01:44:00,Patrón_1,PERDIÓ,-5.00,250.00
01:45:00,Patrón_2,GANÓ,4.00,254.00
01:46:00,Patrón_2,PERDIÓ,-5.00,249.00
01:47:00,Patrón_1,GANÓ,4.00,253.00
01:48:00,Patrón_5,GANÓ,4.00,257.00
01:49:00,Patrón_1,GANÓ,4.00,261.00
01:50:00,Patrón_4,PERDIÓ,-5.00,256.00
01:51:00,Patrón_1,GANÓ,4.00,260.00
01:52:00,Patrón_3,GANÓ,4.00,264.00
01:53:00,Patrón_1,GANÓ,4.00,268.00
01:54:00,Patrón_2,PERDIÓ,-5.00,263.00
01:55:00,Patrón_4,PERDIÓ,-5.00,258.00
01:56:00,Patrón_3,GANÓ,4.00,262.00
01:57:00,Patrón_3,GANÓ,4.00,266.00
01:58:00,Patrón_3,GANÓ,4.00,270.00
01:59:00,Patrón_1,PERDIÓ,-5.00,265.00
02:00:00,Patrón_1,GANÓ,4.00,269.00
02:01:00,Patrón_3,PERDIÓ,-5.00,264.00
02:02:00,Patrón_4,GANÓ,4.00,268.00
02:03:00,Patrón_5,PERDIÓ,-5.00,263.00
02:04:00,Patrón_1,GANÓ,4.00,267.00
02:05:00,Patrón_2,GANÓ,4.00,271.00
02:06:00,Patrón_5,PERDIÓ,-5.00,266.00
02:07:00,Patrón_5,GANÓ,4.00,270.00
02:08:00,Patrón_3,PERDIÓ,-5.00,265.00
02:09:00,Patrón_4,GANÓ,4.00,269.00
02:10:00,Patrón_4,GANÓ,4.00,273.00
02:11:00,Patrón_2,PERDIÓ,-5.00,268.00
02:12:00,Patrón_2,GANÓ,4.00,272.00
02:13:00,Patrón_2,PERDIÓ,-5.00,267.00
02:14:00,Patrón_2,PERDIÓ,-5.00,262.00
02:15:00,Patrón_1,GANÓ,4.00,266.00
02:16:00,Patrón_2,GANÓ,4.00,270.00
02:17:00,Patrón_3,PERDIÓ,-5.00,265.00
02:18:00,Patrón_3,PERDIÓ,-5.00,260.00
02:19:00,Patrón_1,PERDIÓ,-5.00,255.00
02:20:00,Patrón_5,GANÓ,4.00,259.00
02:21:00,Patrón_1,GANÓ,4.00,263.00
02:22:00,Patrón_4,GANÓ,4.00,267.00
02:23:00,Patrón_2,GANÓ,4.00,271.00
02:24:00,Patrón_3,GANÓ,4.00,275.00
02:25:00,Patrón_3,GANÓ,4.00,279.00
02:26:00,Patrón_5,GANÓ,4.00,283.00
02:27:00,Patrón_3,GANÓ,4.00,287.00
02:28:00,Patrón_1,GANÓ,4.00,291.00
02:29:00,Patrón_4,GANÓ,4.00,295.00
02:30:00,Patrón_3,GANÓ,4.00,299.00
02:31:00,Patrón_5,GANÓ,4.00,303.00
02:32:00,Patrón_2,PERDIÓ,-5.00,298.00
02:33:00,Patrón_4,GANÓ,4.00,302.00
02:34:00,Patrón_4,GANÓ,4.00,306.00
02:35:00,Patrón_3,PERDIÓ,-5.00,301.00
02:36:00,Patrón_2,GANÓ,4.00,305.00
02:37:00,Patrón_3,GANÓ,4.00,309.00
02:38:00,Patrón_4,PERDIÓ,-5.00,304.00
02:39:00,Patrón_5,PERDIÓ,-5.00,299.00
02:40:00,Patrón_2,PERDIÓ,-5.00,294.00
02:41:00,Patrón_1,PERDIÓ,-5.00,289.00
02:42:00,Patrón_3,PERDIÓ,-5.00,284.00
02:43:00,Patrón_4,PERDIÓ,-5.00,279.00
02:44:00,Patrón_4,GANÓ,4.00,283.00
02:45:00,Patrón_3,GANÓ,4.00,287.00
02:46:00,Patrón_3,GANÓ,4.00,291.00
02:47:00,Patrón_3,GANÓ,4.00,295.00
02:48:00,Patrón_4,GANÓ,4.00,299.00
02:49:00,Patrón_3,GANÓ,4.00,303.00
02:50:00,Patrón_5,GANÓ,4.00,307.00
02:51:00,Patrón_4,GANÓ,4.00,311.00
02:52:00,Patrón_2,GANÓ,4.00,315.00
02:53:00,Patrón_5,PERDIÓ,-5.00,310.00
02:54:00,Patrón_1,GANÓ,4.00,314.00
02:55:00,Patrón_5,GANÓ,4.00,318.00
02:56:00,Patrón_5,GANÓ,4.00,322.00
02:57:00,Patrón_4,PERDIÓ,-5.00,317.00
02:58:00,Patrón_1,GANÓ,4.00,321.00
02:59:00,Patrón_2,GANÓ,4.00,325.00
03:00:00,Patrón_5,GANÓ,4.00,329.00
03:01:00,Patrón_5,GANÓ,4.00,333.00
03:02:00,Patrón_4,PERDIÓ,-5.00,328.00
03:03:00,Patrón_3,GANÓ,4.00,332.00
03:04:00,Patrón_1,GANÓ,4.00,336.00
03:05:00,Patrón_5,PERDIÓ,-5.00,331.00
03:06:00,Patrón_1,PERDIÓ,-5.00,326.00
03:07:00,Patrón_1,GANÓ,4.00,330.00
03:08:00,Patrón_5,GANÓ,4.00,334.00
03:09:00,Patrón_5,GANÓ,4.00,338.00
03:10:00,Patrón_4,PERDIÓ,-5.00,333.00
03:11:00,Patrón_1,GANÓ,4.00,337.00
03:12:00,Patrón_1,GANÓ,4.00,341.00
03:13:00,Patrón_3,GANÓ,4.00,345.00
03:14:00,Patrón_3,PERDIÓ,-5.00,340.00
03:15:00,Patrón_3,PERDIÓ,-5.00,335.00
03:16:00,Patrón_2,GANÓ,4.00,339.00
03:17:00,Patrón_4,PERDIÓ,-5.00,334.00
03:18:00,Patrón_2,GANÓ,4.00,338.00
03:19:00,Patrón_3,GANÓ,4.00,342.00
03:20:00,Patrón_5,GANÓ,4.00,346.00
03:21:00,Patrón_5,GANÓ,4.00,350.00
03:22:00,Patrón_2,PERDIÓ,-5.00,345.00
03:23:00,Patrón_1,GANÓ,4.00,349.00
03:24:00,Patrón_3,GANÓ,4.00,353.00
03:25:00,Patrón_3,GANÓ,4.00,357.00
03:26:00,Patrón_4,PERDIÓ,-5.00,352.00
03:27:00,Patrón_4,GANÓ,4.00,356.00
03:28:00,Patrón_3,PERDIÓ,-5.00,351.00
03:29:00,Patrón_5,GANÓ,4.00,355.00
03:30:00,Patrón_1,GANÓ,4.00,359.00
03:31:00,Patrón_4,PERDIÓ,-5.00,354.00
03:32:00,Patrón_2,PERDIÓ,-5.00,349.00
03:33:00,Patrón_3,GANÓ,4.00,353.00
03:34:00,Patrón_3,PERDIÓ,-5.00,348.00
03:35:00,Patrón_2,GANÓ,4.00,352.00
03:36:00,Patrón_2,GANÓ,4.00,356.00
03:37:00,Patrón_2,PERDIÓ,-5.00,351.00
03:38:00,Patrón_1,GANÓ,4.00,355.00
03:39:00,Patrón_4,PERDIÓ,-5.00,350.00
03:40:00,Patrón_5,GANÓ,4.00,354.00
03:41:00,Patrón_3,PERDIÓ,-5.00,349.00
03:42:00,Patrón_2,GANÓ,4.00,353.00
03:43:00,Patrón_2,PERDIÓ,-5.00,348.00
03:44:00,Patrón_4,GANÓ,4.00,352.00
03:45:00,Patrón_1,GANÓ,4.00,356.00
03:46:00,Patrón_1,GANÓ,4.00,360.00
03:47:00,Patrón_1,PERDIÓ,-5.00,355.00
03:48:00,Patrón_5,GANÓ,4.00,359.00
03:49:00,Patrón_3,GANÓ,4.00,363.00
03:50:00,Patrón_3,GANÓ,4.00,367.00
03:51:00,Patrón_3,GANÓ,4.00,371.00
03:52:00,Patrón_1,GANÓ,4.00,375.00
03:53:00,Patrón_5,PERDIÓ,-5.00,370.00
03:54:00,Patrón_3,GANÓ,4.00,374.00
03:55:00,Patrón_2,GANÓ,4.00,378.00
03:56:00,Patrón_4,PERDIÓ,-5.00,373.00
03:57:00,Patrón_5,GANÓ,4.00,377.00
03:58:00,Patrón_5,GANÓ,4.00,381.00
03:59:00,Patrón_5,GANÓ,4.00,385.00
04:00:00,Patrón_4,GANÓ,4.00,389.00
04:01:00,Patrón_2,GANÓ,4.00,393.00
04:02:00,Patrón_2,PERDIÓ,-5.00,388.00
04:03:00,Patrón_3,PERDIÓ,-5.00,383.00
04:04:00,Patrón_1,PERDIÓ,-5.00,378.00
04:05:00,Patrón_5,PERDIÓ,-5.00,373.00
04:06:00,Patrón_1,GANÓ,4.00,377.00
04:07:00,Patrón_5,GANÓ,4.00,381.00
04:08:00,Patrón_5,GANÓ,4.00,385.00
04:09:00,Patrón_1,PERDIÓ,-5.00,380.00
04:10:00,Patrón_5,PERDIÓ,-5.00,375.00
04:11:00,Patrón_2,PERDIÓ,-5.00,370.00
04:12:00,Patrón_3,GANÓ,4.00,374.00
04:13:00,Patrón_2,PERDIÓ,-5.00,369.00
04:14:00,Patrón_4,GANÓ,4.00,373.00
04:15:00,Patrón_1,GANÓ,4.00,377.00
04:16:00,Patrón_5,PERDIÓ,-5.00,372.00
04:17:00,Patrón_4,GANÓ,4.00,376.00
04:18:00,Patrón_5,GANÓ,4.00,380.00
04:19:00,Patrón_3,GANÓ,4.00,384.00
04:20:00,Patrón_5,PERDIÓ,-5.00,379.00
04:21:00,Patrón_1,PERDIÓ,-5.00,374.00
04:22:00,Patrón_5,GANÓ,4.00,378.00
04:23:00,Patrón_5,GANÓ,4.00,382.00
04:24:00,Patrón_4,GANÓ,4.00,386.00
04:25:00,Patrón_4,GANÓ,4.00,390.00
04:26:00,Patrón_2,GANÓ,4.00,394.00
04:27:00,Patrón_1,GANÓ,4.00,398.00
04:28:00,Patrón_4,PERDIÓ,-5.00,393.00
04:29:00,Patrón_3,GANÓ,4.00,397.00
04:30:00,Patrón_4,PERDIÓ,-5.00,392.00
04:31:00,Patrón_2,GANÓ,4.00,396.00
04:32:00,Patrón_1,GANÓ,4.00,400.00
04:33:00,Patrón_4,PERDIÓ,-5.00,395.00
04:34:00,Patrón_1,GANÓ,4.00,399.00
04:35:00,Patrón_4,GANÓ,4.00,403.00
04:36:00,Patrón_2,PERDIÓ,-5.00,398.00
04:37:00,Patrón_5,GANÓ,4.00,402.00
04:38:00,Patrón_2,GANÓ,4.00,406.00
04:39:00,Patrón_4,GANÓ,4.00,410.00
04:40:00,Patrón_4,PERDIÓ,-5.00,405.00
04:41:00,Patrón_2,PERDIÓ,-5.00,400.00
04:42:00,Patrón_1,GANÓ,4.00,404.00
04:43:00,Patrón_2,PERDIÓ,-5.00,399.00
04:44:00,Patrón_1,GANÓ,4.00,403.00
04:45:00,Patrón_3,GANÓ,4.00,407.00
04:46:00,Patrón_1,GANÓ,4.00,411.00
04:47:00,Patrón_1,PERDIÓ,-5.00,406.00
04:48:00,Patrón_3,GANÓ,4.00,410.00
04:49:00,Patrón_3,GANÓ,4.00,414.00
04:50:00,Patrón_4,GANÓ,4.00,418.00
04:51:00,Patrón_2,PERDIÓ,-5.00,413.00
04:52:00,Patrón_2,GANÓ,4.00,417.00
04:53:00,Patrón_5,GANÓ,4.00,421.00
04:54:00,Patrón_4,GANÓ,4.00,425.00
04:55:00,Patrón_1,GANÓ,4.00,429.00
04:56:00,Patrón_4,GANÓ,4.00,433.00
04:57:00,Patrón_5,GANÓ,4.00,437.00
04:58:00,Patrón_2,PERDIÓ,-5.00,432.00
04:59:00,Patrón_4,GANÓ,4.00,436.00
05:00:00,Patrón_1,GANÓ,4.00,440.00
05:01:00,Patrón_1,GANÓ,4.00,444.00
05:02:00,Patrón_5,GANÓ,4.00,448.00
05:03:00,Patrón_4,PERDIÓ,-5.00,443.00
05:04:00,Patrón_3,GANÓ,4.00,447.00
05:05:00,Patrón_2,GANÓ,4.00,451.00
05:06:00,Patrón_5,GANÓ,4.00,455.00
05:07:00,Patrón_4,GANÓ,4.00,459.00
05:08:00,Patrón_4,PERDIÓ,-5.00,454.00
05:09:00,Patrón_4,PERDIÓ,-5.00,449.00
05:10:00,Patrón_1,GANÓ,4.00,453.00
05:11:00,Patrón_5,GANÓ,4.00,457.00
05:12:00,Patrón_4,GANÓ,4.00,461.00
05:13:00,Patrón_5,GANÓ,4.00,465.00
05:14:00,Patrón_1,GANÓ,4.00,469.00
05:15:00,Patrón_3,GANÓ,4.00,473.00
05:16:00,Patrón_4,GANÓ,4.00,477.00
05:17:00,Patrón_1,PERDIÓ,-5.00,472.00
05:18:00,Patrón_5,GANÓ,4.00,476.00
05:19:00,Patrón_4,PERDIÓ,-5.00,471.00
05:20:00,Patrón_4,PERDIÓ,-5.00,466.00
05:21:00,Patrón_2,GANÓ,4.00,470.00
05:22:00,Patrón_2,GANÓ,4.00,474.00
05:23:00,Patrón_2,GANÓ,4.00,478.00
05:24:00,Patrón_5,GANÓ,4.00,482.00
05:25:00,Patrón_1,PERDIÓ,-5.00,477.00
05:26:00,Patrón_2,GANÓ,4.00,481.00
05:27:00,Patrón_3,GANÓ,4.00,485.00
05:28:00,Patrón_5,GANÓ,4.00,489.00
05:29:00,Patrón_1,PERDIÓ,-5.00,484.00
05:30:00,Patrón_4,GANÓ,4.00,488.00
05:31:00,Patrón_1,GANÓ,4.00,492.00
05:32:00,Patrón_1,PERDIÓ,-5.00,487.00
05:33:00,Patrón_5,GANÓ,4.00,491.00
05:34:00,Patrón_4,GANÓ,4.00,495.00
05:35:00,Patrón_4,GANÓ,4.00,499.00
05:36:00,Patrón_5,PERDIÓ,-5.00,494.00
05:37:00,Patrón_4,PERDIÓ,-5.00,489.00
05:38:00,Patrón_4,PERDIÓ,-5.00,484.00
05:39:00,Patrón_3,GANÓ,4.00,488.00
05:40:00,Patrón_5,GANÓ,4.00,492.00
05:41:00,Patrón_2,GANÓ,4.00,496.00
05:42:00,Patrón_2,PERDIÓ,-5.00,491.00
05:43:00,Patrón_3,PERDIÓ,-5.00,486.00
05:44:00,Patrón_1,PERDIÓ,-5.00,481.00
05:45:00,Patrón_4,PERDIÓ,-5.00,476.00
05:46:00,Patrón_4,GANÓ,4.00,480.00
05:47:00,Patrón_1,PERDIÓ,-5.00,475.00
05:48:00,Patrón_3,PERDIÓ,-5.00,470.00
05:49:00,Patrón_5,PERDIÓ,-5.00,465.00
05:50:00,Patrón_5,PERDIÓ,-5.00,460.00
05:51:00,Patrón_2,GANÓ,4.00,464.00
05:52:00,Patrón_5,PERDIÓ,-5.00,459.00
05:53:00,Patrón_2,GANÓ,4.00,463.00
05:54:00,Patrón_3,GANÓ,4.00,467.00
05:55:00,Patrón_5,GANÓ,4.00,471.00
05:56:00,Patrón_1,PERDIÓ,-5.00,466.00
05:57:00,Patrón_3,GANÓ,4.00,470.00
05:58:00,Patrón_4,GANÓ,4.00,474.00
05:59:00,Patrón_5,GANÓ,4.00,478.00
06:00:00,Patrón_5,PERDIÓ,-5.00,473.00
06:01:00,Patrón_3,GANÓ,4.00,477.00
06:02:00,Patrón_5,PERDIÓ,-5.00,472.00
06:03:00,Patrón_3,PERDIÓ,-5.00,467.00
06:04:00,Patrón_3,PERDIÓ,-5.00,462.00
06:05:00,Patrón_5,PERDIÓ,-5.00,457.00
06:06:00,Patrón_1,PERDIÓ,-5.00,452.00
06:07:00,Patrón_2,GANÓ,4.00,456.00
06:08:00,Patrón_4,GANÓ,4.00,460.00
06:09:00,Patrón_4,GANÓ,4.00,464.00
06:10:00,Patrón_2,PERDIÓ,-5.00,459.00
06:11:00,Patrón_3,PERDIÓ,-5.00,454.00
06:12:00,Patrón_2,GANÓ,4.00,458.00
06:13:00,Patrón_4,GANÓ,4.00,462.00
06:14:00,Patrón_2,GANÓ,4.00,466.00
06:15:00,Patrón_5,PERDIÓ,-5.00,461.00
06:16:00,Patrón_2,GANÓ,4.00,465.00
06:17:00,Patrón_3,GANÓ,4.00,469.00
06:18:00,Patrón_4,PERDIÓ,-5.00,464.00
06:19:00,Patrón_3,PERDIÓ,-5.00,459.00
06:20:00,Patrón_5,PERDIÓ,-5.00,454.00
06:21:00,Patrón_5,PERDIÓ,-5.00,449.00
06:22:00,Patrón_5,PERDIÓ,-5.00,444.00
06:23:00,Patrón_4,GANÓ,4.00,448.00
06:24:00,Patrón_1,PERDIÓ,-5.00,443.00
06:25:00,Patrón_4,GANÓ,4.00,447.00
06:26:00,Patrón_1,GANÓ,4.00,451.00
06:27:00,Patrón_1,PERDIÓ,-5.00,446.00
06:28:00,Patrón_3,GANÓ,4.00,450.00
06:29:00,Patrón_5,GANÓ,4.00,454.00
06:30:00,Patrón_4,PERDIÓ,-5.00,449.00
06:31:00,Patrón_1,GANÓ,4.00,453.00
06:32:00,Patrón_3,PERDIÓ,-5.00,448.00
06:33:00,Patrón_1,GANÓ,4.00,452.00
06:34:00,Patrón_2,PERDIÓ,-5.00,447.00
06:35:00,Patrón_4,GANÓ,4.00,451.00
06:36:00,Patrón_5,GANÓ,4.00,455.00
06:37:00,Patrón_1,GANÓ,4.00,459.00
06:38:00,Patrón_5,PERDIÓ,-5.00,454.00
06:39:00,Patrón_3,GANÓ,4.00,458.00
06:40:00,Patrón_5,PERDIÓ,-5.00,453.00
06:41:00,Patrón_4,PERDIÓ,-5.00,448.00
06:42:00,Patrón_5,GANÓ,4.00,452.00
06:43:00,Patrón_3,PERDIÓ,-5.00,447.00
06:44:00,Patrón_1,GANÓ,4.00,451.00
06:45:00,Patrón_3,PERDIÓ,-5.00,446.00
06:46:00,Patrón_1,GANÓ,4.00,450.00
06:47:00,Patrón_2,PERDIÓ,-5.00,445.00
06:48:00,Patrón_4,GANÓ,4.00,449.00
06:49:00,Patrón_2,PERDIÓ,-5.00,444.00
06:50:00,Patrón_2,GANÓ,4.00,448.00
06:51:00,Patrón_3,PERDIÓ,-5.00,443.00
06:52:00,Patrón_1,GANÓ,4.00,447.00
06:53:00,Patrón_2,GANÓ,4.00,451.00
06:54:00,Patrón_2,PERDIÓ,-5.00,446.00
06:55:00,Patrón_4,GANÓ,4.00,450.00
06:56:00,Patrón_3,GANÓ,4.00,454.00
06:57:00,Patrón_1,GANÓ,4.00,458.00
06:58:00,Patrón_3,GANÓ,4.00,462.00
06:59:00,Patrón_4,GANÓ,4.00,466.00
07:00:00,Patrón_4,PERDIÓ,-5.00,461.00
07:01:00,Patrón_1,PERDIÓ,-5.00,456.00
07:02:00,Patrón_4,GANÓ,4.00,460.00
07:03:00,Patrón_3,GANÓ,4.00,464.00
07:04:00,Patrón_5,GANÓ,4.00,468.00
07:05:00,Patrón_5,GANÓ,4.00,472.00
07:06:00,Patrón_1,PERDIÓ,-5.00,467.00
07:07:00,Patrón_3,PERDIÓ,-5.00,462.00
07:08:00,Patrón_3,GANÓ,4.00,466.00
07:09:00,Patrón_5,GANÓ,4.00,470.00
07:10:00,Patrón_2,GANÓ,4.00,474.00
07:11:00,Patrón_2,GANÓ,4.00,478.00
07:12:00,Patrón_4,GANÓ,4.00,482.00
07:13:00,Patrón_3,GANÓ,4.00,486.00
07:14:00,Patrón_1,GANÓ,4.00,490.00
07:15:00,Patrón_2,GANÓ,4.00,494.00
07:16:00,Patrón_4,GANÓ,4.00,498.00
07:17:00,Patrón_4,PERDIÓ,-5.00,493.00
07:18:00,Patrón_1,GANÓ,4.00,497.00
07:19:00,Patrón_5,GANÓ,4.00,501.00
07:20:00,Patrón_1,GANÓ,4.00,505.00
07:21:00,Patrón_4,GANÓ,4.00,509.00
07:22:00,Patrón_5,PERDIÓ,-5.00,504.00
07:23:00,Patrón_1,GANÓ,4.00,508.00
07:24:00,Patrón_2,GANÓ,4.00,512.00
07:25:00,Patrón_2,PERDIÓ,-5.00,507.00
07:26:00,Patrón_3,GANÓ,4.00,511.00
07:27:00,Patrón_3,GANÓ,4.00,515.00
07:28:00,Patrón_1,PERDIÓ,-5.00,510.00
07:29:00,Patrón_2,PERDIÓ,-5.00,505.00
07:30:00,Patrón_2,PERDIÓ,-5.00,500.00
07:31:00,Patrón_3,PERDIÓ,-5.00,495.00
07:32:00,Patrón_2,PERDIÓ,-5.00,490.00
07:33:00,Patrón_3,GANÓ,4.00,494.00
07:34:00,Patrón_2,PERDIÓ,-5.00,489.00
07:35:00,Patrón_2,PERDIÓ,-5.00,484.00
07:36:00,Patrón_2,GANÓ,4.00,488.00
07:37:00,Patrón_3,PERDIÓ,-5.00,483.00
07:38:00,Patrón_1,GANÓ,4.00,487.00
07:39:00,Patrón_3,GANÓ,4.00,491.00
07:40:00,Patrón_1,GANÓ,4.00,495.00
07:41:00,Patrón_3,GANÓ,4.00,499.00
07:42:00,Patrón_3,GANÓ,4.00,503.00
07:43:00,Patrón_1,GANÓ,4.00,507.00
07:44:00,Patrón_5,PERDIÓ,-5.00,502.00
07:45:00,Patrón_1,PERDIÓ,-5.00,497.00
07:46:00,Patrón_3,GANÓ,4.00,501.00
07:47:00,Patrón_1,GANÓ,4.00,505.00
07:48:00,Patrón_4,GANÓ,4.00,509.00
07:49:00,Patrón_1,GANÓ,4.00,513.00
07:50:00,Patrón_2,GANÓ,4.00,517.00
07:51:00,Patrón_4,GANÓ,4.00,521.00
07:52:00,Patrón_2,PERDIÓ,-5.00,516.00
07:53:00,Patrón_1,GANÓ,4.00,520.00
07:54:00,Patrón_2,PERDIÓ,-5.00,515.00
07:55:00,Patrón_2,GANÓ,4.00,519.00
07:56:00,Patrón_2,PERDIÓ,-5.00,514.00
07:57:00,Patrón_2,GANÓ,4.00,518.00
07:58:00,Patrón_4,GANÓ,4.00,522.00
07:59:00,Patrón_5,GANÓ,4.00,526.00
08:00:00,Patrón_4,GANÓ,4.00,530.00
08:01:00,Patrón_3,PERDIÓ,-5.00,525.00
08:02:00,Patrón_3,GANÓ,4.00,529.00
08:03:00,Patrón_3,PERDIÓ,-5.00,524.00
08:04:00,Patrón_5,GANÓ,4.00,528.00
08:05:00,Patrón_5,GANÓ,4.00,532.00
08:06:00,Patrón_2,GANÓ,4.00,536.00
08:07:00,Patrón_1,PERDIÓ,-5.00,531.00
08:08:00,Patrón_3,GANÓ,4.00,535.00
08:09:00,Patrón_3,GANÓ,4.00,539.00
08:10:00,Patrón_5,PERDIÓ,-5.00,534.00
08:11:00,Patrón_5,GANÓ,4.00,538.00
08:12:00,Patrón_4,PERDIÓ,-5.00,533.00
08:13:00,Patrón_4,GANÓ,4.00,537.00
08:14:00,Patrón_1,PERDIÓ,-5.00,532.00
08:15:00,Patrón_5,PERDIÓ,-5.00,527.00
08:16:00,Patrón_5,GANÓ,4.00,531.00
08:17:00,Patrón_4,GANÓ,4.00,535.00
08:18:00,Patrón_5,PERDIÓ,-5.00,530.00
08:19:00,Patrón_5,GANÓ,4.00,534.00
08:20:00,Patrón_5,PERDIÓ,-5.00,529.00
08:21:00,Patrón_4,GANÓ,4.00,533.00
08:22:00,Patrón_3,PERDIÓ,-5.00,528.00
08:23:00,Patrón_5,GANÓ,4.00,532.00
08:24:00,Patrón_4,GANÓ,4.00,536.00
08:25:00,Patrón_1,PERDIÓ,-5.00,531.00
08:26:00,Patrón_4,GANÓ,4.00,535.00
08:27:00,Patrón_3,PERDIÓ,-5.00,530.00
08:28:00,Patrón_5,GANÓ,4.00,534.00
08:29:00,Patrón_5,PERDIÓ,-5.00,529.00
08:30:00,Patrón_4,GANÓ,4.00,533.00
08:31:00,Patrón_1,PERDIÓ,-5.00,528.00
08:32:00,Patrón_5,PERDIÓ,-5.00,523.00
08:33:00,Patrón_1,GANÓ,4.00,527.00
08:34:00,Patrón_3,GANÓ,4.00,531.00
08:35:00,Patrón_5,PERDIÓ,-5.00,526.00
08:36:00,Patrón_4,GANÓ,4.00,530.00
08:37:00,Patrón_4,GANÓ,4.00,534.00
08:38:00,Patrón_1,PERDIÓ,-5.00,529.00
08:39:00,Patrón_4,GANÓ,4.00,533.00
08:40:00,Patrón_4,PERDIÓ,-5.00,528.00
08:41:00,Patrón_3,PERDIÓ,-5.00,523.00
08:42:00,Patrón_5,PERDIÓ,-5.00,518.00
08:43:00,Patrón_5,PERDIÓ,-5.00,513.00
08:44:00,Patrón_3,GANÓ,4.00,517.00
08:45:00,Patrón_3,PERDIÓ,-5.00,512.00
08:46:00,Patrón_1,GANÓ,4.00,516.00
08:47:00,Patrón_2,GANÓ,4.00,520.00
08:48:00,Patrón_3,PERDIÓ,-5.00,515.00
08:49:00,Patrón_4,PERDIÓ,-5.00,510.00
08:50:00,Patrón_5,PERDIÓ,-5.00,505.00
08:51:00,Patrón_3,GANÓ,4.00,509.00
08:52:00,Patrón_5,GANÓ,4.00,513.00
08:53:00,Patrón_3,GANÓ,4.00,517.00
08:54:00,Patrón_4,PERDIÓ,-5.00,512.00
08:55:00,Patrón_4,PERDIÓ,-5.00,507.00
08:56:00,Patrón_2,GANÓ,4.00,511.00
08:57:00,Patrón_3,GANÓ,4.00,515.00
08:58:00,Patrón_1,GANÓ,4.00,519.00
08:59:00,Patrón_5,GANÓ,4.00,523.00
09:00:00,Patrón_3,PERDIÓ,-5.00,518.00
09:01:00,Patrón_2,GANÓ,4.00,522.00
09:02:00,Patrón_2,GANÓ,4.00,526.00
09:03:00,Patrón_4,GANÓ,4.00,530.00
09:04:00,Patrón_5,GANÓ,4.00,534.00
09:05:00,Patrón_1,GANÓ,4.00,538.00
09:06:00,Patrón_3,GANÓ,4.00,542.00
09:07:00,Patrón_1,GANÓ,4.00,546.00
09:08:00,Patrón_5,PERDIÓ,-5.00,541.00
09:09:00,Patrón_4,PERDIÓ,-5.00,536.00
09:10:00,Patrón_5,GANÓ,4.00,540.00
09:11:00,Patrón_1,GANÓ,4.00,544.00
09:12:00,Patrón_5,GANÓ,4.00,548.00
09:13:00,Patrón_3,PERDIÓ,-5.00,543.00
09:14:00,Patrón_4,GANÓ,4.00,547.00
09:15:00,Patrón_1,GANÓ,4.00,551.00
09:16:00,Patrón_3,GANÓ,4.00,555.00
09:17:00,Patrón_4,GANÓ,4.00,559.00
09:18:00,Patrón_5,PERDIÓ,-5.00,554.00
09:19:00,Patrón_5,PERDIÓ,-5.00,549.00
09:20:00,Patrón_4,GANÓ,4.00,553.00
09:21:00,Patrón_4,PERDIÓ,-5.00,548.00
09:22:00,Patrón_5,GANÓ,4.00,552.00
09:23:00,Patrón_2,PERDIÓ,-5.00,547.00
09:24:00,Patrón_2,PERDIÓ,-5.00,542.00
09:25:00,Patrón_2,PERDIÓ,-5.00,537.00
09:26:00,Patrón_3,GANÓ,4.00,541.00
09:27:00,Patrón_5,GANÓ,4.00,545.00
09:28:00,Patrón_4,GANÓ,4.00,549.00
09:29:00,Patrón_2,GANÓ,4.00,553.00
09:30:00,Patrón_5,PERDIÓ,-5.00,548.00
09:31:00,Patrón_4,PERDIÓ,-5.00,543.00
09:32:00,Patrón_5,GANÓ,4.00,547.00
09:33:00,Patrón_3,GANÓ,4.00,551.00
09:34:00,Patrón_3,PERDIÓ,-5.00,546.00
09:35:00,Patrón_3,GANÓ,4.00,550.00
09:36:00,Patrón_4,PERDIÓ,-5.00,545.00
09:37:00,Patrón_5,GANÓ,4.00,549.00
09:38:00,Patrón_2,PERDIÓ,-5.00,544.00
09:39:00,Patrón_5,PERDIÓ,-5.00,539.00
09:40:00,Patrón_5,PERDIÓ,-5.00,534.00
09:41:00,Patrón_5,GANÓ,4.00,538.00
09:42:00,Patrón_3,GANÓ,4.00,542.00
09:43:00,Patrón_3,GANÓ,4.00,546.00
09:44:00,Patrón_5,GANÓ,4.00,550.00
09:45:00,Patrón_3,PERDIÓ,-5.00,545.00
09:46:00,Patrón_5,GANÓ,4.00,549.00
09:47:00,Patrón_2,GANÓ,4.00,553.00
09:48:00,Patrón_4,PERDIÓ,-5.00,548.00
09:49:00,Patrón_2,PERDIÓ,-5.00,543.00
09:50:00,Patrón_1,PERDIÓ,-5.00,538.00
09:51:00,Patrón_1,PERDIÓ,-5.00,533.00
09:52:00,Patrón_3,GANÓ,4.00,537.00
09:53:00,Patrón_3,PERDIÓ,-5.00,532.00
09:54:00,Patrón_4,GANÓ,4.00,536.00
09:55:00,Patrón_4,GANÓ,4.00,540.00
09:56:00,Patrón_5,GANÓ,4.00,544.00
09:57:00,Patrón_3,GANÓ,4.00,548.00
09:58:00,Patrón_5,GANÓ,4.00,552.00
09:59:00,Patrón_5,PERDIÓ,-5.00,547.00
10:00:00,Patrón_5,GANÓ,4.00,551.00
10:01:00,Patrón_4,PERDIÓ,-5.00,546.00
10:02:00,Patrón_3,PERDIÓ,-5.00,541.00
10:03:00,Patrón_5,GANÓ,4.00,545.00
10:04:00,Patrón_2,PERDIÓ,-5.00,540.00
10:05:00,Patrón_4,PERDIÓ,-5.00,535.00
10:06:00,Patrón_1,PERDIÓ,-5.00,530.00
10:07:00,Patrón_5,GANÓ,4.00,534.00
10:08:00,Patrón_5,PERDIÓ,-5.00,529.00
10:09:00,Patrón_3,GANÓ,4.00,533.00
10:10:00,Patrón_5,GANÓ,4.00,537.00
10:11:00,Patrón_2,PERDIÓ,-5.00,532.00
10:12:00,Patrón_4,PERDIÓ,-5.00,527.00
10:13:00,Patrón_1,GANÓ,4.00,531.00
10:14:00,Patrón_1,GANÓ,4.00,535.00
10:15:00,Patrón_1,GANÓ,4.00,539.00
10:16:00,Patrón_4,GANÓ,4.00,543.00
10:17:00,Patrón_5,PERDIÓ,-5.00,538.00
10:18:00,Patrón_5,PERDIÓ,-5.00,533.00
10:19:00,Patrón_4,GANÓ,4.00,537.00
10:20:00,Patrón_3,PERDIÓ,-5.00,532.00
10:21:00,Patrón_1,GANÓ,4.00,536.00
10:22:00,Patrón_3,GANÓ,4.00,540.00
10:23:00,Patrón_2,GANÓ,4.00,544.00
10:24:00,Patrón_1,GANÓ,4.00,548.00
10:25:00,Patrón_1,PERDIÓ,-5.00,543.00
10:26:00,Patrón_3,PERDIÓ,-5.00,538.00
10:27:00,Patrón_2,PERDIÓ,-5.00,533.00
10:28:00,Patrón_4,GANÓ,4.00,537.00
10:29:00,Patrón_2,GANÓ,4.00,541.00
10:30:00,Patrón_1,GANÓ,4.00,545.00
10:31:00,Patrón_5,GANÓ,4.00,549.00
10:32:00,Patrón_3,GANÓ,4.00,553.00
10:33:00,Patrón_3,PERDIÓ,-5.00,548.00
10:34:00,Patrón_1,PERDIÓ,-5.00,543.00
10:35:00,Patrón_2,PERDIÓ,-5.00,538.00
10:36:00,Patrón_4,GANÓ,4.00,542.00
10:37:00,Patrón_3,GANÓ,4.00,546.00
10:38:00,Patrón_2,PERDIÓ,-5.00,541.00
10:39:00,Patrón_3,GANÓ,4.00,545.00
10:40:00,Patrón_3,GANÓ,4.00,549.00
10:41:00,Patrón_4,PERDIÓ,-5.00,544.00
10:42:00,Patrón_1,PERDIÓ,-5.00,539.00
10:43:00,Patrón_3,GANÓ,4.00,543.00
10:44:00,Patrón_1,PERDIÓ,-5.00,538.00
10:45:00,Patrón_4,GANÓ,4.00,542.00
10:46:00,Patrón_3,GANÓ,4.00,546.00
10:47:00,Patrón_3,PERDIÓ,-5.00,541.00
10:48:00,Patrón_3,GANÓ,4.00,545.00
10:49:00,Patrón_4,GANÓ,4.00,549.00
10:50:00,Patrón_2,GANÓ,4.00,553.00
10:51:00,Patrón_3,GANÓ,4.00,557.00
10:52:00,Patrón_4,GANÓ,4.00,561.00
10:53:00,Patrón_2,GANÓ,4.00,565.00
10:54:00,Patrón_5,GANÓ,4.00,569.00
10:55:00,Patrón_5,GANÓ,4.00,573.00
10:56:00,Patrón_1,GANÓ,4.00,577.00
10:57:00,Patrón_1,GANÓ,4.00,581.00
10:58:00,Patrón_3,PERDIÓ,-5.00,576.00
10:59:00,Patrón_3,PERDIÓ,-5.00,571.00
11:00:00,Patrón_2,PERDIÓ,-5.00,566.00
11:01:00,Patrón_1,PERDIÓ,-5.00,561.00
11:02:00,Patrón_1,GANÓ,4.00,565.00
11:03:00,Patrón_3,GANÓ,4.00,569.00
11:04:00,Patrón_5,GANÓ,4.00,573.00
11:05:00,Patrón_2,GANÓ,4.00,577.00
11:06:00,Patrón_3,GANÓ,4.00,581.00
11:07:00,Patrón_5,GANÓ,4.00,585.00
11:08:00,Patrón_5,GANÓ,4.00,589.00
11:09:00,Patrón_3,GANÓ,4.00,593.00
11:10:00,Patrón_4,GANÓ,4.00,597.00
11:11:00,Patrón_2,GANÓ,4.00,601.00
11:12:00,Patrón_5,GANÓ,4.00,605.00
11:13:00,Patrón_2,GANÓ,4.00,609.00
11:14:00,Patrón_1,GANÓ,4.00,613.00
11:15:00,Patrón_1,GANÓ,4.00,617.00
11:16:00,Patrón_5,PERDIÓ,-5.00,612.00
11:17:00,Patrón_2,PERDIÓ,-5.00,607.00
11:18:00,Patrón_1,GANÓ,4.00,611.00
11:19:00,Patrón_3,PERDIÓ,-5.00,606.00
11:20:00,Patrón_1,PERDIÓ,-5.00,601.00
11:21:00,Patrón_4,GANÓ,4.00,605.00
11:22:00,Patrón_5,PERDIÓ,-5.00,600.00
11:23:00,Patrón_2,GANÓ,4.00,604.00
11:24:00,Patrón_2,GANÓ,4.00,608.00
11:25:00,Patrón_1,GANÓ,4.00,612.00
11:26:00,Patrón_1,PERDIÓ,-5.00,607.00
11:27:00,Patrón_3,GANÓ,4.00,611.00
11:28:00,Patrón_5,PERDIÓ,-5.00,606.00
11:29:00,Patrón_4,PERDIÓ,-5.00,601.00
11:30:00,Patrón_2,GANÓ,4.00,605.00
11:31:00,Patrón_4,PERDIÓ,-5.00,600.00
11:32:00,Patrón_5,PERDIÓ,-5.00,595.00
11:33:00,Patrón_3,PERDIÓ,-5.00,590.00
11:34:00,Patrón_3,PERDIÓ,-5.00,585.00
11:35:00,Patrón_1,PERDIÓ,-5.00,580.00
11:36:00,Patrón_2,PERDIÓ,-5.00,575.00
11:37:00,Patrón_2,PERDIÓ,-5.00,570.00
11:38:00,Patrón_5,GANÓ,4.00,574.00
11:39:00,Patrón_5,PERDIÓ,-5.00,569.00
11:40:00,Patrón_2,GANÓ,4.00,573.00
11:41:00,Patrón_4,PERDIÓ,-5.00,568.00
11:42:00,Patrón_2,GANÓ,4.00,572.00
11:43:00,Patrón_3,GANÓ,4.00,576.00
11:44:00,Patrón_1,GANÓ,4.00,580.00
11:45:00,Patrón_4,GANÓ,4.00,584.00
11:46:00,Patrón_5,GANÓ,4.00,588.00
11:47:00,Patrón_5,GANÓ,4.00,592.00
11:48:00,Patrón_2,GANÓ,4.00,596.00
11:49:00,Patrón_5,GANÓ,4.00,600.00
11:50:00,Patrón_1,GANÓ,4.00,604.00
11:51:00,Patrón_5,PERDIÓ,-5.00,599.00
11:52:00,Patrón_1,GANÓ,4.00,603.00
11:53:00,Patrón_4,PERDIÓ,-5.00,598.00
11:54:00,Patrón_4,PERDIÓ,-5.00,593.00
11:55:00,Patrón_2,GANÓ,4.00,597.00
11:56:00,Patrón_3,GANÓ,4.00,601.00
11:57:00,Patrón_4,GANÓ,4.00,605.00
11:58:00,Patrón_4,GANÓ,4.00,609.00
11:59:00,Patrón_4,GANÓ,4.00,613.00
12:00:00,Patrón_3,PERDIÓ,-5.00,608.00
12:01:00,Patrón_4,GANÓ,4.00,612.00
12:02:00,Patrón_4,GANÓ,4.00,616.00
12:03:00,Patrón_2,PERDIÓ,-5.00,611.00
12:04:00,Patrón_5,GANÓ,4.00,615.00
12:05:00,Patrón_5,PERDIÓ,-5.00,610.00
12:06:00,Patrón_4,GANÓ,4.00,614.00
12:07:00,Patrón_2,GANÓ,4.00,618.00
12:08:00,Patrón_5,GANÓ,4.00,622.00
12:09:00,Patrón_4,GANÓ,4.00,626.00
12:10:00,Patrón_5,PERDIÓ,-5.00,621.00
12:11:00,Patrón_3,GANÓ,4.00,625.00
12:12:00,Patrón_2,GANÓ,4.00,629.00
12:13:00,Patrón_3,PERDIÓ,-5.00,624.00
12:14:00,Patrón_1,GANÓ,4.00,628.00
12:15:00,Patrón_2,GANÓ,4.00,632.00
12:16:00,Patrón_4,GANÓ,4.00,636.00
12:17:00,Patrón_5,GANÓ,4.00,640.00
12:18:00,Patrón_1,PERDIÓ,-5.00,635.00
12:19:00,Patrón_4,GANÓ,4.00,639.00
12:20:00,Patrón_1,GANÓ,4.00,643.00
12:21:00,Patrón_2,GANÓ,4.00,647.00
12:22:00,Patrón_4,PERDIÓ,-5.00,642.00
12:23:00,Patrón_1,GANÓ,4.00,646.00
12:24:00,Patrón_4,GANÓ,4.00,650.00
12:25:00,Patrón_2,PERDIÓ,-5.00,645.00
12:26:00,Patrón_3,GANÓ,4.00,649.00
12:27:00,Patrón_3,PERDIÓ,-5.00,644.00
12:28:00,Patrón_1,PERDIÓ,-5.00,639.00
12:29:00,Patrón_2,PERDIÓ,-5.00,634.00
12:30:00,Patrón_2,GANÓ,4.00,638.00
12:31:00,Patrón_4,GANÓ,4.00,642.00
12:32:00,Patrón_5,GANÓ,4.00,646.00
12:33:00,Patrón_1,GANÓ,4.00,650.00
12:34:00,Patrón_4,GANÓ,4.00,654.00
12:35:00,Patrón_2,GANÓ,4.00,658.00
12:36:00,Patrón_3,GANÓ,4.00,662.00
12:37:00,Patrón_3,GANÓ,4.00,666.00
12:38:00,Patrón_1,PERDIÓ,-5.00,661.00
12:39:00,Patrón_4,GANÓ,4.00,665.00
12:40:00,Patrón_2,PERDIÓ,-5.00,660.00
12:41:00,Patrón_3,PERDIÓ,-5.00,655.00
12:42:00,Patrón_1,PERDIÓ,-5.00,650.00
12:43:00,Patrón_2,GANÓ,4.00,654.00
12:44:00,Patrón_1,GANÓ,4.00,658.00
12:45:00,Patrón_1,PERDIÓ,-5.00,653.00
12:46:00,Patrón_1,GANÓ,4.00,657.00
12:47:00,Patrón_3,PERDIÓ,-5.00,652.00
12:48:00,Patrón_1,GANÓ,4.00,656.00
12:49:00,Patrón_2,GANÓ,4.00,660.00
12:50:00,Patrón_4,GANÓ,4.00,664.00
12:51:00,Patrón_3,PERDIÓ,-5.00,659.00
12:52:00,Patrón_2,GANÓ,4.00,663.00
12:53:00,Patrón_1,PERDIÓ,-5.00,658.00
12:54:00,Patrón_3,PERDIÓ,-5.00,653.00
12:55:00,Patrón_1,GANÓ,4.00,657.00
12:56:00,Patrón_5,PERDIÓ,-5.00,652.00
12:57:00,Patrón_1,GANÓ,4.00,656.00
12:58:00,Patrón_2,PERDIÓ,-5.00,651.00
12:59:00,Patrón_4,GANÓ,4.00,655.00
01:00:00,Patrón_3,PERDIÓ,-5.00,650.00
01:01:00,Patrón_5,GANÓ,4.00,654.00
01:02:00,Patrón_1,GANÓ,4.00,658.00
01:03:00,Patrón_4,GANÓ,4.00,662.00
01:04:00,Patrón_5,GANÓ,4.00,666.00
01:05:00,Patrón_3,PERDIÓ,-5.00,661.00
01:06:00,Patrón_1,PERDIÓ,-5.00,656.00
01:07:00,Patrón_4,PERDIÓ,-5.00,651.00
01:08:00,Patrón_2,GANÓ,4.00,655.00
01:09:00,Patrón_3,GANÓ,4.00,659.00
01:10:00,Patrón_4,PERDIÓ,-5.00,654.00
01:11:00,Patrón_1,GANÓ,4.00,658.00
01:12:00,Patrón_2,PERDIÓ,-5.00,653.00
01:13:00,Patrón_5,PERDIÓ,-5.00,648.00
01:14:00,Patrón_5,GANÓ,4.00,652.00
01:15:00,Patrón_5,GANÓ,4.00,656.00
01:16:00,Patrón_3,GANÓ,4.00,660.00
01:17:00,Patrón_2,GANÓ,4.00,664.00
01:18:00,Patrón_1,GANÓ,4.00,668.00
01:19:00,Patrón_3,PERDIÓ,-5.00,663.00
01:20:00,Patrón_1,PERDIÓ,-5.00,658.00
01:21:00,Patrón_2,GANÓ,4.00,662.00
01:22:00,Patrón_1,GANÓ,4.00,666.00
01:23:00,Patrón_5,PERDIÓ,-5.00,661.00
01:24:00,Patrón_3,PERDIÓ,-5.00,656.00
01:25:00,Patrón_2,GANÓ,4.00,660.00
01:26:00,Patrón_1,PERDIÓ,-5.00,655.00
01:27:00,Patrón_5,GANÓ,4.00,659.00
01:28:00,Patrón_5,GANÓ,4.00,663.00
01:29:00,Patrón_3,GANÓ,4.00,667.00
01:30:00,Patrón_3,GANÓ,4.00,671.00
01:31:00,Patrón_5,GANÓ,4.00,675.00
01:32:00,Patrón_1,PERDIÓ,-5.00,670.00
01:33:00,Patrón_1,GANÓ,4.00,674.00
01:34:00,Patrón_4,GANÓ,4.00,678.00
01:35:00,Patrón_3,PERDIÓ,-5.00,673.00
01:36:00,Patrón_3,GANÓ,4.00,677.00
01:37:00,Patrón_5,GANÓ,4.00,681.00
01:38:00,Patrón_4,GANÓ,4.00,685.00
01:39:00,Patrón_4,PERDIÓ,-5.00,680.00