Hora,Patron,Resultado,Ganancia,Saldo
09:00:00,Patrón_5,PERDIÓ,-2.00,298.00
09:01:00,Patrón_2,PERDIÓ,-2.00,296.00
09:02:00,Patrón_5,GANÓ,1.60,297.60
09:03:00,Patrón_3,GANÓ,1.60,299.20
09:04:00,Patrón_2,PERDIÓ,-2.00,297.20
09:05:00,Patrón_2,GANÓ,1.60,298.80
09:06:00,Patrón_4,GANÓ,1.60,300.40
09:07:00,Patrón_2,PERDIÓ,-2.00,298.40
09:08:00,Patrón_5,GANÓ,1.60,300.00
09:09:00,Patrón_4,PERDIÓ,-2.00,298.00
09:10:00,Patrón_3,GANÓ,1.60,299.60
09:11:00,Patrón_2,PERDIÓ,-2.00,297.60
09:12:00,Patrón_1,PERDIÓ,-2.00,295.60
09:13:00,Patrón_1,GANÓ,1.60,297.20
09:14:00,Patrón_4,GANÓ,1.60,298.80
09:15:00,Patrón_2,GANÓ,1.60,300.40
09:16:00,Patrón_3,GANÓ,1.60,302.00
09:17:00,Patrón_1,PERDIÓ,-2.00,300.00
09:18:00,Patrón_1,GANÓ,1.60,301.60
09:19:00,Patrón_3,GANÓ,1.60,303.20
09:20:00,Patrón_2,PERDIÓ,-2.00,301.20
09:21:00,Patrón_1,GANÓ,1.60,302.80
09:22:00,Patrón_5,GANÓ,1.60,304.40
09:23:00,Patrón_5,GANÓ,1.60,306.00
09:24:00,Patrón_1,PERDIÓ,-2.00,304.00
09:25:00,Patrón_3,GANÓ,1.60,305.60
09:26:00,Patrón_3,PERDIÓ,-2.00,303.60
09:27:00,Patrón_3,GANÓ,1.60,305.20
09:28:00,Patrón_3,GANÓ,1.60,306.80
09:29:00,Patrón_2,GANÓ,1.60,308.40
09:30:00,Patrón_1,GANÓ,1.60,310.00
09:31:00,Patrón_2,GANÓ,1.60,311.60
09:32:00,Patrón_2,PERDIÓ,-2.00,309.60
09:33:00,Patrón_1,GANÓ,1.60,311.20
09:34:00,Patrón_4,PERDIÓ,-2.00,309.20
09:35:00,Patrón_1,PERDIÓ,-2.00,307.20
09:36:00,Patrón_1,GANÓ,1.60,308.80
09:37:00,Patrón_1,GANÓ,1.60,310.40
09:38:00,Patrón_1,GANÓ,1.60,312.00
09:39:00,Patrón_5,GANÓ,1.60,313.60
09:40:00,Patrón_3,GANÓ,1.60,315.20
09:41:00,Patrón_4,PERDIÓ,-2.00,313.20
09:42:00,Patrón_2,PERDIÓ,-2.00,311.20
09:43:00,Patrón_5,PERDIÓ,-2.00,309.20
09:44:00,Patrón_4,PERDIÓ,-2.00,307.20
09:45:00,Patrón_2,PERDIÓ,-2.00,305.20
09:46:00,Patrón_2,GANÓ,1.60,306.80
09:47:00,Patrón_2,GANÓ,1.60,308.40
09:48:00,Patrón_1,GANÓ,1.60,310.00
09:49:00,Patrón_2,GANÓ,1.60,311.60
09:50:00,Patrón_1,PERDIÓ,-2.00,309.60
09:51:00,Patrón_1,PERDIÓ,-2.00,307.60
09:52:00,Patrón_5,GANÓ,1.60,309.20
09:53:00,Patrón_3,PERDIÓ,-2.00,307.20
09:54:00,Patrón_3,GANÓ,1.60,308.80
09:55:00,Patrón_4,GANÓ,1.60,310.40
09:56:00,Patrón_1,PERDIÓ,-2.00,308.40
09:57:00,Patrón_3,GANÓ,1.60,310.00
09:58:00,Patrón_5,GANÓ,1.60,311.60
09:59:00,Patrón_1,PERDIÓ,-2.00,309.60
10:00:00,Patrón_5,PERDIÓ,-2.00,307.60
10:01:00,Patrón_3,GANÓ,1.60,309.20
10:02:00,Patrón_1,PERDIÓ,-2.00,307.20
10:03:00,Patrón_1,GANÓ,1.60,308.80
10:04:00,Patrón_3,PERDIÓ,-2.00,306.80
10:05:00,Patrón_5,PERDIÓ,-2.00,304.80
10:06:00,Patrón_3,GANÓ,1.60,306.40
10:07:00,Patrón_1,GANÓ,1.60,308.00
10:08:00,Patrón_5,GANÓ,1.60,309.60
10:09:00,Patrón_2,PERDIÓ,-2.00,307.60
10:10:00,Patrón_3,PERDIÓ,-2.00,305.60
10:11:00,Patrón_4,GANÓ,1.60,307.20
10:12:00,Patrón_1,PERDIÓ,-2.00,305.20
10:13:00,Patrón_3,GANÓ,1.60,306.80
10:14:00,Patrón_4,GANÓ,1.60,308.40
10:15:00,Patrón_1,GANÓ,1.60,310.00
10:16:00,Patrón_3,PERDIÓ,-2.00,308.00
10:17:00,Patrón_5,PERDIÓ,-2.00,306.00
10:18:00,Patrón_1,GANÓ,1.60,307.60
10:19:00,Patrón_4,GANÓ,1.60,309.20
10:20:00,Patrón_5,GANÓ,1.60,310.80
10:21:00,Patrón_4,PERDIÓ,-2.00,308.80
10:22:00,Patrón_2,GANÓ,1.60,310.40
10:23:00,Patrón_3,GANÓ,1.60,312.00
10:24:00,Patrón_1,PERDIÓ,-2.00,310.00
10:25:00,Patrón_4,GANÓ,1.60,311.60
10:26:00,Patrón_1,GANÓ,1.60,313.20
10:27:00,Patrón_4,PERDIÓ,-2.00,311.20
10:28:00,Patrón_5,PERDIÓ,-2.00,309.20
10:29:00,Patrón_1,GANÓ,1.60,310.80
10:30:00,Patrón_4,PERDIÓ,-2.00,308.80
10:31:00,Patrón_3,GANÓ,1.60,310.40
10:32:00,Patrón_4,GANÓ,1.60,312.00
10:33:00,Patrón_1,GANÓ,1.60,313.60
10:34:00,Patrón_2,GANÓ,1.60,315.20
10:35:00,Patrón_3,PERDIÓ,-2.00,313.20
10:36:00,Patrón_5,GANÓ,1.60,314.80
10:37:00,Patrón_1,PERDIÓ,-2.00,312.80
10:38:00,Patrón_4,GANÓ,1.60,314.40
10:39:00,Patrón_1,PERDIÓ,-2.00,312.40
10:40:00,Patrón_2,PERDIÓ,-2.00,310.40
10:41:00,Patrón_3,GANÓ,1.60,312.00
10:42:00,Patrón_4,GANÓ,1.60,313.60
10:43:00,Patrón_4,GANÓ,1.60,315.20
10:44:00,Patrón_5,GANÓ,1.60,316.80
10:45:00,Patrón_5,PERDIÓ,-2.00,314.80
10:46:00,Patrón_2,GANÓ,1.60,316.40
10:47:00,Patrón_3,GANÓ,1.60,318.00
10:48:00,Patrón_2,PERDIÓ,-2.00,316.00
10:49:00,Patrón_1,GANÓ,1.60,317.60
10:50:00,Patrón_2,PERDIÓ,-2.00,315.60
10:51:00,Patrón_5,PERDIÓ,-2.00,313.60
10:52:00,Patrón_2,PERDIÓ,-2.00,311.60
10:53:00,Patrón_2,PERDIÓ,-2.00,309.60
10:54:00,Patrón_4,PERDIÓ,-2.00,307.60
10:55:00,Patrón_3,PERDIÓ,-2.00,305.60
10:56:00,Patrón_1,PERDIÓ,-2.00,303.60
10:57:00,Patrón_2,GANÓ,1.60,305.20
10:58:00,Patrón_2,GANÓ,1.60,306.80
10:59:00,Patrón_3,GANÓ,1.60,308.40
11:00:00,Patrón_3,GANÓ,1.60,310.00
11:01:00,Patrón_3,GANÓ,1.60,311.60
11:02:00,Patrón_3,GANÓ,1.60,313.20
11:03:00,Patrón_4,GANÓ,1.60,314.80
11:04:00,Patrón_1,GANÓ,1.60,316.40
11:05:00,Patrón_4,PERDIÓ,-2.00,314.40
11:06:00,Patrón_1,GANÓ,1.60,316.00
11:07:00,Patrón_4,GANÓ,1.60,317.60
11:08:00,Patrón_3,GANÓ,1.60,319.20
11:09:00,Patrón_5,PERDIÓ,-2.00,317.20
11:10:00,Patrón_3,GANÓ,1.60,318.80
11:11:00,Patrón_1,PERDIÓ,-2.00,316.80
11:12:00,Patrón_1,GANÓ,1.60,318.40
11:13:00,Patrón_4,GANÓ,1.60,320.00
11:14:00,Patrón_2,GANÓ,1.60,321.60
11:15:00,Patrón_2,GANÓ,1.60,323.20
11:16:00,Patrón_4,PERDIÓ,-2.00,321.20
11:17:00,Patrón_1,GANÓ,1.60,322.80
11:18:00,Patrón_5,GANÓ,1.60,324.40
11:19:00,Patrón_1,GANÓ,1.60,326.00
11:20:00,Patrón_2,GANÓ,1.60,327.60
11:21:00,Patrón_4,GANÓ,1.60,329.20
11:22:00,Patrón_4,GANÓ,1.60,330.80
11:23:00,Patrón_1,GANÓ,1.60,332.40
11:24:00,Patrón_3,GANÓ,1.60,334.00
11:25:00,Patrón_2,GANÓ,1.60,335.60
11:26:00,Patrón_3,GANÓ,1.60,337.20
11:27:00,Patrón_4,PERDIÓ,-2.00,335.20
11:28:00,Patrón_5,PERDIÓ,-2.00,333.20
11:29:00,Patrón_3,PERDIÓ,-2.00,331.20
11:30:00,Patrón_2,GANÓ,1.60,332.80
11:31:00,Patrón_1,PERDIÓ,-2.00,330.80
11:32:00,Patrón_4,PERDIÓ,-2.00,328.80
11:33:00,Patrón_4,PERDIÓ,-2.00,326.80
11:34:00,Patrón_1,PERDIÓ,-2.00,324.80
11:35:00,Patrón_1,GANÓ,1.60,326.40
11:36:00,Patrón_5,PERDIÓ,-2.00,324.40
11:37:00,Patrón_4,GANÓ,1.60,326.00
11:38:00,Patrón_4,GANÓ,1.60,327.60
11:39:00,Patrón_2,GANÓ,1.60,329.20
11:40:00,Patrón_2,PERDIÓ,-2.00,327.20
11:41:00,Patrón_2,PERDIÓ,-2.00,325.20
11:42:00,Patrón_2,GANÓ,1.60,326.80
11:43:00,Patrón_4,GANÓ,1.60,328.40
11:44:00,Patrón_4,GANÓ,1.60,330.00
11:45:00,Patrón_4,PERDIÓ,-2.00,328.00
11:46:00,Patrón_3,PERDIÓ,-2.00,326.00
11:47:00,Patrón_1,GANÓ,1.60,327.60
11:48:00,Patrón_4,GANÓ,1.60,329.20
11:49:00,Patrón_5,PERDIÓ,-2.00,327.20
11:50:00,Patrón_3,GANÓ,1.60,328.80
11:51:00,Patrón_1,PERDIÓ,-2.00,326.80
11:52:00,Patrón_1,PERDIÓ,-2.00,324.80
11:53:00,Patrón_4,GANÓ,1.60,326.40
11:54:00,Patrón_5,PERDIÓ,-2.00,324.40
11:55:00,Patrón_1,PERDIÓ,-2.00,322.40
11:56:00,Patrón_2,GANÓ,1.60,324.00
11:57:00,Patrón_1,GANÓ,1.60,325.60
11:58:00,Patrón_5,PERDIÓ,-2.00,323.60
11:59:00,Patrón_3,GANÓ,1.60,325.20
12:00:00,Patrón_2,PERDIÓ,-2.00,323.20
12:01:00,Patrón_5,GANÓ,1.60,324.80
12:02:00,Patrón_4,PERDIÓ,-2.00,322.80
12:03:00,Patrón_1,PERDIÓ,-2.00,320.80
12:04:00,Patrón_4,PERDIÓ,-2.00,318.80
12:05:00,Patrón_5,GANÓ,1.60,320.40
12:06:00,Patrón_3,GANÓ,1.60,322.00
12:07:00,Patrón_2,PERDIÓ,-2.00,320.00
12:08:00,Patrón_4,GANÓ,1.60,321.60
12:09:00,Patrón_4,GANÓ,1.60,323.20
12:10:00,Patrón_2,PERDIÓ,-2.00,321.20
12:11:00,Patrón_1,PERDIÓ,-2.00,319.20
12:12:00,Patrón_5,GANÓ,1.60,320.80
12:13:00,Patrón_3,GANÓ,1.60,322.40
12:14:00,Patrón_4,PERDIÓ,-2.00,320.40
12:15:00,Patrón_1,GANÓ,1.60,322.00
12:16:00,Patrón_3,GANÓ,1.60,323.60
12:17:00,Patrón_5,GANÓ,1.60,325.20
12:18:00,Patrón_4,GANÓ,1.60,326.80
12:19:00,Patrón_5,PERDIÓ,-2.00,324.80
12:20:00,Patrón_3,PERDIÓ,-2.00,322.80
12:21:00,Patrón_3,GANÓ,1.60,324.40
12:22:00,Patrón_3,GANÓ,1.60,326.00
12:23:00,Patrón_2,PERDIÓ,-2.00,324.00
12:24:00,Patrón_3,PERDIÓ,-2.00,322.00
12:25:00,Patrón_3,GANÓ,1.60,323.60
12:26:00,Patrón_3,GANÓ,1.60,325.20
12:27:00,Patrón_3,GANÓ,1.60,326.80
12:28:00,Patrón_1,PERDIÓ,-2.00,324.80
12:29:00,Patrón_2,GANÓ,1.60,326.40
12:30:00,Patrón_3,GANÓ,1.60,328.00
12:31:00,Patrón_5,PERDIÓ,-2.00,326.00
12:32:00,Patrón_5,PERDIÓ,-2.00,324.00
12:33:00,Patrón_2,GANÓ,1.60,325.60
12:34:00,Patrón_5,GANÓ,1.60,327.20
12:35:00,Patrón_3,PERDIÓ,-2.00,325.20
12:36:00,Patrón_5,GANÓ,1.60,326.80
12:37:00,Patrón_5,GANÓ,1.60,328.40
12:38:00,Patrón_5,GANÓ,1.60,330.00
12:39:00,Patrón_5,GANÓ,1.60,331.60
12:40:00,Patrón_2,PERDIÓ,-2.00,329.60
12:41:00,Patrón_2,PERDIÓ,-2.00,327.60
12:42:00,Patrón_5,GANÓ,1.60,329.20
12:43:00,Patrón_2,GANÓ,1.60,330.80
12:44:00,Patrón_4,PERDIÓ,-2.00,328.80
12:45:00,Patrón_3,PERDIÓ,-2.00,326.80
12:46:00,Patrón_4,GANÓ,1.60,328.40
12:47:00,Patrón_5,PERDIÓ,-2.00,326.40
12:48:00,Patrón_3,PERDIÓ,-2.00,324.40
12:49:00,Patrón_4,GANÓ,1.60,326.00
12:50:00,Patrón_2,GANÓ,1.60,327.60
12:51:00,Patrón_1,GANÓ,1.60,329.20
12:52:00,Patrón_3,GANÓ,1.60,330.80
12:53:00,Patrón_2,GANÓ,1.60,332.40
12:54:00,Patrón_3,GANÓ,1.60,334.00
12:55:00,Patrón_2,GANÓ,1.60,335.60
12:56:00,Patrón_4,GANÓ,1.60,337.20
12:57:00,Patrón_2,GANÓ,1.60,338.80
12:58:00,Patrón_2,GANÓ,1.60,340.40
12:59:00,Patrón_4,PERDIÓ,-2.00,338.40
01:00:00,Patrón_3,GANÓ,1.60,340.00
01:01:00,Patrón_1,PERDIÓ,-2.00,338.00
01:02:00,Patrón_1,PERDIÓ,-2.00,336.00
01:03:00,Patrón_4,PERDIÓ,-2.00,334.00
01:04:00,Patrón_5,PERDIÓ,-2.00,332.00
01:05:00,Patrón_2,GANÓ,1.60,333.60
01:06:00,Patrón_3,PERDIÓ,-2.00,331.60
01:07:00,Patrón_2,PERDIÓ,-2.00,329.60
01:08:00,Patrón_4,PERDIÓ,-2.00,327.60
01:09:00,Patrón_1,GANÓ,1.60,329.20
01:10:00,Patrón_2,GANÓ,1.60,330.80
01:11:00,Patrón_3,GANÓ,1.60,332.40
01:12:00,Patrón_1,GANÓ,1.60,334.00
01:13:00,Patrón_2,PERDIÓ,-2.00,332.00
01:14:00,Patrón_5,PERDIÓ,-2.00,330.00
01:15:00,Patrón_3,GANÓ,1.60,331.60
01:16:00,Patrón_1,PERDIÓ,-2.00,329.60
01:17:00,Patrón_4,GANÓ,1.60,331.20
01:18:00,Patrón_5,GANÓ,1.60,332.80
01:19:00,Patrón_2,GANÓ,1.60,334.40
01:20:00,Patrón_1,PERDIÓ,-2.00,332.40
01:21:00,Patrón_2,PERDIÓ,-2.00,330.40
01:22:00,Patrón_2,GANÓ,1.60,332.00
01:23:00,Patrón_2,GANÓ,1.60,333.60
01:24:00,Patrón_5,GANÓ,1.60,335.20
01:25:00,Patrón_2,PERDIÓ,-2.00,333.20
01:26:00,Patrón_1,PERDIÓ,-2.00,331.20
01:27:00,Patrón_2,PERDIÓ,-2.00,329.20
01:28:00,Patrón_2,GANÓ,1.60,330.80
01:29:00,Patrón_1,GANÓ,1.60,332.40
01:30:00,Patrón_5,GANÓ,1.60,334.00
01:31:00,Patrón_2,GANÓ,1.60,335.60
01:32:00,Patrón_4,PERDIÓ,-2.00,333.60
01:33:00,Patrón_5,GANÓ,1.60,335.20
01:34:00,Patrón_2,PERDIÓ,-2.00,333.20
01:35:00,Patrón_3,GANÓ,1.60,334.80
01:36:00,Patrón_4,GANÓ,1.60,336.40
01:37:00,Patrón_5,PERDIÓ,-2.00,334.40
01:38:00,Patrón_5,PERDIÓ,-2.00,332.40
01:39:00,Patrón_5,PERDIÓ,-2.00,330.40
01:40:00,Patrón_2,GANÓ,1.60,332.00
01:41:00,Patrón_1,PERDIÓ,-2.00,330.00
01:42:00,Patrón_2,GANÓ,1.60,331.60
01:43:00,Patrón_5,GANÓ,1.60,333.20
01:44:00,Patrón_3,GANÓ,1.60,334.80
01:45:00,Patrón_2,GANÓ,1.60,336.40
01:46:00,Patrón_4,GANÓ,1.60,338.00
01:47:00,Patrón_2,PERDIÓ,-2.00,336.00
01:48:00,Patrón_1,GANÓ,1.60,337.60
01:49:00,Patrón_4,GANÓ,1.60,339.20
01:50:00,Patrón_5,GANÓ,1.60,340.80
01:51:00,Patrón_4,PERDIÓ,-2.00,338.80
01:52:00,Patrón_5,GANÓ,1.60,340.40
01:53:00,Patrón_2,GANÓ,1.60,342.00
01:54:00,Patrón_5,PERDIÓ,-2.00,340.00
01:55:00,Patrón_5,GANÓ,1.60,341.60
01:56:00,Patrón_5,GANÓ,1.60,343.20
01:57:00,Patrón_4,GANÓ,1.60,344.80
01:58:00,Patrón_2,GANÓ,1.60,346.40
01:59:00,Patrón_3,GANÓ,1.60,348.00
02:00:00,Patrón_3,GANÓ,1.60,349.60
02:01:00,Patrón_2,GANÓ,1.60,351.20
02:02:00,Patrón_5,GANÓ,1.60,352.80
02:03:00,Patrón_3,GANÓ,1.60,354.40
02:04:00,Patrón_1,PERDIÓ,-2.00,352.40
02:05:00,Patrón_4,GANÓ,1.60,354.00
02:06:00,Patrón_4,GANÓ,1.60,355.60
02:07:00,Patrón_5,GANÓ,1.60,357.20
02:08:00,Patrón_5,GANÓ,1.60,358.80
02:09:00,Patrón_3,GANÓ,1.60,360.40
02:10:00,Patrón_4,PERDIÓ,-2.00,358.40
02:11:00,Patrón_1,GANÓ,1.60,360.00
02:12:00,Patrón_4,PERDIÓ,-2.00,358.00
02:13:00,Patrón_4,PERDIÓ,-2.00,356.00
02:14:00,Patrón_1,PERDIÓ,-2.00,354.00
02:15:00,Patrón_4,GANÓ,1.60,355.60
02:16:00,Patrón_5,PERDIÓ,-2.00,353.60
02:17:00,Patrón_5,GANÓ,1.60,355.20
02:18:00,Patrón_2,GANÓ,1.60,356.80
02:19:00,Patrón_5,GANÓ,1.60,358.40
02:20:00,Patrón_5,GANÓ,1.60,360.00
02:21:00,Patrón_2,GANÓ,1.60,361.60
02:22:00,Patrón_2,GANÓ,1.60,363.20
02:23:00,Patrón_3,GANÓ,1.60,364.80
02:24:00,Patrón_4,GANÓ,1.60,366.40
02:25:00,Patrón_3,PERDIÓ,-2.00,364.40
02:26:00,Patrón_2,PERDIÓ,-2.00,362.40
02:27:00,Patrón_4,GANÓ,1.60,364.00
02:28:00,Patrón_4,PERDIÓ,-2.00,362.00
02:29:00,Patrón_2,GANÓ,1.60,363.60
02:30:00,Patrón_3,GANÓ,1.60,365.20
02:31:00,Patrón_4,GANÓ,1.60,366.80
02:32:00,Patrón_1,PERDIÓ,-2.00,364.80
02:33:00,Patrón_5,GANÓ,1.60,366.40
02:34:00,Patrón_2,GANÓ,1.60,368.00
02:35:00,Patrón_5,PERDIÓ,-2.00,366.00
02:36:00,Patrón_3,PERDIÓ,-2.00,364.00
02:37:00,Patrón_4,GANÓ,1.60,365.60
02:38:00,Patrón_2,PERDIÓ,-2.00,363.60
02:39:00,Patrón_3,GANÓ,1.60,365.20
02:40:00,Patrón_2,PERDIÓ,-2.00,363.20
02:41:00,Patrón_3,GANÓ,1.60,364.80
02:42:00,Patrón_3,PERDIÓ,-2.00,362.80
02:43:00,Patrón_2,GANÓ,1.60,364.40
02:44:00,Patrón_2,GANÓ,1.60,366.00
02:45:00,Patrón_4,GANÓ,1.60,367.60
02:46:00,Patrón_5,GANÓ,1.60,369.20
02:47:00,Patrón_3,GANÓ,1.60,370.80
02:48:00,Patrón_2,GANÓ,1.60,372.40
02:49:00,Patrón_3,GANÓ,1.60,374.00
02:50:00,Patrón_1,PERDIÓ,-2.00,372.00
02:51:00,Patrón_5,PERDIÓ,-2.00,370.00
02:52:00,Patrón_3,GANÓ,1.60,371.60
02:53:00,Patrón_2,PERDIÓ,-2.00,369.60
02:54:00,Patrón_1,PERDIÓ,-2.00,367.60
02:55:00,Patrón_4,GANÓ,1.60,369.20
02:56:00,Patrón_4,GANÓ,1.60,370.80
02:57:00,Patrón_3,GANÓ,1.60,372.40
02:58:00,Patrón_2,GANÓ,1.60,374.00
02:59:00,Patrón_5,GANÓ,1.60,375.60
03:00:00,Patrón_5,GANÓ,1.60,377.20
03:01:00,Patrón_1,GANÓ,1.60,378.80
03:02:00,Patrón_1,GANÓ,1.60,380.40
03:03:00,Patrón_1,GANÓ,1.60,382.00
03:04:00,Patrón_2,GANÓ,1.60,383.60
03:05:00,Patrón_4,GANÓ,1.60,385.20
03:06:00,Patrón_5,PERDIÓ,-2.00,383.20
03:07:00,Patrón_2,GANÓ,1.60,384.80
03:08:00,Patrón_5,PERDIÓ,-2.00,382.80
03:09:00,Patrón_4,PERDIÓ,-2.00,380.80
03:10:00,Patrón_3,GANÓ,1.60,382.40
03:11:00,Patrón_5,GANÓ,1.60,384.00
03:12:00,Patrón_4,PERDIÓ,-2.00,382.00
03:13:00,Patrón_3,PERDIÓ,-2.00,380.00
03:14:00,Patrón_5,GANÓ,1.60,381.60
03:15:00,Patrón_5,GANÓ,1.60,383.20
03:16:00,Patrón_5,GANÓ,1.60,384.80
03:17:00,Patrón_4,PERDIÓ,-2.00,382.80
03:18:00,Patrón_5,PERDIÓ,-2.00,380.80
03:19:00,Patrón_3,PERDIÓ,-2.00,378.80
03:20:00,Patrón_3,GANÓ,1.60,380.40
03:21:00,Patrón_3,GANÓ,1.60,382.00
03:22:00,Patrón_4,GANÓ,1.60,383.60
03:23:00,Patrón_4,GANÓ,1.60,385.20
03:24:00,Patrón_1,GANÓ,1.60,386.80
03:25:00,Patrón_1,GANÓ,1.60,388.40
03:26:00,Patrón_3,GANÓ,1.60,390.00
03:27:00,Patrón_2,GANÓ,1.60,391.60
03:28:00,Patrón_1,GANÓ,1.60,393.20
03:29:00,Patrón_5,GANÓ,1.60,394.80
03:30:00,Patrón_2,GANÓ,1.60,396.40
03:31:00,Patrón_2,PERDIÓ,-2.00,394.40
03:32:00,Patrón_3,GANÓ,1.60,396.00
03:33:00,Patrón_1,GANÓ,1.60,397.60
03:34:00,Patrón_4,PERDIÓ,-2.00,395.60
03:35:00,Patrón_3,GANÓ,1.60,397.20
03:36:00,Patrón_5,GANÓ,1.60,398.80
03:37:00,Patrón_2,PERDIÓ,-2.00,396.80
03:38:00,Patrón_4,GANÓ,1.60,398.40
03:39:00,Patrón_5,GANÓ,1.60,400.00
03:40:00,Patrón_2,PERDIÓ,-2.00,398.00
03:41:00,Patrón_3,PERDIÓ,-2.00,396.00
03:42:00,Patrón_1,PERDIÓ,-2.00,394.00
03:43:00,Patrón_5,PERDIÓ,-2.00,392.00
03:44:00,Patrón_5,PERDIÓ,-2.00,390.00
03:45:00,Patrón_2,PERDIÓ,-2.00,388.00
03:46:00,Patrón_4,PERDIÓ,-2.00,386.00
03:47:00,Patrón_5,PERDIÓ,-2.00,384.00
03:48:00,Patrón_3,PERDIÓ,-2.00,382.00
03:49:00,Patrón_5,GANÓ,1.60,383.60
03:50:00,Patrón_1,GANÓ,1.60,385.20
03:51:00,Patrón_4,GANÓ,1.60,386.80
03:52:00,Patrón_3,PERDIÓ,-2.00,384.80
03:53:00,Patrón_5,GANÓ,1.60,386.40
03:54:00,Patrón_4,PERDIÓ,-2.00,384.40
03:55:00,Patrón_3,GANÓ,1.60,386.00
03:56:00,Patrón_4,PERDIÓ,-2.00,384.00
03:57:00,Patrón_5,GANÓ,1.60,385.60
03:58:00,Patrón_2,PERDIÓ,-2.00,383.60
03:59:00,Patrón_3,GANÓ,1.60,385.20
04:00:00,Patrón_4,GANÓ,1.60,386.80
04:01:00,Patrón_1,GANÓ,1.60,388.40
04:02:00,Patrón_2,GANÓ,1.60,390.00
04:03:00,Patrón_2,GANÓ,1.60,391.60
04:04:00,Patrón_2,PERDIÓ,-2.00,389.60
04:05:00,Patrón_5,GANÓ,1.60,391.20
04:06:00,Patrón_4,GANÓ,1.60,392.80
04:07:00,Patrón_2,GANÓ,1.60,394.40
04:08:00,Patrón_1,GANÓ,1.60,396.00
04:09:00,Patrón_3,GANÓ,1.60,397.60
04:10:00,Patrón_4,GANÓ,1.60,399.20
04:11:00,Patrón_1,GANÓ,1.60,400.80
04:12:00,Patrón_3,PERDIÓ,-2.00,398.80
04:13:00,Patrón_4,PERDIÓ,-2.00,396.80
04:14:00,Patrón_3,PERDIÓ,-2.00,394.80
04:15:00,Patrón_5,GANÓ,1.60,396.40
04:16:00,Patrón_4,PERDIÓ,-2.00,394.40
04:17:00,Patrón_2,PERDIÓ,-2.00,392.40
04:18:00,Patrón_3,GANÓ,1.60,394.00
04:19:00,Patrón_5,GANÓ,1.60,395.60
04:20:00,Patrón_3,GANÓ,1.60,397.20
04:21:00,Patrón_1,PERDIÓ,-2.00,395.20
04:22:00,Patrón_3,PERDIÓ,-2.00,393.20
04:23:00,Patrón_4,GANÓ,1.60,394.80
04:24:00,Patrón_3,PERDIÓ,-2.00,392.80
04:25:00,Patrón_5,GANÓ,1.60,394.40
04:26:00,Patrón_4,GANÓ,1.60,396.00
04:27:00,Patrón_1,GANÓ,1.60,397.60
04:28:00,Patrón_5,PERDIÓ,-2.00,395.60
04:29:00,Patrón_1,GANÓ,1.60,397.20
04:30:00,Patrón_5,GANÓ,1.60,398.80
04:31:00,Patrón_5,GANÓ,1.60,400.40
04:32:00,Patrón_2,PERDIÓ,-2.00,398.40
04:33:00,Patrón_5,GANÓ,1.60,400.00
04:34:00,Patrón_2,PERDIÓ,-2.00,398.00
04:35:00,Patrón_3,PERDIÓ,-2.00,396.00
04:36:00,Patrón_1,GANÓ,1.60,397.60
04:37:00,Patrón_3,PERDIÓ,-2.00,395.60
04:38:00,Patrón_3,PERDIÓ,-2.00,393.60
04:39:00,Patrón_4,GANÓ,1.60,395.20
04:40:00,Patrón_5,GANÓ,1.60,396.80
04:41:00,Patrón_5,GANÓ,1.60,398.40
04:42:00,Patrón_4,PERDIÓ,-2.00,396.40
04:43:00,Patrón_5,GANÓ,1.60,398.00
04:44:00,Patrón_1,GANÓ,1.60,399.60
04:45:00,Patrón_5,GANÓ,1.60,401.20
04:46:00,Patrón_3,PERDIÓ,-2.00,399.20
04:47:00,Patrón_2,GANÓ,1.60,400.80
04:48:00,Patrón_1,GANÓ,1.60,402.40
04:49:00,Patrón_5,GANÓ,1.60,404.00
04:50:00,Patrón_2,GANÓ,1.60,405.60
04:51:00,Patrón_4,GANÓ,1.60,407.20
04:52:00,Patrón_4,GANÓ,1.60,408.80
04:53:00,Patrón_3,GANÓ,1.60,410.40
04:54:00,Patrón_5,PERDIÓ,-2.00,408.40
04:55:00,Patrón_5,GANÓ,1.60,410.00
04:56:00,Patrón_1,GANÓ,1.60,411.60
04:57:00,Patrón_5,PERDIÓ,-2.00,409.60
04:58:00,Patrón_4,GANÓ,1.60,411.20
04:59:00,Patrón_2,GANÓ,1.60,412.80
05:00:00,Patrón_5,PERDIÓ,-2.00,410.80
05:01:00,Patrón_1,GANÓ,1.60,412.40
05:02:00,Patrón_1,GANÓ,1.60,414.00
05:03:00,Patrón_3,GANÓ,1.60,415.60
05:04:00,Patrón_4,GANÓ,1.60,417.20
05:05:00,Patrón_3,PERDIÓ,-2.00,415.20
05:06:00,Patrón_4,PERDIÓ,-2.00,413.20
05:07:00,Patrón_5,PERDIÓ,-2.00,411.20
05:08:00,Patrón_1,PERDIÓ,-2.00,409.20
05:09:00,Patrón_1,PERDIÓ,-2.00,407.20
05:10:00,Patrón_3,GANÓ,1.60,408.80
05:11:00,Patrón_3,GANÓ,1.60,410.40
05:12:00,Patrón_5,GANÓ,1.60,412.00
05:13:00,Patrón_2,GANÓ,1.60,413.60
05:14:00,Patrón_2,GANÓ,1.60,415.20
05:15:00,Patrón_4,GANÓ,1.60,416.80
05:16:00,Patrón_2,GANÓ,1.60,418.40
05:17:00,Patrón_5,GANÓ,1.60,420.00
05:18:00,Patrón_1,GANÓ,1.60,421.60
05:19:00,Patrón_2,GANÓ,1.60,423.20
05:20:00,Patrón_2,GANÓ,1.60,424.80
05:21:00,Patrón_1,PERDIÓ,-2.00,422.80
05:22:00,Patrón_5,PERDIÓ,-2.00,420.80
05:23:00,Patrón_1,GANÓ,1.60,422.40
05:24:00,Patrón_2,PERDIÓ,-2.00,420.40
05:25:00,Patrón_5,PERDIÓ,-2.00,418.40
05:26:00,Patrón_2,GANÓ,1.60,420.00
05:27:00,Patrón_1,GANÓ,1.60,421.60
05:28:00,Patrón_3,GANÓ,1.60,423.20
05:29:00,Patrón_4,PERDIÓ,-2.00,421.20
05:30:00,Patrón_5,PERDIÓ,-2.00,419.20
05:31:00,Patrón_2,GANÓ,1.60,420.80
05:32:00,Patrón_1,GANÓ,1.60,422.40
05:33:00,Patrón_4,PERDIÓ,-2.00,420.40
05:34:00,Patrón_1,GANÓ,1.60,422.00
05:35:00,Patrón_1,GANÓ,1.60,423.60
05:36:00,Patrón_4,GANÓ,1.60,425.20
05:37:00,Patrón_5,PERDIÓ,-2.00,423.20
05:38:00,Patrón_2,GANÓ,1.60,424.80
05:39:00,Patrón_1,PERDIÓ,-2.00,422.80
05:40:00,Patrón_1,GANÓ,1.60,424.40
05:41:00,Patrón_3,GANÓ,1.60,426.00
05:42:00,Patrón_5,GANÓ,1.60,427.60
05:43:00,Patrón_1,GANÓ,1.60,429.20
05:44:00,Patrón_3,GANÓ,1.60,430.80
05:45:00,Patrón_2,GANÓ,1.60,432.40
05:46:00,Patrón_2,PERDIÓ,-2.00,430.40
05:47:00,Patrón_4,GANÓ,1.60,432.00
05:48:00,Patrón_4,GANÓ,1.60,433.60
05:49:00,Patrón_5,GANÓ,1.60,435.20
05:50:00,Patrón_3,PERDIÓ,-2.00,433.20
05:51:00,Patrón_3,PERDIÓ,-2.00,431.20
05:52:00,Patrón_1,GANÓ,1.60,432.80
05:53:00,Patrón_1,GANÓ,1.60,434.40
05:54:00,Patrón_3,GANÓ,1.60,436.00
05:55:00,Patrón_1,GANÓ,1.60,437.60
05:56:00,Patrón_3,GANÓ,1.60,439.20
05:57:00,Patrón_4,PERDIÓ,-2.00,437.20
05:58:00,Patrón_4,PERDIÓ,-2.00,435.20
05:59:00,Patrón_5,PERDIÓ,-2.00,433.20
06:00:00,Patrón_5,GANÓ,1.60,434.80
06:01:00,Patrón_3,GANÓ,1.60,436.40
06:02:00,Patrón_5,PERDIÓ,-2.00,434.40
06:03:00,Patrón_5,PERDIÓ,-2.00,432.40
06:04:00,Patrón_1,GANÓ,1.60,434.00
06:05:00,Patrón_5,PERDIÓ,-2.00,432.00
06:06:00,Patrón_1,PERDIÓ,-2.00,430.00
06:07:00,Patrón_5,GANÓ,1.60,431.60
06:08:00,Patrón_5,PERDIÓ,-2.00,429.60
06:09:00,Patrón_3,GANÓ,1.60,431.20
06:10:00,Patrón_4,PERDIÓ,-2.00,429.20
06:11:00,Patrón_3,PERDIÓ,-2.00,427.20
06:12:00,Patrón_3,GANÓ,1.60,428.80
06:13:00,Patrón_4,PERDIÓ,-2.00,426.80
06:14:00,Patrón_5,PERDIÓ,-2.00,424.80
06:15:00,Patrón_1,GANÓ,1.60,426.40
06:16:00,Patrón_3,GANÓ,1.60,428.00
06:17:00,Patrón_2,GANÓ,1.60,429.60
06:18:00,Patrón_1,GANÓ,1.60,431.20
06:19:00,Patrón_2,PERDIÓ,-2.00,429.20
06:20:00,Patrón_1,GANÓ,1.60,430.80
06:21:00,Patrón_5,PERDIÓ,-2.00,428.80
06:22:00,Patrón_2,GANÓ,1.60,430.40
06:23:00,Patrón_5,PERDIÓ,-2.00,428.40
06:24:00,Patrón_5,GANÓ,1.60,430.00
06:25:00,Patrón_5,GANÓ,1.60,431.60
06:26:00,Patrón_1,PERDIÓ,-2.00,429.60
06:27:00,Patrón_4,PERDIÓ,-2.00,427.60
06:28:00,Patrón_1,GANÓ,1.60,429.20
06:29:00,Patrón_5,PERDIÓ,-2.00,427.20
06:30:00,Patrón_2,PERDIÓ,-2.00,425.20
06:31:00,Patrón_1,GANÓ,1.60,426.80
06:32:00,Patrón_5,PERDIÓ,-2.00,424.80
06:33:00,Patrón_4,GANÓ,1.60,426.40
06:34:00,Patrón_4,PERDIÓ,-2.00,424.40
06:35:00,Patrón_4,GANÓ,1.60,426.00
06:36:00,Patrón_1,GANÓ,1.60,427.60
06:37:00,Patrón_5,GANÓ,1.60,429.20
06:38:00,Patrón_2,GANÓ,1.60,430.80
06:39:00,Patrón_2,GANÓ,1.60,432.40
06:40:00,Patrón_1,PERDIÓ,-2.00,430.40
06:41:00,Patrón_5,PERDIÓ,-2.00,428.40
06:42:00,Patrón_5,PERDIÓ,-2.00,426.40
06:43:00,Patrón_4,GANÓ,1.60,428.00
06:44:00,Patrón_1,GANÓ,1.60,429.60
06:45:00,Patrón_3,GANÓ,1.60,431.20
06:46:00,Patrón_2,GANÓ,1.60,432.80
06:47:00,Patrón_4,PERDIÓ,-2.00,430.80
06:48:00,Patrón_5,GANÓ,1.60,432.40
06:49:00,Patrón_3,GANÓ,1.60,434.00
06:50:00,Patrón_4,PERDIÓ,-2.00,432.00
06:51:00,Patrón_4,GANÓ,1.60,433.60
06:52:00,Patrón_2,PERDIÓ,-2.00,431.60
06:53:00,Patrón_5,GANÓ,1.60,433.20
06:54:00,Patrón_1,GANÓ,1.60,434.80
06:55:00,Patrón_3,PERDIÓ,-2.00,432.80
06:56:00,Patrón_1,GANÓ,1.60,434.40
06:57:00,Patrón_5,PERDIÓ,-2.00,432.40
06:58:00,Patrón_4,GANÓ,1.60,434.00
06:59:00,Patrón_2,GANÓ,1.60,435.60
07:00:00,Patrón_1,GANÓ,1.60,437.20
07:01:00,Patrón_3,GANÓ,1.60,438.80
07:02:00,Patrón_4,GANÓ,1.60,440.40
07:03:00,Patrón_3,PERDIÓ,-2.00,438.40
07:04:00,Patrón_4,PERDIÓ,-2.00,436.40
07:05:00,Patrón_1,PERDIÓ,-2.00,434.40
07:06:00,Patrón_5,GANÓ,1.60,436.00
07:07:00,Patrón_5,GANÓ,1.60,437.60
07:08:00,Patrón_5,GANÓ,1.60,439.20
07:09:00,Patrón_1,GANÓ,1.60,440.80
07:10:00,Patrón_2,GANÓ,1.60,442.40
07:11:00,Patrón_3,GANÓ,1.60,444.00
07:12:00,Patrón_5,GANÓ,1.60,445.60
07:13:00,Patrón_2,GANÓ,1.60,447.20
07:14:00,Patrón_1,GANÓ,1.60,448.80
07:15:00,Patrón_3,GANÓ,1.60,450.40
07:16:00,Patrón_2,GANÓ,1.60,452.00
07:17:00,Patrón_2,GANÓ,1.60,453.60
07:18:00,Patrón_4,GANÓ,1.60,455.20
07:19:00,Patrón_5,PERDIÓ,-2.00,453.20
07:20:00,Patrón_1,GANÓ,1.60,454.80
07:21:00,Patrón_5,GANÓ,1.60,456.40
07:22:00,Patrón_2,PERDIÓ,-2.00,454.40
07:23:00,Patrón_4,GANÓ,1.60,456.00
07:24:00,Patrón_5,PERDIÓ,-2.00,454.00
07:25:00,Patrón_5,PERDIÓ,-2.00,452.00
07:26:00,Patrón_2,PERDIÓ,-2.00,450.00
07:27:00,Patrón_5,GANÓ,1.60,451.60
07:28:00,Patrón_2,PERDIÓ,-2.00,449.60
07:29:00,Patrón_5,GANÓ,1.60,451.20
07:30:00,Patrón_5,GANÓ,1.60,452.80
07:31:00,Patrón_3,PERDIÓ,-2.00,450.80
07:32:00,Patrón_2,GANÓ,1.60,452.40
07:33:00,Patrón_1,GANÓ,1.60,454.00
07:34:00,Patrón_2,PERDIÓ,-2.00,452.00
07:35:00,Patrón_4,GANÓ,1.60,453.60
07:36:00,Patrón_2,GANÓ,1.60,455.20
07:37:00,Patrón_1,PERDIÓ,-2.00,453.20
07:38:00,Patrón_2,PERDIÓ,-2.00,451.20
07:39:00,Patrón_4,PERDIÓ,-2.00,449.20
07:40:00,Patrón_2,GANÓ,1.60,450.80
07:41:00,Patrón_2,GANÓ,1.60,452.40
07:42:00,Patrón_4,GANÓ,1.60,454.00
07:43:00,Patrón_3,GANÓ,1.60,455.60
07:44:00,Patrón_4,GANÓ,1.60,457.20
07:45:00,Patrón_5,GANÓ,1.60,458.80
07:46:00,Patrón_4,GANÓ,1.60,460.40
07:47:00,Patrón_4,GANÓ,1.60,462.00
07:48:00,Patrón_3,PERDIÓ,-2.00,460.00
07:49:00,Patrón_2,PERDIÓ,-2.00,458.00
07:50:00,Patrón_2,GANÓ,1.60,459.60
07:51:00,Patrón_2,GANÓ,1.60,461.20
07:52:00,Patrón_4,GANÓ,1.60,462.80
07:53:00,Patrón_2,GANÓ,1.60,464.40
07:54:00,Patrón_2,GANÓ,1.60,466.00
07:55:00,Patrón_4,GANÓ,1.60,467.60
07:56:00,Patrón_4,PERDIÓ,-2.00,465.60
07:57:00,Patrón_3,GANÓ,1.60,467.20
07:58:00,Patrón_3,PERDIÓ,-2.00,465.20
07:59:00,Patrón_3,PERDIÓ,-2.00,463.20
08:00:00,Patrón_5,PERDIÓ,-2.00,461.20
08:01:00,Patrón_5,GANÓ,1.60,462.80
08:02:00,Patrón_5,GANÓ,1.60,464.40
08:03:00,Patrón_1,PERDIÓ,-2.00,462.40
08:04:00,Patrón_4,GANÓ,1.60,464.00
08:05:00,Patrón_4,PERDIÓ,-2.00,462.00
08:06:00,Patrón_4,GANÓ,1.60,463.60
08:07:00,Patrón_5,GANÓ,1.60,465.20
08:08:00,Patrón_3,GANÓ,1.60,466.80
08:09:00,Patrón_4,PERDIÓ,-2.00,464.80
08:10:00,Patrón_5,PERDIÓ,-2.00,462.80
08:11:00,Patrón_1,GANÓ,1.60,464.40
08:12:00,Patrón_1,GANÓ,1.60,466.00
08:13:00,Patrón_5,GANÓ,1.60,467.60
08:14:00,Patrón_3,PERDIÓ,-2.00,465.60
08:15:00,Patrón_2,GANÓ,1.60,467.20
08:16:00,Patrón_5,PERDIÓ,-2.00,465.20
08:17:00,Patrón_2,PERDIÓ,-2.00,463.20
08:18:00,Patrón_5,GANÓ,1.60,464.80
08:19:00,Patrón_4,GANÓ,1.60,466.40
08:20:00,Patrón_5,PERDIÓ,-2.00,464.40
08:21:00,Patrón_2,GANÓ,1.60,466.00
08:22:00,Patrón_5,GANÓ,1.60,467.60
08:23:00,Patrón_1,GANÓ,1.60,469.20
08:24:00,Patrón_4,GANÓ,1.60,470.80
08:25:00,Patrón_1,PERDIÓ,-2.00,468.80
08:26:00,Patrón_5,PERDIÓ,-2.00,466.80
08:27:00,Patrón_1,GANÓ,1.60,468.40
08:28:00,Patrón_1,GANÓ,1.60,470.00
08:29:00,Patrón_1,PERDIÓ,-2.00,468.00
08:30:00,Patrón_3,GANÓ,1.60,469.60
08:31:00,Patrón_1,GANÓ,1.60,471.20
08:32:00,Patrón_4,PERDIÓ,-2.00,469.20
08:33:00,Patrón_3,PERDIÓ,-2.00,467.20
08:34:00,Patrón_2,PERDIÓ,-2.00,465.20
08:35:00,Patrón_4,PERDIÓ,-2.00,463.20
08:36:00,Patrón_2,PERDIÓ,-2.00,461.20
08:37:00,Patrón_2,GANÓ,1.60,462.80
08:38:00,Patrón_2,GANÓ,1.60,464.40
08:39:00,Patrón_4,PERDIÓ,-2.00,462.40
08:40:00,Patrón_3,GANÓ,1.60,464.00
08:41:00,Patrón_5,PERDIÓ,-2.00,462.00
08:42:00,Patrón_1,GANÓ,1.60,463.60
08:43:00,Patrón_4,PERDIÓ,-2.00,461.60
08:44:00,Patrón_4,GANÓ,1.60,463.20
08:45:00,Patrón_1,GANÓ,1.60,464.80
08:46:00,Patrón_3,PERDIÓ,-2.00,462.80
08:47:00,Patrón_4,GANÓ,1.60,464.40
08:48:00,Patrón_4,PERDIÓ,-2.00,462.40
08:49:00,Patrón_4,PERDIÓ,-2.00,460.40
08:50:00,Patrón_4,GANÓ,1.60,462.00
08:51:00,Patrón_5,PERDIÓ,-2.00,460.00
08:52:00,Patrón_5,GANÓ,1.60,461.60
08:53:00,Patrón_5,PERDIÓ,-2.00,459.60
08:54:00,Patrón_5,GANÓ,1.60,461.20
08:55:00,Patrón_5,GANÓ,1.60,462.80
08:56:00,Patrón_1,GANÓ,1.60,464.40
08:57:00,Patrón_4,GANÓ,1.60,466.00
08:58:00,Patrón_5,GANÓ,1.60,467.60
08:59:00,Patrón_4,GANÓ,1.60,469.20
09:00:00,Patrón_5,GANÓ,1.60,470.80
09:01:00,Patrón_2,PERDIÓ,-2.00,468.80
09:02:00,Patrón_5,GANÓ,1.60,470.40
09:03:00,Patrón_5,GANÓ,1.60,472.00
09:04:00,Patrón_4,GANÓ,1.60,473.60
09:05:00,Patrón_2,GANÓ,1.60,475.20
09:06:00,Patrón_4,PERDIÓ,-2.00,473.20
09:07:00,Patrón_3,GANÓ,1.60,474.80
09:08:00,Patrón_4,PERDIÓ,-2.00,472.80
09:09:00,Patrón_1,GANÓ,1.60,474.40
09:10:00,Patrón_2,PERDIÓ,-2.00,472.40
09:11:00,Patrón_2,GANÓ,1.60,474.00
09:12:00,Patrón_5,PERDIÓ,-2.00,472.00
09:13:00,Patrón_4,GANÓ,1.60,473.60
09:14:00,Patrón_2,PERDIÓ,-2.00,471.60
09:15:00,Patrón_1,PERDIÓ,-2.00,469.60
09:16:00,Patrón_1,GANÓ,1.60,471.20
09:17:00,Patrón_2,PERDIÓ,-2.00,469.20
09:18:00,Patrón_2,PERDIÓ,-2.00,467.20
09:19:00,Patrón_5,GANÓ,1.60,468.80
09:20:00,Patrón_1,PERDIÓ,-2.00,466.80
09:21:00,Patrón_1,PERDIÓ,-2.00,464.80
09:22:00,Patrón_2,PERDIÓ,-2.00,462.80
09:23:00,Patrón_3,GANÓ,1.60,464.40
09:24:00,Patrón_1,GANÓ,1.60,466.00
09:25:00,Patrón_4,GANÓ,1.60,467.60
09:26:00,Patrón_5,PERDIÓ,-2.00,465.60
09:27:00,Patrón_4,PERDIÓ,-2.00,463.60
09:28:00,Patrón_4,GANÓ,1.60,465.20
09:29:00,Patrón_2,GANÓ,1.60,466.80
09:30:00,Patrón_4,PERDIÓ,-2.00,464.80
09:31:00,Patrón_4,PERDIÓ,-2.00,462.80
09:32:00,Patrón_4,GANÓ,1.60,464.40
09:33:00,Patrón_2,PERDIÓ,-2.00,462.40
09:34:00,Patrón_1,PERDIÓ,-2.00,460.40
09:35:00,Patrón_1,PERDIÓ,-2.00,458.40
09:36:00,Patrón_1,PERDIÓ,-2.00,456.40
09:37:00,Patrón_1,GANÓ,1.60,458.00
09:38:00,Patrón_4,PERDIÓ,-2.00,456.00
09:39:00,Patrón_3,PERDIÓ,-2.00,454.00
09:40:00,Patrón_5,PERDIÓ,-2.00,452.00
09:41:00,Patrón_3,PERDIÓ,-2.00,450.00
09:42:00,Patrón_2,GANÓ,1.60,451.60
09:43:00,Patrón_3,PERDIÓ,-2.00,449.60
09:44:00,Patrón_2,GANÓ,1.60,451.20
09:45:00,Patrón_5,GANÓ,1.60,452.80
09:46:00,Patrón_4,GANÓ,1.60,454.40
09:47:00,Patrón_5,GANÓ,1.60,456.00
09:48:00,Patrón_4,GANÓ,1.60,457.60
09:49:00,Patrón_2,PERDIÓ,-2.00,455.60
09:50:00,Patrón_4,GANÓ,1.60,457.20
09:51:00,Patrón_3,PERDIÓ,-2.00,455.20
09:52:00,Patrón_5,PERDIÓ,-2.00,453.20
09:53:00,Patrón_4,GANÓ,1.60,454.80
09:54:00,Patrón_5,PERDIÓ,-2.00,452.80
09:55:00,Patrón_2,PERDIÓ,-2.00,450.80
09:56:00,Patrón_5,GANÓ,1.60,452.40
09:57:00,Patrón_1,PERDIÓ,-2.00,450.40
09:58:00,Patrón_3,PERDIÓ,-2.00,448.40
09:59:00,Patrón_4,PERDIÓ,-2.00,446.40
10:00:00,Patrón_1,PERDIÓ,-2.00,444.40
10:01:00,Patrón_3,PERDIÓ,-2.00,442.40
10:02:00,Patrón_1,PERDIÓ,-2.00,440.40
10:03:00,Patrón_3,GANÓ,1.60,442.00
10:04:00,Patrón_3,GANÓ,1.60,443.60
10:05:00,Patrón_1,PERDIÓ,-2.00,441.60
10:06:00,Patrón_2,GANÓ,1.60,443.20
10:07:00,Patrón_4,PERDIÓ,-2.00,441.20
10:08:00,Patrón_4,PERDIÓ,-2.00,439.20
10:09:00,Patrón_2,GANÓ,1.60,440.80
10:10:00,Patrón_2,PERDIÓ,-2.00,438.80
10:11:00,Patrón_4,PERDIÓ,-2.00,436.80
10:12:00,Patrón_1,GANÓ,1.60,438.40
10:13:00,Patrón_3,GANÓ,1.60,440.00
10:14:00,Patrón_1,PERDIÓ,-2.00,438.00
10:15:00,Patrón_4,GANÓ,1.60,439.60
10:16:00,Patrón_4,PERDIÓ,-2.00,437.60
10:17:00,Patrón_5,PERDIÓ,-2.00,435.60
10:18:00,Patrón_2,GANÓ,1.60,437.20
10:19:00,Patrón_3,GANÓ,1.60,438.80
10:20:00,Patrón_2,PERDIÓ,-2.00,436.80
10:21:00,Patrón_2,GANÓ,1.60,438.40
10:22:00,Patrón_2,PERDIÓ,-2.00,436.40
10:23:00,Patrón_4,PERDIÓ,-2.00,434.40
10:24:00,Patrón_1,GANÓ,1.60,436.00
10:25:00,Patrón_3,PERDIÓ,-2.00,434.00
10:26:00,Patrón_3,GANÓ,1.60,435.60
10:27:00,Patrón_3,GANÓ,1.60,437.20
10:28:00,Patrón_2,PERDIÓ,-2.00,435.20
10:29:00,Patrón_5,PERDIÓ,-2.00,433.20
10:30:00,Patrón_2,GANÓ,1.60,434.80
10:31:00,Patrón_4,GANÓ,1.60,436.40
10:32:00,Patrón_5,GANÓ,1.60,438.00
10:33:00,Patrón_1,GANÓ,1.60,439.60
10:34:00,Patrón_3,GANÓ,1.60,441.20
10:35:00,Patrón_4,GANÓ,1.60,442.80
10:36:00,Patrón_3,GANÓ,1.60,444.40
10:37:00,Patrón_5,PERDIÓ,-2.00,442.40
10:38:00,Patrón_3,GANÓ,1.60,444.00
10:39:00,Patrón_3,GANÓ,1.60,445.60
10:40:00,Patrón_5,PERDIÓ,-2.00,443.60
10:41:00,Patrón_2,GANÓ,1.60,445.20
10:42:00,Patrón_5,GANÓ,1.60,446.80
10:43:00,Patrón_5,GANÓ,1.60,448.40
10:44:00,Patrón_2,PERDIÓ,-2.00,446.40
10:45:00,Patrón_4,GANÓ,1.60,448.00
10:46:00,Patrón_1,PERDIÓ,-2.00,446.00
10:47:00,Patrón_3,GANÓ,1.60,447.60
10:48:00,Patrón_4,PERDIÓ,-2.00,445.60
10:49:00,Patrón_4,PERDIÓ,-2.00,443.60
10:50:00,Patrón_1,GANÓ,1.60,445.20
10:51:00,Patrón_4,GANÓ,1.60,446.80
10:52:00,Patrón_5,GANÓ,1.60,448.40
10:53:00,Patrón_3,GANÓ,1.60,450.00
10:54:00,Patrón_5,PERDIÓ,-2.00,448.00
10:55:00,Patrón_2,GANÓ,1.60,449.60
10:56:00,Patrón_2,GANÓ,1.60,451.20
10:57:00,Patrón_1,PERDIÓ,-2.00,449.20
10:58:00,Patrón_1,PERDIÓ,-2.00,447.20
10:59:00,Patrón_1,GANÓ,1.60,448.80
11:00:00,Patrón_4,GANÓ,1.60,450.40
11:01:00,Patrón_2,GANÓ,1.60,452.00
11:02:00,Patrón_2,GANÓ,1.60,453.60
11:03:00,Patrón_5,GANÓ,1.60,455.20
11:04:00,Patrón_5,GANÓ,1.60,456.80
11:05:00,Patrón_1,GANÓ,1.60,458.40
11:06:00,Patrón_3,GANÓ,1.60,460.00
11:07:00,Patrón_2,PERDIÓ,-2.00,458.00
11:08:00,Patrón_3,PERDIÓ,-2.00,456.00
11:09:00,Patrón_1,PERDIÓ,-2.00,454.00
11:10:00,Patrón_4,GANÓ,1.60,455.60
11:11:00,Patrón_2,PERDIÓ,-2.00,453.60
11:12:00,Patrón_3,GANÓ,1.60,455.20
11:13:00,Patrón_3,PERDIÓ,-2.00,453.20
11:14:00,Patrón_5,GANÓ,1.60,454.80
11:15:00,Patrón_5,PERDIÓ,-2.00,452.80
11:16:00,Patrón_1,GANÓ,1.60,454.40
11:17:00,Patrón_5,GANÓ,1.60,456.00
11:18:00,Patrón_3,PERDIÓ,-2.00,454.00
11:19:00,Patrón_3,PERDIÓ,-2.00,452.00
11:20:00,Patrón_1,GANÓ,1.60,453.60
11:21:00,Patrón_3,GANÓ,1.60,455.20
11:22:00,Patrón_2,PERDIÓ,-2.00,453.20
11:23:00,Patrón_3,GANÓ,1.60,454.80
11:24:00,Patrón_2,GANÓ,1.60,456.40
11:25:00,Patrón_1,PERDIÓ,-2.00,454.40
11:26:00,Patrón_1,PERDIÓ,-2.00,452.40
11:27:00,Patrón_3,PERDIÓ,-2.00,450.40
11:28:00,Patrón_4,GANÓ,1.60,452.00
11:29:00,Patrón_5,PERDIÓ,-2.00,450.00
11:30:00,Patrón_4,GANÓ,1.60,451.60
11:31:00,Patrón_4,PERDIÓ,-2.00,449.60
11:32:00,Patrón_4,GANÓ,1.60,451.20
11:33:00,Patrón_5,PERDIÓ,-2.00,449.20
11:34:00,Patrón_5,GANÓ,1.60,450.80
11:35:00,Patrón_3,PERDIÓ,-2.00,448.80
11:36:00,Patrón_4,GANÓ,1.60,450.40
11:37:00,Patrón_4,PERDIÓ,-2.00,448.40
11:38:00,Patrón_4,PERDIÓ,-2.00,446.40
11:39:00,Patrón_1,GANÓ,1.60,448.00
11:40:00,Patrón_3,GANÓ,1.60,449.60
11:41:00,Patrón_4,PERDIÓ,-2.00,447.60
11:42:00,Patrón_3,GANÓ,1.60,449.20
11:43:00,Patrón_4,PERDIÓ,-2.00,447.20
11:44:00,Patrón_3,GANÓ,1.60,448.80
11:45:00,Patrón_4,PERDIÓ,-2.00,446.80
11:46:00,Patrón_4,GANÓ,1.60,448.40
11:47:00,Patrón_1,GANÓ,1.60,450.00
11:48:00,Patrón_4,GANÓ,1.60,451.60
11:49:00,Patrón_3,PERDIÓ,-2.00,449.60
11:50:00,Patrón_1,PERDIÓ,-2.00,447.60
11:51:00,Patrón_2,PERDIÓ,-2.00,445.60
11:52:00,Patrón_1,GANÓ,1.60,447.20
11:53:00,Patrón_3,GANÓ,1.60,448.80
11:54:00,Patrón_2,GANÓ,1.60,450.40
11:55:00,Patrón_3,PERDIÓ,-2.00,448.40
11:56:00,Patrón_3,GANÓ,1.60,450.00
11:57:00,Patrón_1,GANÓ,1.60,451.60
11:58:00,Patrón_3,GANÓ,1.60,453.20
11:59:00,Patrón_3,GANÓ,1.60,454.80
12:00:00,Patrón_5,PERDIÓ,-2.00,452.80
12:01:00,Patrón_3,GANÓ,1.60,454.40
12:02:00,Patrón_4,PERDIÓ,-2.00,452.40
12:03:00,Patrón_5,PERDIÓ,-2.00,450.40
12:04:00,Patrón_2,GANÓ,1.60,452.00
12:05:00,Patrón_4,PERDIÓ,-2.00,450.00
12:06:00,Patrón_1,GANÓ,1.60,451.60
12:07:00,Patrón_3,PERDIÓ,-2.00,449.60
12:08:00,Patrón_1,GANÓ,1.60,451.20
12:09:00,Patrón_5,GANÓ,1.60,452.80
12:10:00,Patrón_3,GANÓ,1.60,454.40
12:11:00,Patrón_4,GANÓ,1.60,456.00
12:12:00,Patrón_3,GANÓ,1.60,457.60
12:13:00,Patrón_3,GANÓ,1.60,459.20
12:14:00,Patrón_2,PERDIÓ,-2.00,457.20
12:15:00,Patrón_5,GANÓ,1.60,458.80
12:16:00,Patrón_1,GANÓ,1.60,460.40
12:17:00,Patrón_3,GANÓ,1.60,462.00
12:18:00,Patrón_1,GANÓ,1.60,463.60
12:19:00,Patrón_3,PERDIÓ,-2.00,461.60
12:20:00,Patrón_3,PERDIÓ,-2.00,459.60
12:21:00,Patrón_1,GANÓ,1.60,461.20
12:22:00,Patrón_1,GANÓ,1.60,462.80
12:23:00,Patrón_4,GANÓ,1.60,464.40
12:24:00,Patrón_2,PERDIÓ,-2.00,462.40
12:25:00,Patrón_2,GANÓ,1.60,464.00
12:26:00,Patrón_4,PERDIÓ,-2.00,462.00
12:27:00,Patrón_3,PERDIÓ,-2.00,460.00
12:28:00,Patrón_2,GANÓ,1.60,461.60
12:29:00,Patrón_2,PERDIÓ,-2.00,459.60
12:30:00,Patrón_5,PERDIÓ,-2.00,457.60
12:31:00,Patrón_1,GANÓ,1.60,459.20
12:32:00,Patrón_2,PERDIÓ,-2.00,457.20
12:33:00,Patrón_3,GANÓ,1.60,458.80
12:34:00,Patrón_4,GANÓ,1.60,460.40
12:35:00,Patrón_4,PERDIÓ,-2.00,458.40
12:36:00,Patrón_1,GANÓ,1.60,460.00
12:37:00,Patrón_1,GANÓ,1.60,461.60
12:38:00,Patrón_4,PERDIÓ,-2.00,459.60
12:39:00,Patrón_1,GANÓ,1.60,461.20
12:40:00,Patrón_5,PERDIÓ,-2.00,459.20
12:41:00,Patrón_2,PERDIÓ,-2.00,457.20
12:42:00,Patrón_4,GANÓ,1.60,458.80
12:43:00,Patrón_3,PERDIÓ,-2.00,456.80
12:44:00,Patrón_1,PERDIÓ,-2.00,454.80
12:45:00,Patrón_1,PERDIÓ,-2.00,452.80
12:46:00,Patrón_4,PERDIÓ,-2.00,450.80
12:47:00,Patrón_4,GANÓ,1.60,452.40
12:48:00,Patrón_3,PERDIÓ,-2.00,450.40
12:49:00,Patrón_5,GANÓ,1.60,452.00
12:50:00,Patrón_4,PERDIÓ,-2.00,450.00
12:51:00,Patrón_5,GANÓ,1.60,451.60
12:52:00,Patrón_5,PERDIÓ,-2.00,449.60
12:53:00,Patrón_2,GANÓ,1.60,451.20
12:54:00,Patrón_1,GANÓ,1.60,452.80
12:55:00,Patrón_2,GANÓ,1.60,454.40
12:56:00,Patrón_4,PERDIÓ,-2.00,452.40
12:57:00,Patrón_5,PERDIÓ,-2.00,450.40
12:58:00,Patrón_5,PERDIÓ,-2.00,448.40
12:59:00,Patrón_2,GANÓ,1.60,450.00
01:00:00,Patrón_3,PERDIÓ,-2.00,448.00
01:01:00,Patrón_1,PERDIÓ,-2.00,446.00
01:02:00,Patrón_5,PERDIÓ,-2.00,444.00
01:03:00,Patrón_2,PERDIÓ,-2.00,442.00
01:04:00,Patrón_1,PERDIÓ,-2.00,440.00
01:05:00,Patrón_5,GANÓ,1.60,441.60
01:06:00,Patrón_5,GANÓ,1.60,443.20
01:07:00,Patrón_2,GANÓ,1.60,444.80
01:08:00,Patrón_2,GANÓ,1.60,446.40
01:09:00,Patrón_2,GANÓ,1.60,448.00
01:10:00,Patrón_3,PERDIÓ,-2.00,446.00
01:11:00,Patrón_5,GANÓ,1.60,447.60
01:12:00,Patrón_5,GANÓ,1.60,449.20
01:13:00,Patrón_1,GANÓ,1.60,450.80
01:14:00,Patrón_2,PERDIÓ,-2.00,448.80
01:15:00,Patrón_1,GANÓ,1.60,450.40
01:16:00,Patrón_2,PERDIÓ,-2.00,448.40
01:17:00,Patrón_3,PERDIÓ,-2.00,446.40
01:18:00,Patrón_1,PERDIÓ,-2.00,444.40
01:19:00,Patrón_5,GANÓ,1.60,446.00
01:20:00,Patrón_1,GANÓ,1.60,447.60
01:21:00,Patrón_4,PERDIÓ,-2.00,445.60
01:22:00,Patrón_1,PERDIÓ,-2.00,443.60
01:23:00,Patrón_2,PERDIÓ,-2.00,441.60
01:24:00,Patrón_4,GANÓ,1.60,443.20
01:25:00,Patrón_5,GANÓ,1.60,444.80
01:26:00,Patrón_2,GANÓ,1.60,446.40
01:27:00,Patrón_5,GANÓ,1.60,448.00
01:28:00,Patrón_3,GANÓ,1.60,449.60
01:29:00,Patrón_5,GANÓ,1.60,451.20
01:30:00,Patrón_4,PERDIÓ,-2.00,449.20
01:31:00,Patrón_5,GANÓ,1.60,450.80
01:32:00,Patrón_3,GANÓ,1.60,452.40
01:33:00,Patrón_1,PERDIÓ,-2.00,450.40
01:34:00,Patrón_5,GANÓ,1.60,452.00
01:35:00,Patrón_5,GANÓ,1.60,453.60
01:36:00,Patrón_1,GANÓ,1.60,455.20
01:37:00,Patrón_2,GANÓ,1.60,456.80
01:38:00,Patrón_1,GANÓ,1.60,458.40
01:39:00,Patrón_1,GANÓ,1.60,460.00