Hora,Patron,Resultado,Ganancia,Saldo
09:00:00,Patrón_1,GANÓ,1.60,301.60
09:01:00,Patrón_1,PERDIÓ,-2.00,299.60
09:02:00,Patrón_4,PERDIÓ,-2.00,297.60
09:03:00,Patrón_5,GANÓ,1.60,299.20
09:04:00,Patrón_4,GANÓ,1.60,300.80
09:05:00,Patrón_1,PERDIÓ,-2.00,298.80
09:06:00,Patrón_2,GANÓ,1.60,300.40
09:07:00,Patrón_3,GANÓ,1.60,302.00
09:08:00,Patrón_4,PERDIÓ,-2.00,300.00
09:09:00,Patrón_3,PERDIÓ,-2.00,298.00
09:10:00,Patrón_1,GANÓ,1.60,299.60
09:11:00,Patrón_5,PERDIÓ,-2.00,297.60
09:12:00,Patrón_5,PERDIÓ,-2.00,295.60
09:13:00,Patrón_4,GANÓ,1.60,297.20
09:14:00,Patrón_3,GANÓ,1.60,298.80
09:15:00,Patrón_4,PERDIÓ,-2.00,296.80
09:16:00,Patrón_1,PERDIÓ,-2.00,294.80
09:17:00,Patrón_5,PERDIÓ,-2.00,292.80
09:18:00,Patrón_3,PERDIÓ,-2.00,290.80
09:19:00,Patrón_2,GANÓ,1.60,292.40
09:20:00,Patrón_1,GANÓ,1.60,294.00
09:21:00,Patrón_3,PERDIÓ,-2.00,292.00
09:22:00,Patrón_5,PERDIÓ,-2.00,290.00
09:23:00,Patrón_1,GANÓ,1.60,291.60
09:24:00,Patrón_4,PERDIÓ,-2.00,289.60
09:25:00,Patrón_3,PERDIÓ,-2.00,287.60
09:26:00,Patrón_1,PERDIÓ,-2.00,285.60
09:27:00,Patrón_2,GANÓ,1.60,287.20
09:28:00,Patrón_4,PERDIÓ,-2.00,285.20
09:29:00,Patrón_2,GANÓ,1.60,286.80
09:30:00,Patrón_2,GANÓ,1.60,288.40
09:31:00,Patrón_4,GANÓ,1.60,290.00
09:32:00,Patrón_2,PERDIÓ,-2.00,288.00
09:33:00,Patrón_3,PERDIÓ,-2.00,286.00
09:34:00,Patrón_1,GANÓ,1.60,287.60
09:35:00,Patrón_3,GANÓ,1.60,289.20
09:36:00,Patrón_5,PERDIÓ,-2.00,287.20
09:37:00,Patrón_2,PERDIÓ,-2.00,285.20
09:38:00,Patrón_4,GANÓ,1.60,286.80
09:39:00,Patrón_5,PERDIÓ,-2.00,284.80
09:40:00,Patrón_4,GANÓ,1.60,286.40
09:41:00,Patrón_4,GANÓ,1.60,288.00
09:42:00,Patrón_5,GANÓ,1.60,289.60
09:43:00,Patrón_5,GANÓ,1.60,291.20
09:44:00,Patrón_5,GANÓ,1.60,292.80
09:45:00,Patrón_1,PERDIÓ,-2.00,290.80
09:46:00,Patrón_5,GANÓ,1.60,292.40
09:47:00,Patrón_5,GANÓ,1.60,294.00
09:48:00,Patrón_3,PERDIÓ,-2.00,292.00
09:49:00,Patrón_3,PERDIÓ,-2.00,290.00
09:50:00,Patrón_1,PERDIÓ,-2.00,288.00
09:51:00,Patrón_3,GANÓ,1.60,289.60
09:52:00,Patrón_1,PERDIÓ,-2.00,287.60
09:53:00,Patrón_1,GANÓ,1.60,289.20
09:54:00,Patrón_1,GANÓ,1.60,290.80
09:55:00,Patrón_1,PERDIÓ,-2.00,288.80
09:56:00,Patrón_2,GANÓ,1.60,290.40
09:57:00,Patrón_1,PERDIÓ,-2.00,288.40
09:58:00,Patrón_4,PERDIÓ,-2.00,286.40
09:59:00,Patrón_3,GANÓ,1.60,288.00
10:00:00,Patrón_4,GANÓ,1.60,289.60
10:01:00,Patrón_2,PERDIÓ,-2.00,287.60
10:02:00,Patrón_4,GANÓ,1.60,289.20
10:03:00,Patrón_5,PERDIÓ,-2.00,287.20
10:04:00,Patrón_4,PERDIÓ,-2.00,285.20
10:05:00,Patrón_4,PERDIÓ,-2.00,283.20
10:06:00,Patrón_2,GANÓ,1.60,284.80
10:07:00,Patrón_1,GANÓ,1.60,286.40
10:08:00,Patrón_2,PERDIÓ,-2.00,284.40
10:09:00,Patrón_1,GANÓ,1.60,286.00
10:10:00,Patrón_3,GANÓ,1.60,287.60
10:11:00,Patrón_5,PERDIÓ,-2.00,285.60
10:12:00,Patrón_4,GANÓ,1.60,287.20
10:13:00,Patrón_2,GANÓ,1.60,288.80
10:14:00,Patrón_5,PERDIÓ,-2.00,286.80
10:15:00,Patrón_4,GANÓ,1.60,288.40
10:16:00,Patrón_4,GANÓ,1.60,290.00
10:17:00,Patrón_5,GANÓ,1.60,291.60
10:18:00,Patrón_5,GANÓ,1.60,293.20
10:19:00,Patrón_2,PERDIÓ,-2.00,291.20
10:20:00,Patrón_2,GANÓ,1.60,292.80
10:21:00,Patrón_5,PERDIÓ,-2.00,290.80
10:22:00,Patrón_2,PERDIÓ,-2.00,288.80
10:23:00,Patrón_2,GANÓ,1.60,290.40
10:24:00,Patrón_3,PERDIÓ,-2.00,288.40
10:25:00,Patrón_2,PERDIÓ,-2.00,286.40
10:26:00,Patrón_4,GANÓ,1.60,288.00
10:27:00,Patrón_3,PERDIÓ,-2.00,286.00
10:28:00,Patrón_5,PERDIÓ,-2.00,284.00
10:29:00,Patrón_2,PERDIÓ,-2.00,282.00
10:30:00,Patrón_4,PERDIÓ,-2.00,280.00
10:31:00,Patrón_4,GANÓ,1.60,281.60
10:32:00,Patrón_1,GANÓ,1.60,283.20
10:33:00,Patrón_3,PERDIÓ,-2.00,281.20
10:34:00,Patrón_5,PERDIÓ,-2.00,279.20
10:35:00,Patrón_4,PERDIÓ,-2.00,277.20
10:36:00,Patrón_4,GANÓ,1.60,278.80
10:37:00,Patrón_2,GANÓ,1.60,280.40
10:38:00,Patrón_1,GANÓ,1.60,282.00
10:39:00,Patrón_5,PERDIÓ,-2.00,280.00
10:40:00,Patrón_4,GANÓ,1.60,281.60
10:41:00,Patrón_1,GANÓ,1.60,283.20
10:42:00,Patrón_3,GANÓ,1.60,284.80
10:43:00,Patrón_4,PERDIÓ,-2.00,282.80
10:44:00,Patrón_2,GANÓ,1.60,284.40
10:45:00,Patrón_5,GANÓ,1.60,286.00
10:46:00,Patrón_4,PERDIÓ,-2.00,284.00
10:47:00,Patrón_5,PERDIÓ,-2.00,282.00
10:48:00,Patrón_1,GANÓ,1.60,283.60
10:49:00,Patrón_4,GANÓ,1.60,285.20
10:50:00,Patrón_2,PERDIÓ,-2.00,283.20
10:51:00,Patrón_5,GANÓ,1.60,284.80
10:52:00,Patrón_5,GANÓ,1.60,286.40
10:53:00,Patrón_5,PERDIÓ,-2.00,284.40
10:54:00,Patrón_1,GANÓ,1.60,286.00
10:55:00,Patrón_3,GANÓ,1.60,287.60
10:56:00,Patrón_2,PERDIÓ,-2.00,285.60
10:57:00,Patrón_2,PERDIÓ,-2.00,283.60
10:58:00,Patrón_2,GANÓ,1.60,285.20
10:59:00,Patrón_1,GANÓ,1.60,286.80
11:00:00,Patrón_4,GANÓ,1.60,288.40
11:01:00,Patrón_1,GANÓ,1.60,290.00
11:02:00,Patrón_2,PERDIÓ,-2.00,288.00
11:03:00,Patrón_3,GANÓ,1.60,289.60
11:04:00,Patrón_3,PERDIÓ,-2.00,287.60
11:05:00,Patrón_1,PERDIÓ,-2.00,285.60
11:06:00,Patrón_4,GANÓ,1.60,287.20
11:07:00,Patrón_4,GANÓ,1.60,288.80
11:08:00,Patrón_3,PERDIÓ,-2.00,286.80
11:09:00,Patrón_4,PERDIÓ,-2.00,284.80
11:10:00,Patrón_5,PERDIÓ,-2.00,282.80
11:11:00,Patrón_3,GANÓ,1.60,284.40
11:12:00,Patrón_1,PERDIÓ,-2.00,282.40
11:13:00,Patrón_1,GANÓ,1.60,284.00
11:14:00,Patrón_3,GANÓ,1.60,285.60
11:15:00,Patrón_2,GANÓ,1.60,287.20
11:16:00,Patrón_1,GANÓ,1.60,288.80
11:17:00,Patrón_1,GANÓ,1.60,290.40
11:18:00,Patrón_2,PERDIÓ,-2.00,288.40
11:19:00,Patrón_2,PERDIÓ,-2.00,286.40
11:20:00,Patrón_5,GANÓ,1.60,288.00
11:21:00,Patrón_3,GANÓ,1.60,289.60
11:22:00,Patrón_5,PERDIÓ,-2.00,287.60
11:23:00,Patrón_2,GANÓ,1.60,289.20
11:24:00,Patrón_1,GANÓ,1.60,290.80
11:25:00,Patrón_3,PERDIÓ,-2.00,288.80
11:26:00,Patrón_3,PERDIÓ,-2.00,286.80
11:27:00,Patrón_5,PERDIÓ,-2.00,284.80
11:28:00,Patrón_2,PERDIÓ,-2.00,282.80
11:29:00,Patrón_3,GANÓ,1.60,284.40
11:30:00,Patrón_2,GANÓ,1.60,286.00
11:31:00,Patrón_4,PERDIÓ,-2.00,284.00
11:32:00,Patrón_2,GANÓ,1.60,285.60
11:33:00,Patrón_1,GANÓ,1.60,287.20
11:34:00,Patrón_3,GANÓ,1.60,288.80
11:35:00,Patrón_1,GANÓ,1.60,290.40
11:36:00,Patrón_2,GANÓ,1.60,292.00
11:37:00,Patrón_1,GANÓ,1.60,293.60
11:38:00,Patrón_1,GANÓ,1.60,295.20
11:39:00,Patrón_1,GANÓ,1.60,296.80
11:40:00,Patrón_3,PERDIÓ,-2.00,294.80
11:41:00,Patrón_2,GANÓ,1.60,296.40
11:42:00,Patrón_4,GANÓ,1.60,298.00
11:43:00,Patrón_2,PERDIÓ,-2.00,296.00
11:44:00,Patrón_1,GANÓ,1.60,297.60
11:45:00,Patrón_4,GANÓ,1.60,299.20
11:46:00,Patrón_2,GANÓ,1.60,300.80
11:47:00,Patrón_2,GANÓ,1.60,302.40
11:48:00,Patrón_1,PERDIÓ,-2.00,300.40
11:49:00,Patrón_2,GANÓ,1.60,302.00
11:50:00,Patrón_4,GANÓ,1.60,303.60
11:51:00,Patrón_4,GANÓ,1.60,305.20
11:52:00,Patrón_2,GANÓ,1.60,306.80
11:53:00,Patrón_2,GANÓ,1.60,308.40
11:54:00,Patrón_4,PERDIÓ,-2.00,306.40
11:55:00,Patrón_4,PERDIÓ,-2.00,304.40
11:56:00,Patrón_5,GANÓ,1.60,306.00
11:57:00,Patrón_3,GANÓ,1.60,307.60
11:58:00,Patrón_1,GANÓ,1.60,309.20
11:59:00,Patrón_4,PERDIÓ,-2.00,307.20
12:00:00,Patrón_3,PERDIÓ,-2.00,305.20
12:01:00,Patrón_2,PERDIÓ,-2.00,303.20
12:02:00,Patrón_4,PERDIÓ,-2.00,301.20
12:03:00,Patrón_3,GANÓ,1.60,302.80
12:04:00,Patrón_1,GANÓ,1.60,304.40
12:05:00,Patrón_3,GANÓ,1.60,306.00
12:06:00,Patrón_3,PERDIÓ,-2.00,304.00
12:07:00,Patrón_4,PERDIÓ,-2.00,302.00
12:08:00,Patrón_2,PERDIÓ,-2.00,300.00
12:09:00,Patrón_5,PERDIÓ,-2.00,298.00
12:10:00,Patrón_1,PERDIÓ,-2.00,296.00
12:11:00,Patrón_4,GANÓ,1.60,297.60
12:12:00,Patrón_3,GANÓ,1.60,299.20
12:13:00,Patrón_4,GANÓ,1.60,300.80
12:14:00,Patrón_4,GANÓ,1.60,302.40
12:15:00,Patrón_1,PERDIÓ,-2.00,300.40
12:16:00,Patrón_3,GANÓ,1.60,302.00
12:17:00,Patrón_5,GANÓ,1.60,303.60
12:18:00,Patrón_1,PERDIÓ,-2.00,301.60
12:19:00,Patrón_1,GANÓ,1.60,303.20
12:20:00,Patrón_4,GANÓ,1.60,304.80
12:21:00,Patrón_3,GANÓ,1.60,306.40
12:22:00,Patrón_4,PERDIÓ,-2.00,304.40
12:23:00,Patrón_1,GANÓ,1.60,306.00
12:24:00,Patrón_5,GANÓ,1.60,307.60
12:25:00,Patrón_4,GANÓ,1.60,309.20
12:26:00,Patrón_3,GANÓ,1.60,310.80
12:27:00,Patrón_2,GANÓ,1.60,312.40
12:28:00,Patrón_1,PERDIÓ,-2.00,310.40
12:29:00,Patrón_1,PERDIÓ,-2.00,308.40
12:30:00,Patrón_2,PERDIÓ,-2.00,306.40
12:31:00,Patrón_3,GANÓ,1.60,308.00
12:32:00,Patrón_1,GANÓ,1.60,309.60
12:33:00,Patrón_3,GANÓ,1.60,311.20
12:34:00,Patrón_5,GANÓ,1.60,312.80
12:35:00,Patrón_1,GANÓ,1.60,314.40
12:36:00,Patrón_1,PERDIÓ,-2.00,312.40
12:37:00,Patrón_5,PERDIÓ,-2.00,310.40
12:38:00,Patrón_1,PERDIÓ,-2.00,308.40
12:39:00,Patrón_3,PERDIÓ,-2.00,306.40
12:40:00,Patrón_5,GANÓ,1.60,308.00
12:41:00,Patrón_3,GANÓ,1.60,309.60
12:42:00,Patrón_1,GANÓ,1.60,311.20
12:43:00,Patrón_5,PERDIÓ,-2.00,309.20
12:44:00,Patrón_2,PERDIÓ,-2.00,307.20
12:45:00,Patrón_1,PERDIÓ,-2.00,305.20
12:46:00,Patrón_1,GANÓ,1.60,306.80
12:47:00,Patrón_3,GANÓ,1.60,308.40
12:48:00,Patrón_3,GANÓ,1.60,310.00
12:49:00,Patrón_4,PERDIÓ,-2.00,308.00
12:50:00,Patrón_1,GANÓ,1.60,309.60
12:51:00,Patrón_4,GANÓ,1.60,311.20
12:52:00,Patrón_2,GANÓ,1.60,312.80
12:53:00,Patrón_5,PERDIÓ,-2.00,310.80
12:54:00,Patrón_4,GANÓ,1.60,312.40
12:55:00,Patrón_1,GANÓ,1.60,314.00
12:56:00,Patrón_3,PERDIÓ,-2.00,312.00
12:57:00,Patrón_2,GANÓ,1.60,313.60
12:58:00,Patrón_5,GANÓ,1.60,315.20
12:59:00,Patrón_5,GANÓ,1.60,316.80
01:00:00,Patrón_4,PERDIÓ,-2.00,314.80
01:01:00,Patrón_2,GANÓ,1.60,316.40
01:02:00,Patrón_5,PERDIÓ,-2.00,314.40
01:03:00,Patrón_1,PERDIÓ,-2.00,312.40
01:04:00,Patrón_4,PERDIÓ,-2.00,310.40
01:05:00,Patrón_2,PERDIÓ,-2.00,308.40
01:06:00,Patrón_4,PERDIÓ,-2.00,306.40
01:07:00,Patrón_3,GANÓ,1.60,308.00
01:08:00,Patrón_4,GANÓ,1.60,309.60
01:09:00,Patrón_2,GANÓ,1.60,311.20
01:10:00,Patrón_2,GANÓ,1.60,312.80
01:11:00,Patrón_5,PERDIÓ,-2.00,310.80
01:12:00,Patrón_5,GANÓ,1.60,312.40
01:13:00,Patrón_1,PERDIÓ,-2.00,310.40
01:14:00,Patrón_2,GANÓ,1.60,312.00
01:15:00,Patrón_1,PERDIÓ,-2.00,310.00
01:16:00,Patrón_5,PERDIÓ,-2.00,308.00
01:17:00,Patrón_5,PERDIÓ,-2.00,306.00
01:18:00,Patrón_1,GANÓ,1.60,307.60
01:19:00,Patrón_2,PERDIÓ,-2.00,305.60
01:20:00,Patrón_3,GANÓ,1.60,307.20
01:21:00,Patrón_1,PERDIÓ,-2.00,305.20
01:22:00,Patrón_5,GANÓ,1.60,306.80
01:23:00,Patrón_3,GANÓ,1.60,308.40
01:24:00,Patrón_3,GANÓ,1.60,310.00
01:25:00,Patrón_2,GANÓ,1.60,311.60
01:26:00,Patrón_4,GANÓ,1.60,313.20
01:27:00,Patrón_3,PERDIÓ,-2.00,311.20
01:28:00,Patrón_3,GANÓ,1.60,312.80
01:29:00,Patrón_4,GANÓ,1.60,314.40
01:30:00,Patrón_2,PERDIÓ,-2.00,312.40
01:31:00,Patrón_5,GANÓ,1.60,314.00
01:32:00,Patrón_4,PERDIÓ,-2.00,312.00
01:33:00,Patrón_2,GANÓ,1.60,313.60
01:34:00,Patrón_1,PERDIÓ,-2.00,311.60
01:35:00,Patrón_1,GANÓ,1.60,313.20
01:36:00,Patrón_4,PERDIÓ,-2.00,311.20
01:37:00,Patrón_2,GANÓ,1.60,312.80
01:38:00,Patrón_1,PERDIÓ,-2.00,310.80
01:39:00,Patrón_2,GANÓ,1.60,312.40
01:40:00,Patrón_2,GANÓ,1.60,314.00
01:41:00,Patrón_3,GANÓ,1.60,315.60
01:42:00,Patrón_1,GANÓ,1.60,317.20
01:43:00,Patrón_5,GANÓ,1.60,318.80
01:44:00,Patrón_4,GANÓ,1.60,320.40
01:45:00,Patrón_3,PERDIÓ,-2.00,318.40
01:46:00,Patrón_1,PERDIÓ,-2.00,316.40
01:47:00,Patrón_1,PERDIÓ,-2.00,314.40
01:48:00,Patrón_4,GANÓ,1.60,316.00
01:49:00,Patrón_4,GANÓ,1.60,317.60
01:50:00,Patrón_1,GANÓ,1.60,319.20
01:51:00,Patrón_1,PERDIÓ,-2.00,317.20
01:52:00,Patrón_5,GANÓ,1.60,318.80
01:53:00,Patrón_4,PERDIÓ,-2.00,316.80
01:54:00,Patrón_3,GANÓ,1.60,318.40
01:55:00,Patrón_4,GANÓ,1.60,320.00
01:56:00,Patrón_5,GANÓ,1.60,321.60
01:57:00,Patrón_4,GANÓ,1.60,323.20
01:58:00,Patrón_5,PERDIÓ,-2.00,321.20
01:59:00,Patrón_5,PERDIÓ,-2.00,319.20
02:00:00,Patrón_1,GANÓ,1.60,320.80
02:01:00,Patrón_4,PERDIÓ,-2.00,318.80
02:02:00,Patrón_5,PERDIÓ,-2.00,316.80
02:03:00,Patrón_1,PERDIÓ,-2.00,314.80
02:04:00,Patrón_1,PERDIÓ,-2.00,312.80
02:05:00,Patrón_4,PERDIÓ,-2.00,310.80
02:06:00,Patrón_3,GANÓ,1.60,312.40
02:07:00,Patrón_2,GANÓ,1.60,314.00
02:08:00,Patrón_2,GANÓ,1.60,315.60
02:09:00,Patrón_4,GANÓ,1.60,317.20
02:10:00,Patrón_4,PERDIÓ,-2.00,315.20
02:11:00,Patrón_4,GANÓ,1.60,316.80
02:12:00,Patrón_1,GANÓ,1.60,318.40
02:13:00,Patrón_1,GANÓ,1.60,320.00
02:14:00,Patrón_4,GANÓ,1.60,321.60
02:15:00,Patrón_5,GANÓ,1.60,323.20
02:16:00,Patrón_2,GANÓ,1.60,324.80
02:17:00,Patrón_3,PERDIÓ,-2.00,322.80
02:18:00,Patrón_5,GANÓ,1.60,324.40
02:19:00,Patrón_1,PERDIÓ,-2.00,322.40
02:20:00,Patrón_4,PERDIÓ,-2.00,320.40
02:21:00,Patrón_2,PERDIÓ,-2.00,318.40
02:22:00,Patrón_1,GANÓ,1.60,320.00
02:23:00,Patrón_1,GANÓ,1.60,321.60
02:24:00,Patrón_3,GANÓ,1.60,323.20
02:25:00,Patrón_1,GANÓ,1.60,324.80
02:26:00,Patrón_2,GANÓ,1.60,326.40
02:27:00,Patrón_1,GANÓ,1.60,328.00
02:28:00,Patrón_5,GANÓ,1.60,329.60
02:29:00,Patrón_4,GANÓ,1.60,331.20
02:30:00,Patrón_4,GANÓ,1.60,332.80
02:31:00,Patrón_1,GANÓ,1.60,334.40
02:32:00,Patrón_5,GANÓ,1.60,336.00
02:33:00,Patrón_1,GANÓ,1.60,337.60
02:34:00,Patrón_2,PERDIÓ,-2.00,335.60
02:35:00,Patrón_3,GANÓ,1.60,337.20
02:36:00,Patrón_5,GANÓ,1.60,338.80
02:37:00,Patrón_4,GANÓ,1.60,340.40
02:38:00,Patrón_4,GANÓ,1.60,342.00
02:39:00,Patrón_2,GANÓ,1.60,343.60
02:40:00,Patrón_3,PERDIÓ,-2.00,341.60
02:41:00,Patrón_2,GANÓ,1.60,343.20
02:42:00,Patrón_3,GANÓ,1.60,344.80
02:43:00,Patrón_2,PERDIÓ,-2.00,342.80
02:44:00,Patrón_5,GANÓ,1.60,344.40
02:45:00,Patrón_4,GANÓ,1.60,346.00
02:46:00,Patrón_4,GANÓ,1.60,347.60
02:47:00,Patrón_5,PERDIÓ,-2.00,345.60
02:48:00,Patrón_2,PERDIÓ,-2.00,343.60
02:49:00,Patrón_5,GANÓ,1.60,345.20
02:50:00,Patrón_1,PERDIÓ,-2.00,343.20
02:51:00,Patrón_3,GANÓ,1.60,344.80
02:52:00,Patrón_4,PERDIÓ,-2.00,342.80
02:53:00,Patrón_1,PERDIÓ,-2.00,340.80
02:54:00,Patrón_3,PERDIÓ,-2.00,338.80
02:55:00,Patrón_3,GANÓ,1.60,340.40
02:56:00,Patrón_5,GANÓ,1.60,342.00
02:57:00,Patrón_5,PERDIÓ,-2.00,340.00
02:58:00,Patrón_1,GANÓ,1.60,341.60
02:59:00,Patrón_2,PERDIÓ,-2.00,339.60
03:00:00,Patrón_5,GANÓ,1.60,341.20
03:01:00,Patrón_1,PERDIÓ,-2.00,339.20
03:02:00,Patrón_3,GANÓ,1.60,340.80
03:03:00,Patrón_5,GANÓ,1.60,342.40
03:04:00,Patrón_2,GANÓ,1.60,344.00
03:05:00,Patrón_3,GANÓ,1.60,345.60
03:06:00,Patrón_1,PERDIÓ,-2.00,343.60
03:07:00,Patrón_1,GANÓ,1.60,345.20
03:08:00,Patrón_3,GANÓ,1.60,346.80
03:09:00,Patrón_4,GANÓ,1.60,348.40
03:10:00,Patrón_2,GANÓ,1.60,350.00
03:11:00,Patrón_4,PERDIÓ,-2.00,348.00
03:12:00,Patrón_4,GANÓ,1.60,349.60
03:13:00,Patrón_5,PERDIÓ,-2.00,347.60
03:14:00,Patrón_4,PERDIÓ,-2.00,345.60
03:15:00,Patrón_2,GANÓ,1.60,347.20
03:16:00,Patrón_5,GANÓ,1.60,348.80
03:17:00,Patrón_4,GANÓ,1.60,350.40
03:18:00,Patrón_2,GANÓ,1.60,352.00
03:19:00,Patrón_1,PERDIÓ,-2.00,350.00
03:20:00,Patrón_5,GANÓ,1.60,351.60
03:21:00,Patrón_4,PERDIÓ,-2.00,349.60
03:22:00,Patrón_1,PERDIÓ,-2.00,347.60
03:23:00,Patrón_3,PERDIÓ,-2.00,345.60
03:24:00,Patrón_4,GANÓ,1.60,347.20
03:25:00,Patrón_2,PERDIÓ,-2.00,345.20
03:26:00,Patrón_2,PERDIÓ,-2.00,343.20
03:27:00,Patrón_2,GANÓ,1.60,344.80
03:28:00,Patrón_4,GANÓ,1.60,346.40
03:29:00,Patrón_5,PERDIÓ,-2.00,344.40
03:30:00,Patrón_5,PERDIÓ,-2.00,342.40
03:31:00,Patrón_2,GANÓ,1.60,344.00
03:32:00,Patrón_2,GANÓ,1.60,345.60
03:33:00,Patrón_1,GANÓ,1.60,347.20
03:34:00,Patrón_2,PERDIÓ,-2.00,345.20
03:35:00,Patrón_1,GANÓ,1.60,346.80
03:36:00,Patrón_3,GANÓ,1.60,348.40
03:37:00,Patrón_4,PERDIÓ,-2.00,346.40
03:38:00,Patrón_5,PERDIÓ,-2.00,344.40
03:39:00,Patrón_4,PERDIÓ,-2.00,342.40
03:40:00,Patrón_5,GANÓ,1.60,344.00
03:41:00,Patrón_5,PERDIÓ,-2.00,342.00
03:42:00,Patrón_2,PERDIÓ,-2.00,340.00
03:43:00,Patrón_2,GANÓ,1.60,341.60
03:44:00,Patrón_5,PERDIÓ,-2.00,339.60
03:45:00,Patrón_2,PERDIÓ,-2.00,337.60
03:46:00,Patrón_1,PERDIÓ,-2.00,335.60
03:47:00,Patrón_1,GANÓ,1.60,337.20
03:48:00,Patrón_2,GANÓ,1.60,338.80
03:49:00,Patrón_5,GANÓ,1.60,340.40
03:50:00,Patrón_1,GANÓ,1.60,342.00
03:51:00,Patrón_2,PERDIÓ,-2.00,340.00
03:52:00,Patrón_5,PERDIÓ,-2.00,338.00
03:53:00,Patrón_5,GANÓ,1.60,339.60
03:54:00,Patrón_5,GANÓ,1.60,341.20
03:55:00,Patrón_3,PERDIÓ,-2.00,339.20
03:56:00,Patrón_4,GANÓ,1.60,340.80
03:57:00,Patrón_2,GANÓ,1.60,342.40
03:58:00,Patrón_1,PERDIÓ,-2.00,340.40
03:59:00,Patrón_1,PERDIÓ,-2.00,338.40
04:00:00,Patrón_4,PERDIÓ,-2.00,336.40
04:01:00,Patrón_2,PERDIÓ,-2.00,334.40
04:02:00,Patrón_4,GANÓ,1.60,336.00
04:03:00,Patrón_1,PERDIÓ,-2.00,334.00
04:04:00,Patrón_5,GANÓ,1.60,335.60
04:05:00,Patrón_1,GANÓ,1.60,337.20
04:06:00,Patrón_5,PERDIÓ,-2.00,335.20
04:07:00,Patrón_3,GANÓ,1.60,336.80
04:08:00,Patrón_1,PERDIÓ,-2.00,334.80
04:09:00,Patrón_4,PERDIÓ,-2.00,332.80
04:10:00,Patrón_1,GANÓ,1.60,334.40
04:11:00,Patrón_3,GANÓ,1.60,336.00
04:12:00,Patrón_5,GANÓ,1.60,337.60
04:13:00,Patrón_1,GANÓ,1.60,339.20
04:14:00,Patrón_1,GANÓ,1.60,340.80
04:15:00,Patrón_1,GANÓ,1.60,342.40
04:16:00,Patrón_3,PERDIÓ,-2.00,340.40
04:17:00,Patrón_3,GANÓ,1.60,342.00
04:18:00,Patrón_2,PERDIÓ,-2.00,340.00
04:19:00,Patrón_1,PERDIÓ,-2.00,338.00
04:20:00,Patrón_4,PERDIÓ,-2.00,336.00
04:21:00,Patrón_1,PERDIÓ,-2.00,334.00
04:22:00,Patrón_2,PERDIÓ,-2.00,332.00
04:23:00,Patrón_3,GANÓ,1.60,333.60
04:24:00,Patrón_2,GANÓ,1.60,335.20
04:25:00,Patrón_2,GANÓ,1.60,336.80
04:26:00,Patrón_5,GANÓ,1.60,338.40
04:27:00,Patrón_5,PERDIÓ,-2.00,336.40
04:28:00,Patrón_5,GANÓ,1.60,338.00
04:29:00,Patrón_3,GANÓ,1.60,339.60
04:30:00,Patrón_4,GANÓ,1.60,341.20
04:31:00,Patrón_1,GANÓ,1.60,342.80
04:32:00,Patrón_2,GANÓ,1.60,344.40
04:33:00,Patrón_5,GANÓ,1.60,346.00
04:34:00,Patrón_2,PERDIÓ,-2.00,344.00
04:35:00,Patrón_3,GANÓ,1.60,345.60
04:36:00,Patrón_2,GANÓ,1.60,347.20
04:37:00,Patrón_5,PERDIÓ,-2.00,345.20
04:38:00,Patrón_4,GANÓ,1.60,346.80
04:39:00,Patrón_1,GANÓ,1.60,348.40
04:40:00,Patrón_5,GANÓ,1.60,350.00
04:41:00,Patrón_4,PERDIÓ,-2.00,348.00
04:42:00,Patrón_4,GANÓ,1.60,349.60
04:43:00,Patrón_1,GANÓ,1.60,351.20
04:44:00,Patrón_2,PERDIÓ,-2.00,349.20
04:45:00,Patrón_1,PERDIÓ,-2.00,347.20
04:46:00,Patrón_3,GANÓ,1.60,348.80
04:47:00,Patrón_4,PERDIÓ,-2.00,346.80
04:48:00,Patrón_2,GANÓ,1.60,348.40
04:49:00,Patrón_2,PERDIÓ,-2.00,346.40
04:50:00,Patrón_5,GANÓ,1.60,348.00
04:51:00,Patrón_4,GANÓ,1.60,349.60
04:52:00,Patrón_3,GANÓ,1.60,351.20
04:53:00,Patrón_4,GANÓ,1.60,352.80
04:54:00,Patrón_4,PERDIÓ,-2.00,350.80
04:55:00,Patrón_1,GANÓ,1.60,352.40
04:56:00,Patrón_4,PERDIÓ,-2.00,350.40
04:57:00,Patrón_3,GANÓ,1.60,352.00
04:58:00,Patrón_2,GANÓ,1.60,353.60
04:59:00,Patrón_1,GANÓ,1.60,355.20
05:00:00,Patrón_3,GANÓ,1.60,356.80
05:01:00,Patrón_1,PERDIÓ,-2.00,354.80
05:02:00,Patrón_5,GANÓ,1.60,356.40
05:03:00,Patrón_1,GANÓ,1.60,358.00
05:04:00,Patrón_3,PERDIÓ,-2.00,356.00
05:05:00,Patrón_1,PERDIÓ,-2.00,354.00
05:06:00,Patrón_3,GANÓ,1.60,355.60
05:07:00,Patrón_3,GANÓ,1.60,357.20
05:08:00,Patrón_4,GANÓ,1.60,358.80
05:09:00,Patrón_3,PERDIÓ,-2.00,356.80
05:10:00,Patrón_3,GANÓ,1.60,358.40
05:11:00,Patrón_1,GANÓ,1.60,360.00
05:12:00,Patrón_5,GANÓ,1.60,361.60
05:13:00,Patrón_3,GANÓ,1.60,363.20
05:14:00,Patrón_3,PERDIÓ,-2.00,361.20
05:15:00,Patrón_4,GANÓ,1.60,362.80
05:16:00,Patrón_1,PERDIÓ,-2.00,360.80
05:17:00,Patrón_5,PERDIÓ,-2.00,358.80
05:18:00,Patrón_5,GANÓ,1.60,360.40
05:19:00,Patrón_5,PERDIÓ,-2.00,358.40
05:20:00,Patrón_3,PERDIÓ,-2.00,356.40
05:21:00,Patrón_4,GANÓ,1.60,358.00
05:22:00,Patrón_4,GANÓ,1.60,359.60
05:23:00,Patrón_1,PERDIÓ,-2.00,357.60
05:24:00,Patrón_2,GANÓ,1.60,359.20
05:25:00,Patrón_4,PERDIÓ,-2.00,357.20
05:26:00,Patrón_5,GANÓ,1.60,358.80
05:27:00,Patrón_1,PERDIÓ,-2.00,356.80
05:28:00,Patrón_4,GANÓ,1.60,358.40
05:29:00,Patrón_3,PERDIÓ,-2.00,356.40
05:30:00,Patrón_3,PERDIÓ,-2.00,354.40
05:31:00,Patrón_4,PERDIÓ,-2.00,352.40
05:32:00,Patrón_5,PERDIÓ,-2.00,350.40
05:33:00,Patrón_2,GANÓ,1.60,352.00
05:34:00,Patrón_1,PERDIÓ,-2.00,350.00
05:35:00,Patrón_2,GANÓ,1.60,351.60
05:36:00,Patrón_4,PERDIÓ,-2.00,349.60
05:37:00,Patrón_2,GANÓ,1.60,351.20
05:38:00,Patrón_2,PERDIÓ,-2.00,349.20
05:39:00,Patrón_4,GANÓ,1.60,350.80
05:40:00,Patrón_4,GANÓ,1.60,352.40
05:41:00,Patrón_1,PERDIÓ,-2.00,350.40
05:42:00,Patrón_4,GANÓ,1.60,352.00
05:43:00,Patrón_1,GANÓ,1.60,353.60
05:44:00,Patrón_5,PERDIÓ,-2.00,351.60
05:45:00,Patrón_2,GANÓ,1.60,353.20
05:46:00,Patrón_3,PERDIÓ,-2.00,351.20
05:47:00,Patrón_3,PERDIÓ,-2.00,349.20
05:48:00,Patrón_4,PERDIÓ,-2.00,347.20
05:49:00,Patrón_5,PERDIÓ,-2.00,345.20
05:50:00,Patrón_5,PERDIÓ,-2.00,343.20
05:51:00,Patrón_2,GANÓ,1.60,344.80
05:52:00,Patrón_2,GANÓ,1.60,346.40
05:53:00,Patrón_3,PERDIÓ,-2.00,344.40
05:54:00,Patrón_4,GANÓ,1.60,346.00
05:55:00,Patrón_4,GANÓ,1.60,347.60
05:56:00,Patrón_3,GANÓ,1.60,349.20
05:57:00,Patrón_2,GANÓ,1.60,350.80
05:58:00,Patrón_1,GANÓ,1.60,352.40
05:59:00,Patrón_5,GANÓ,1.60,354.00
06:00:00,Patrón_3,GANÓ,1.60,355.60
06:01:00,Patrón_4,PERDIÓ,-2.00,353.60
06:02:00,Patrón_2,GANÓ,1.60,355.20
06:03:00,Patrón_4,PERDIÓ,-2.00,353.20
06:04:00,Patrón_3,PERDIÓ,-2.00,351.20
06:05:00,Patrón_2,PERDIÓ,-2.00,349.20
06:06:00,Patrón_4,GANÓ,1.60,350.80
06:07:00,Patrón_5,PERDIÓ,-2.00,348.80
06:08:00,Patrón_1,GANÓ,1.60,350.40
06:09:00,Patrón_2,PERDIÓ,-2.00,348.40
06:10:00,Patrón_2,GANÓ,1.60,350.00
06:11:00,Patrón_3,GANÓ,1.60,351.60
06:12:00,Patrón_2,GANÓ,1.60,353.20
06:13:00,Patrón_3,PERDIÓ,-2.00,351.20
06:14:00,Patrón_3,GANÓ,1.60,352.80
06:15:00,Patrón_4,GANÓ,1.60,354.40
06:16:00,Patrón_3,GANÓ,1.60,356.00
06:17:00,Patrón_2,GANÓ,1.60,357.60
06:18:00,Patrón_5,PERDIÓ,-2.00,355.60
06:19:00,Patrón_5,PERDIÓ,-2.00,353.60
06:20:00,Patrón_1,GANÓ,1.60,355.20
06:21:00,Patrón_3,GANÓ,1.60,356.80
06:22:00,Patrón_3,PERDIÓ,-2.00,354.80
06:23:00,Patrón_3,PERDIÓ,-2.00,352.80
06:24:00,Patrón_1,GANÓ,1.60,354.40
06:25:00,Patrón_4,PERDIÓ,-2.00,352.40
06:26:00,Patrón_4,GANÓ,1.60,354.00
06:27:00,Patrón_2,PERDIÓ,-2.00,352.00
06:28:00,Patrón_3,PERDIÓ,-2.00,350.00
06:29:00,Patrón_2,GANÓ,1.60,351.60
06:30:00,Patrón_2,GANÓ,1.60,353.20
06:31:00,Patrón_5,PERDIÓ,-2.00,351.20
06:32:00,Patrón_5,PERDIÓ,-2.00,349.20
06:33:00,Patrón_4,PERDIÓ,-2.00,347.20
06:34:00,Patrón_2,PERDIÓ,-2.00,345.20
06:35:00,Patrón_2,GANÓ,1.60,346.80
06:36:00,Patrón_2,GANÓ,1.60,348.40
06:37:00,Patrón_5,GANÓ,1.60,350.00
06:38:00,Patrón_3,GANÓ,1.60,351.60
06:39:00,Patrón_5,GANÓ,1.60,353.20
06:40:00,Patrón_1,PERDIÓ,-2.00,351.20
06:41:00,Patrón_5,GANÓ,1.60,352.80
06:42:00,Patrón_3,PERDIÓ,-2.00,350.80
06:43:00,Patrón_2,PERDIÓ,-2.00,348.80
06:44:00,Patrón_2,GANÓ,1.60,350.40
06:45:00,Patrón_2,GANÓ,1.60,352.00
06:46:00,Patrón_3,GANÓ,1.60,353.60
06:47:00,Patrón_5,PERDIÓ,-2.00,351.60
06:48:00,Patrón_1,GANÓ,1.60,353.20
06:49:00,Patrón_1,PERDIÓ,-2.00,351.20
06:50:00,Patrón_1,PERDIÓ,-2.00,349.20
06:51:00,Patrón_5,PERDIÓ,-2.00,347.20
06:52:00,Patrón_3,PERDIÓ,-2.00,345.20
06:53:00,Patrón_3,PERDIÓ,-2.00,343.20
06:54:00,Patrón_3,PERDIÓ,-2.00,341.20
06:55:00,Patrón_2,GANÓ,1.60,342.80
06:56:00,Patrón_4,PERDIÓ,-2.00,340.80
06:57:00,Patrón_2,GANÓ,1.60,342.40
06:58:00,Patrón_3,GANÓ,1.60,344.00
06:59:00,Patrón_1,PERDIÓ,-2.00,342.00
07:00:00,Patrón_3,PERDIÓ,-2.00,340.00
07:01:00,Patrón_4,GANÓ,1.60,341.60
07:02:00,Patrón_5,GANÓ,1.60,343.20
07:03:00,Patrón_2,GANÓ,1.60,344.80
07:04:00,Patrón_2,GANÓ,1.60,346.40
07:05:00,Patrón_3,GANÓ,1.60,348.00
07:06:00,Patrón_2,GANÓ,1.60,349.60
07:07:00,Patrón_1,GANÓ,1.60,351.20
07:08:00,Patrón_3,PERDIÓ,-2.00,349.20
07:09:00,Patrón_2,GANÓ,1.60,350.80
07:10:00,Patrón_2,PERDIÓ,-2.00,348.80
07:11:00,Patrón_3,PERDIÓ,-2.00,346.80
07:12:00,Patrón_1,GANÓ,1.60,348.40
07:13:00,Patrón_5,PERDIÓ,-2.00,346.40
07:14:00,Patrón_2,GANÓ,1.60,348.00
07:15:00,Patrón_1,GANÓ,1.60,349.60
07:16:00,Patrón_3,GANÓ,1.60,351.20
07:17:00,Patrón_1,GANÓ,1.60,352.80
07:18:00,Patrón_4,PERDIÓ,-2.00,350.80
07:19:00,Patrón_5,GANÓ,1.60,352.40
07:20:00,Patrón_4,GANÓ,1.60,354.00
07:21:00,Patrón_2,GANÓ,1.60,355.60
07:22:00,Patrón_3,GANÓ,1.60,357.20
07:23:00,Patrón_4,PERDIÓ,-2.00,355.20
07:24:00,Patrón_1,PERDIÓ,-2.00,353.20
07:25:00,Patrón_5,PERDIÓ,-2.00,351.20
07:26:00,Patrón_4,GANÓ,1.60,352.80
07:27:00,Patrón_4,GANÓ,1.60,354.40
07:28:00,Patrón_4,GANÓ,1.60,356.00
07:29:00,Patrón_4,GANÓ,1.60,357.60
07:30:00,Patrón_1,PERDIÓ,-2.00,355.60
07:31:00,Patrón_3,PERDIÓ,-2.00,353.60
07:32:00,Patrón_3,GANÓ,1.60,355.20
07:33:00,Patrón_4,GANÓ,1.60,356.80
07:34:00,Patrón_4,GANÓ,1.60,358.40
07:35:00,Patrón_4,GANÓ,1.60,360.00
07:36:00,Patrón_3,GANÓ,1.60,361.60
07:37:00,Patrón_3,PERDIÓ,-2.00,359.60
07:38:00,Patrón_5,PERDIÓ,-2.00,357.60
07:39:00,Patrón_2,PERDIÓ,-2.00,355.60
07:40:00,Patrón_1,GANÓ,1.60,357.20
07:41:00,Patrón_5,GANÓ,1.60,358.80
07:42:00,Patrón_1,PERDIÓ,-2.00,356.80
07:43:00,Patrón_3,PERDIÓ,-2.00,354.80
07:44:00,Patrón_2,GANÓ,1.60,356.40
07:45:00,Patrón_5,GANÓ,1.60,358.00
07:46:00,Patrón_5,PERDIÓ,-2.00,356.00
07:47:00,Patrón_2,GANÓ,1.60,357.60
07:48:00,Patrón_4,PERDIÓ,-2.00,355.60
07:49:00,Patrón_3,GANÓ,1.60,357.20
07:50:00,Patrón_1,PERDIÓ,-2.00,355.20
07:51:00,Patrón_5,GANÓ,1.60,356.80
07:52:00,Patrón_4,GANÓ,1.60,358.40
07:53:00,Patrón_3,GANÓ,1.60,360.00
07:54:00,Patrón_2,GANÓ,1.60,361.60
07:55:00,Patrón_2,GANÓ,1.60,363.20
07:56:00,Patrón_4,GANÓ,1.60,364.80
07:57:00,Patrón_3,PERDIÓ,-2.00,362.80
07:58:00,Patrón_2,GANÓ,1.60,364.40
07:59:00,Patrón_3,PERDIÓ,-2.00,362.40
08:00:00,Patrón_3,GANÓ,1.60,364.00
08:01:00,Patrón_5,GANÓ,1.60,365.60
08:02:00,Patrón_5,GANÓ,1.60,367.20
08:03:00,Patrón_1,PERDIÓ,-2.00,365.20
08:04:00,Patrón_3,PERDIÓ,-2.00,363.20
08:05:00,Patrón_1,GANÓ,1.60,364.80
08:06:00,Patrón_2,GANÓ,1.60,366.40
08:07:00,Patrón_5,GANÓ,1.60,368.00
08:08:00,Patrón_3,GANÓ,1.60,369.60
08:09:00,Patrón_3,GANÓ,1.60,371.20
08:10:00,Patrón_3,PERDIÓ,-2.00,369.20
08:11:00,Patrón_3,GANÓ,1.60,370.80
08:12:00,Patrón_5,PERDIÓ,-2.00,368.80
08:13:00,Patrón_5,GANÓ,1.60,370.40
08:14:00,Patrón_3,PERDIÓ,-2.00,368.40
08:15:00,Patrón_5,PERDIÓ,-2.00,366.40
08:16:00,Patrón_2,PERDIÓ,-2.00,364.40
08:17:00,Patrón_1,GANÓ,1.60,366.00
08:18:00,Patrón_2,PERDIÓ,-2.00,364.00
08:19:00,Patrón_4,GANÓ,1.60,365.60
08:20:00,Patrón_4,GANÓ,1.60,367.20
08:21:00,Patrón_3,PERDIÓ,-2.00,365.20
08:22:00,Patrón_5,GANÓ,1.60,366.80
08:23:00,Patrón_5,GANÓ,1.60,368.40
08:24:00,Patrón_5,PERDIÓ,-2.00,366.40
08:25:00,Patrón_4,PERDIÓ,-2.00,364.40
08:26:00,Patrón_1,PERDIÓ,-2.00,362.40
08:27:00,Patrón_5,GANÓ,1.60,364.00
08:28:00,Patrón_2,GANÓ,1.60,365.60
08:29:00,Patrón_2,PERDIÓ,-2.00,363.60
08:30:00,Patrón_5,GANÓ,1.60,365.20
08:31:00,Patrón_5,PERDIÓ,-2.00,363.20
08:32:00,Patrón_3,GANÓ,1.60,364.80
08:33:00,Patrón_4,GANÓ,1.60,366.40
08:34:00,Patrón_1,GANÓ,1.60,368.00
08:35:00,Patrón_4,GANÓ,1.60,369.60
08:36:00,Patrón_1,PERDIÓ,-2.00,367.60
08:37:00,Patrón_1,GANÓ,1.60,369.20
08:38:00,Patrón_5,PERDIÓ,-2.00,367.20
08:39:00,Patrón_5,GANÓ,1.60,368.80
08:40:00,Patrón_4,PERDIÓ,-2.00,366.80
08:41:00,Patrón_1,GANÓ,1.60,368.40
08:42:00,Patrón_3,PERDIÓ,-2.00,366.40
08:43:00,Patrón_2,GANÓ,1.60,368.00
08:44:00,Patrón_2,GANÓ,1.60,369.60
08:45:00,Patrón_5,GANÓ,1.60,371.20
08:46:00,Patrón_2,PERDIÓ,-2.00,369.20
08:47:00,Patrón_3,GANÓ,1.60,370.80
08:48:00,Patrón_4,GANÓ,1.60,372.40
08:49:00,Patrón_4,PERDIÓ,-2.00,370.40
08:50:00,Patrón_5,PERDIÓ,-2.00,368.40
08:51:00,Patrón_1,PERDIÓ,-2.00,366.40
08:52:00,Patrón_5,GANÓ,1.60,368.00
08:53:00,Patrón_2,PERDIÓ,-2.00,366.00
08:54:00,Patrón_4,PERDIÓ,-2.00,364.00
08:55:00,Patrón_2,PERDIÓ,-2.00,362.00
08:56:00,Patrón_2,GANÓ,1.60,363.60
08:57:00,Patrón_5,PERDIÓ,-2.00,361.60
08:58:00,Patrón_2,GANÓ,1.60,363.20
08:59:00,Patrón_5,GANÓ,1.60,364.80
09:00:00,Patrón_4,GANÓ,1.60,366.40
09:01:00,Patrón_2,GANÓ,1.60,368.00
09:02:00,Patrón_3,GANÓ,1.60,369.60
09:03:00,Patrón_5,PERDIÓ,-2.00,367.60
09:04:00,Patrón_3,PERDIÓ,-2.00,365.60
09:05:00,Patrón_5,PERDIÓ,-2.00,363.60
09:06:00,Patrón_3,GANÓ,1.60,365.20
09:07:00,Patrón_4,GANÓ,1.60,366.80
09:08:00,Patrón_4,PERDIÓ,-2.00,364.80
09:09:00,Patrón_1,PERDIÓ,-2.00,362.80
09:10:00,Patrón_5,GANÓ,1.60,364.40
09:11:00,Patrón_4,PERDIÓ,-2.00,362.40
09:12:00,Patrón_5,PERDIÓ,-2.00,360.40
09:13:00,Patrón_1,GANÓ,1.60,362.00
09:14:00,Patrón_1,GANÓ,1.60,363.60
09:15:00,Patrón_3,PERDIÓ,-2.00,361.60
09:16:00,Patrón_4,GANÓ,1.60,363.20
09:17:00,Patrón_1,GANÓ,1.60,364.80
09:18:00,Patrón_1,PERDIÓ,-2.00,362.80
09:19:00,Patrón_2,GANÓ,1.60,364.40
09:20:00,Patrón_3,GANÓ,1.60,366.00
09:21:00,Patrón_4,GANÓ,1.60,367.60
09:22:00,Patrón_2,GANÓ,1.60,369.20
09:23:00,Patrón_2,GANÓ,1.60,370.80
09:24:00,Patrón_4,PERDIÓ,-2.00,368.80
09:25:00,Patrón_2,PERDIÓ,-2.00,366.80
09:26:00,Patrón_3,GANÓ,1.60,368.40
09:27:00,Patrón_4,PERDIÓ,-2.00,366.40
09:28:00,Patrón_5,GANÓ,1.60,368.00
09:29:00,Patrón_4,GANÓ,1.60,369.60
09:30:00,Patrón_1,GANÓ,1.60,371.20
09:31:00,Patrón_4,GANÓ,1.60,372.80
09:32:00,Patrón_2,PERDIÓ,-2.00,370.80
09:33:00,Patrón_2,PERDIÓ,-2.00,368.80
09:34:00,Patrón_4,GANÓ,1.60,370.40
09:35:00,Patrón_5,GANÓ,1.60,372.00
09:36:00,Patrón_3,GANÓ,1.60,373.60
09:37:00,Patrón_5,GANÓ,1.60,375.20
09:38:00,Patrón_4,PERDIÓ,-2.00,373.20
09:39:00,Patrón_3,PERDIÓ,-2.00,371.20
09:40:00,Patrón_5,GANÓ,1.60,372.80
09:41:00,Patrón_3,GANÓ,1.60,374.40
09:42:00,Patrón_2,PERDIÓ,-2.00,372.40
09:43:00,Patrón_1,PERDIÓ,-2.00,370.40
09:44:00,Patrón_4,GANÓ,1.60,372.00
09:45:00,Patrón_5,PERDIÓ,-2.00,370.00
09:46:00,Patrón_5,GANÓ,1.60,371.60
09:47:00,Patrón_4,PERDIÓ,-2.00,369.60
09:48:00,Patrón_3,PERDIÓ,-2.00,367.60
09:49:00,Patrón_1,GANÓ,1.60,369.20
09:50:00,Patrón_5,GANÓ,1.60,370.80
09:51:00,Patrón_4,PERDIÓ,-2.00,368.80
09:52:00,Patrón_4,GANÓ,1.60,370.40
09:53:00,Patrón_4,GANÓ,1.60,372.00
09:54:00,Patrón_3,GANÓ,1.60,373.60
09:55:00,Patrón_3,GANÓ,1.60,375.20
09:56:00,Patrón_4,PERDIÓ,-2.00,373.20
09:57:00,Patrón_2,PERDIÓ,-2.00,371.20
09:58:00,Patrón_3,GANÓ,1.60,372.80
09:59:00,Patrón_5,GANÓ,1.60,374.40
10:00:00,Patrón_3,PERDIÓ,-2.00,372.40
10:01:00,Patrón_3,GANÓ,1.60,374.00
10:02:00,Patrón_5,GANÓ,1.60,375.60
10:03:00,Patrón_4,PERDIÓ,-2.00,373.60
10:04:00,Patrón_3,PERDIÓ,-2.00,371.60
10:05:00,Patrón_4,GANÓ,1.60,373.20
10:06:00,Patrón_5,GANÓ,1.60,374.80
10:07:00,Patrón_3,PERDIÓ,-2.00,372.80
10:08:00,Patrón_5,PERDIÓ,-2.00,370.80
10:09:00,Patrón_2,GANÓ,1.60,372.40
10:10:00,Patrón_5,GANÓ,1.60,374.00
10:11:00,Patrón_4,GANÓ,1.60,375.60
10:12:00,Patrón_3,GANÓ,1.60,377.20
10:13:00,Patrón_2,PERDIÓ,-2.00,375.20
10:14:00,Patrón_3,PERDIÓ,-2.00,373.20
10:15:00,Patrón_4,GANÓ,1.60,374.80
10:16:00,Patrón_5,PERDIÓ,-2.00,372.80
10:17:00,Patrón_2,PERDIÓ,-2.00,370.80
10:18:00,Patrón_3,GANÓ,1.60,372.40
10:19:00,Patrón_4,GANÓ,1.60,374.00
10:20:00,Patrón_2,GANÓ,1.60,375.60
10:21:00,Patrón_2,GANÓ,1.60,377.20
10:22:00,Patrón_4,GANÓ,1.60,378.80
10:23:00,Patrón_1,GANÓ,1.60,380.40
10:24:00,Patrón_2,PERDIÓ,-2.00,378.40
10:25:00,Patrón_2,GANÓ,1.60,380.00
10:26:00,Patrón_5,GANÓ,1.60,381.60
10:27:00,Patrón_1,GANÓ,1.60,383.20
10:28:00,Patrón_1,GANÓ,1.60,384.80
10:29:00,Patrón_5,PERDIÓ,-2.00,382.80
10:30:00,Patrón_4,GANÓ,1.60,384.40
10:31:00,Patrón_1,GANÓ,1.60,386.00
10:32:00,Patrón_5,GANÓ,1.60,387.60
10:33:00,Patrón_5,PERDIÓ,-2.00,385.60
10:34:00,Patrón_1,GANÓ,1.60,387.20
10:35:00,Patrón_5,PERDIÓ,-2.00,385.20
10:36:00,Patrón_2,PERDIÓ,-2.00,383.20
10:37:00,Patrón_1,GANÓ,1.60,384.80
10:38:00,Patrón_5,GANÓ,1.60,386.40
10:39:00,Patrón_3,PERDIÓ,-2.00,384.40
10:40:00,Patrón_1,PERDIÓ,-2.00,382.40
10:41:00,Patrón_4,PERDIÓ,-2.00,380.40
10:42:00,Patrón_4,PERDIÓ,-2.00,378.40
10:43:00,Patrón_3,GANÓ,1.60,380.00
10:44:00,Patrón_3,GANÓ,1.60,381.60
10:45:00,Patrón_3,GANÓ,1.60,383.20
10:46:00,Patrón_5,GANÓ,1.60,384.80
10:47:00,Patrón_4,GANÓ,1.60,386.40
10:48:00,Patrón_2,GANÓ,1.60,388.00
10:49:00,Patrón_4,PERDIÓ,-2.00,386.00
10:50:00,Patrón_5,GANÓ,1.60,387.60
10:51:00,Patrón_4,GANÓ,1.60,389.20
10:52:00,Patrón_3,GANÓ,1.60,390.80
10:53:00,Patrón_1,PERDIÓ,-2.00,388.80
10:54:00,Patrón_1,GANÓ,1.60,390.40
10:55:00,Patrón_4,GANÓ,1.60,392.00
10:56:00,Patrón_2,GANÓ,1.60,393.60
10:57:00,Patrón_5,GANÓ,1.60,395.20
10:58:00,Patrón_3,GANÓ,1.60,396.80
10:59:00,Patrón_5,GANÓ,1.60,398.40
11:00:00,Patrón_1,PERDIÓ,-2.00,396.40
11:01:00,Patrón_3,GANÓ,1.60,398.00
11:02:00,Patrón_5,PERDIÓ,-2.00,396.00
11:03:00,Patrón_3,PERDIÓ,-2.00,394.00
11:04:00,Patrón_4,GANÓ,1.60,395.60
11:05:00,Patrón_1,GANÓ,1.60,397.20
11:06:00,Patrón_3,GANÓ,1.60,398.80
11:07:00,Patrón_1,PERDIÓ,-2.00,396.80
11:08:00,Patrón_3,GANÓ,1.60,398.40
11:09:00,Patrón_4,GANÓ,1.60,400.00
11:10:00,Patrón_3,GANÓ,1.60,401.60
11:11:00,Patrón_5,GANÓ,1.60,403.20
11:12:00,Patrón_1,PERDIÓ,-2.00,401.20
11:13:00,Patrón_2,GANÓ,1.60,402.80
11:14:00,Patrón_3,GANÓ,1.60,404.40
11:15:00,Patrón_4,GANÓ,1.60,406.00
11:16:00,Patrón_1,GANÓ,1.60,407.60
11:17:00,Patrón_1,GANÓ,1.60,409.20
11:18:00,Patrón_2,GANÓ,1.60,410.80
11:19:00,Patrón_2,PERDIÓ,-2.00,408.80
11:20:00,Patrón_4,PERDIÓ,-2.00,406.80
11:21:00,Patrón_4,GANÓ,1.60,408.40
11:22:00,Patrón_2,PERDIÓ,-2.00,406.40
11:23:00,Patrón_5,GANÓ,1.60,408.00
11:24:00,Patrón_3,PERDIÓ,-2.00,406.00
11:25:00,Patrón_1,PERDIÓ,-2.00,404.00
11:26:00,Patrón_2,PERDIÓ,-2.00,402.00
11:27:00,Patrón_4,GANÓ,1.60,403.60
11:28:00,Patrón_4,PERDIÓ,-2.00,401.60
11:29:00,Patrón_2,GANÓ,1.60,403.20
11:30:00,Patrón_5,GANÓ,1.60,404.80
11:31:00,Patrón_1,PERDIÓ,-2.00,402.80
11:32:00,Patrón_5,PERDIÓ,-2.00,400.80
11:33:00,Patrón_2,GANÓ,1.60,402.40
11:34:00,Patrón_2,PERDIÓ,-2.00,400.40
11:35:00,Patrón_1,GANÓ,1.60,402.00
11:36:00,Patrón_4,GANÓ,1.60,403.60
11:37:00,Patrón_3,GANÓ,1.60,405.20
11:38:00,Patrón_5,PERDIÓ,-2.00,403.20
11:39:00,Patrón_4,GANÓ,1.60,404.80
11:40:00,Patrón_3,PERDIÓ,-2.00,402.80
11:41:00,Patrón_3,GANÓ,1.60,404.40
11:42:00,Patrón_2,GANÓ,1.60,406.00
11:43:00,Patrón_4,PERDIÓ,-2.00,404.00
11:44:00,Patrón_1,PERDIÓ,-2.00,402.00
11:45:00,Patrón_5,PERDIÓ,-2.00,400.00
11:46:00,Patrón_4,PERDIÓ,-2.00,398.00
11:47:00,Patrón_1,GANÓ,1.60,399.60
11:48:00,Patrón_2,GANÓ,1.60,401.20
11:49:00,Patrón_3,GANÓ,1.60,402.80
11:50:00,Patrón_2,GANÓ,1.60,404.40
11:51:00,Patrón_2,GANÓ,1.60,406.00
11:52:00,Patrón_3,GANÓ,1.60,407.60
11:53:00,Patrón_3,PERDIÓ,-2.00,405.60
11:54:00,Patrón_3,GANÓ,1.60,407.20
11:55:00,Patrón_4,PERDIÓ,-2.00,405.20
11:56:00,Patrón_1,GANÓ,1.60,406.80
11:57:00,Patrón_5,GANÓ,1.60,408.40
11:58:00,Patrón_4,PERDIÓ,-2.00,406.40
11:59:00,Patrón_3,PERDIÓ,-2.00,404.40
12:00:00,Patrón_1,GANÓ,1.60,406.00
12:01:00,Patrón_5,PERDIÓ,-2.00,404.00
12:02:00,Patrón_5,GANÓ,1.60,405.60
12:03:00,Patrón_4,PERDIÓ,-2.00,403.60
12:04:00,Patrón_4,GANÓ,1.60,405.20
12:05:00,Patrón_1,GANÓ,1.60,406.80
12:06:00,Patrón_4,GANÓ,1.60,408.40
12:07:00,Patrón_4,GANÓ,1.60,410.00
12:08:00,Patrón_5,PERDIÓ,-2.00,408.00
12:09:00,Patrón_3,PERDIÓ,-2.00,406.00
12:10:00,Patrón_4,GANÓ,1.60,407.60
12:11:00,Patrón_1,PERDIÓ,-2.00,405.60
12:12:00,Patrón_1,GANÓ,1.60,407.20
12:13:00,Patrón_5,GANÓ,1.60,408.80
12:14:00,Patrón_3,PERDIÓ,-2.00,406.80
12:15:00,Patrón_4,GANÓ,1.60,408.40
12:16:00,Patrón_4,PERDIÓ,-2.00,406.40
12:17:00,Patrón_2,GANÓ,1.60,408.00
12:18:00,Patrón_1,GANÓ,1.60,409.60
12:19:00,Patrón_1,GANÓ,1.60,411.20
12:20:00,Patrón_5,GANÓ,1.60,412.80
12:21:00,Patrón_2,PERDIÓ,-2.00,410.80
12:22:00,Patrón_4,PERDIÓ,-2.00,408.80
12:23:00,Patrón_4,GANÓ,1.60,410.40
12:24:00,Patrón_1,GANÓ,1.60,412.00
12:25:00,Patrón_4,GANÓ,1.60,413.60
12:26:00,Patrón_2,GANÓ,1.60,415.20
12:27:00,Patrón_3,PERDIÓ,-2.00,413.20
12:28:00,Patrón_4,GANÓ,1.60,414.80
12:29:00,Patrón_2,GANÓ,1.60,416.40
12:30:00,Patrón_1,GANÓ,1.60,418.00
12:31:00,Patrón_3,GANÓ,1.60,419.60
12:32:00,Patrón_4,GANÓ,1.60,421.20
12:33:00,Patrón_5,PERDIÓ,-2.00,419.20
12:34:00,Patrón_4,GANÓ,1.60,420.80
12:35:00,Patrón_5,GANÓ,1.60,422.40
12:36:00,Patrón_1,GANÓ,1.60,424.00
12:37:00,Patrón_3,PERDIÓ,-2.00,422.00
12:38:00,Patrón_3,GANÓ,1.60,423.60
12:39:00,Patrón_1,PERDIÓ,-2.00,421.60
12:40:00,Patrón_3,PERDIÓ,-2.00,419.60
12:41:00,Patrón_5,PERDIÓ,-2.00,417.60
12:42:00,Patrón_4,PERDIÓ,-2.00,415.60
12:43:00,Patrón_2,GANÓ,1.60,417.20
12:44:00,Patrón_2,GANÓ,1.60,418.80
12:45:00,Patrón_3,PERDIÓ,-2.00,416.80
12:46:00,Patrón_2,PERDIÓ,-2.00,414.80
12:47:00,Patrón_1,GANÓ,1.60,416.40
12:48:00,Patrón_2,PERDIÓ,-2.00,414.40
12:49:00,Patrón_5,GANÓ,1.60,416.00
12:50:00,Patrón_2,GANÓ,1.60,417.60
12:51:00,Patrón_3,PERDIÓ,-2.00,415.60
12:52:00,Patrón_1,PERDIÓ,-2.00,413.60
12:53:00,Patrón_1,GANÓ,1.60,415.20
12:54:00,Patrón_1,PERDIÓ,-2.00,413.20
12:55:00,Patrón_4,GANÓ,1.60,414.80
12:56:00,Patrón_4,GANÓ,1.60,416.40
12:57:00,Patrón_4,GANÓ,1.60,418.00
12:58:00,Patrón_1,GANÓ,1.60,419.60
12:59:00,Patrón_2,GANÓ,1.60,421.20
01:00:00,Patrón_4,PERDIÓ,-2.00,419.20
01:01:00,Patrón_4,GANÓ,1.60,420.80
01:02:00,Patrón_1,PERDIÓ,-2.00,418.80
01:03:00,Patrón_1,GANÓ,1.60,420.40
01:04:00,Patrón_2,PERDIÓ,-2.00,418.40
01:05:00,Patrón_5,GANÓ,1.60,420.00
01:06:00,Patrón_1,PERDIÓ,-2.00,418.00
01:07:00,Patrón_2,GANÓ,1.60,419.60
01:08:00,Patrón_3,PERDIÓ,-2.00,417.60
01:09:00,Patrón_3,GANÓ,1.60,419.20
01:10:00,Patrón_3,GANÓ,1.60,420.80
01:11:00,Patrón_4,PERDIÓ,-2.00,418.80
01:12:00,Patrón_2,PERDIÓ,-2.00,416.80
01:13:00,Patrón_3,PERDIÓ,-2.00,414.80
01:14:00,Patrón_1,GANÓ,1.60,416.40
01:15:00,Patrón_1,GANÓ,1.60,418.00
01:16:00,Patrón_3,GANÓ,1.60,419.60
01:17:00,Patrón_1,PERDIÓ,-2.00,417.60
01:18:00,Patrón_3,GANÓ,1.60,419.20
01:19:00,Patrón_1,GANÓ,1.60,420.80
01:20:00,Patrón_4,PERDIÓ,-2.00,418.80
01:21:00,Patrón_2,PERDIÓ,-2.00,416.80
01:22:00,Patrón_1,GANÓ,1.60,418.40
01:23:00,Patrón_3,GANÓ,1.60,420.00
01:24:00,Patrón_3,PERDIÓ,-2.00,418.00
01:25:00,Patrón_3,GANÓ,1.60,419.60
01:26:00,Patrón_4,PERDIÓ,-2.00,417.60
01:27:00,Patrón_4,PERDIÓ,-2.00,415.60
01:28:00,Patrón_5,PERDIÓ,-2.00,413.60
01:29:00,Patrón_5,GANÓ,1.60,415.20
01:30:00,Patrón_2,GANÓ,1.60,416.80
01:31:00,Patrón_2,GANÓ,1.60,418.40
01:32:00,Patrón_3,GANÓ,1.60,420.00
01:33:00,Patrón_2,GANÓ,1.60,421.60
01:34:00,Patrón_4,GANÓ,1.60,423.20
01:35:00,Patrón_1,PERDIÓ,-2.00,421.20
01:36:00,Patrón_3,GANÓ,1.60,422.80
01:37:00,Patrón_5,GANÓ,1.60,424.40
01:38:00,Patrón_2,GANÓ,1.60,426.00
01:39:00,Patrón_4,PERDIÓ,-2.00,424.00