[
  { "open": 100, "close": 95, "high": 102, "low": 94 },
  { "open": 96, "close": 91, "high": 97, "low": 90 },
  { "open": 92, "close": 97, "high": 98, "low": 91 },
  { "open": 96, "close": 98, "high": 99, "low": 95 },
  { "open": 97, "close": 93, "high": 100, "low": 92 },
  { "open": 94, "close": 96, "high": 97, "low": 93 },
  { "open": 96, "close": 94, "high": 97, "low": 92 },
  { "open": 94.5, "close": 94.5, "high": 95, "low": 94 },  
  { "open": 94, "close": 97, "high": 98, "low": 93 },
  { "open": 97, "close": 92, "high": 98, "low": 91 },
  { "open": 93, "close": 96, "high": 97, "low": 92 }
]
