{
  "operaciones": [
    {
      "patron": "envolvente_alcista",
      "fueGanadora": true,
      "monto": 5,
      "capitalRestante": 309.75,
      "fecha": "2025-04-15T14:59:51.117Z"
    },
    {
      "patron": "4_rojas_y_una_verde",
      "fueGanadora": false,
      "monto": 5,
      "capitalRestante": 304.75,
      "fecha": "2025-04-15T14:59:51.239Z"
    },
    {
      "patron": "harami_bajista",
      "fueGanadora": true,
      "monto": 10,
      "capitalRestante": 324.25,
      "fecha": "2025-04-15T14:59:51.240Z"
    },
    {
      "patron": "4_rojas_y_una_verde",
      "fueGanadora": true,
      "monto": 5,
      "capitalRestante": 334,
      "fecha": "2025-04-15T14:59:51.241Z"
    },
    {
      "patron": "harami_alcista",
      "fueGanadora": true,
      "monto": 5,
      "capitalRestante": 343.75,
      "fecha": "2025-04-15T14:59:51.244Z"
    },
    {
      "patron": "envolvente_alcista",
      "fueGanadora": true,
      "monto": 5,
      "capitalRestante": 353.5,
      "fecha": "2025-04-15T14:59:51.251Z"
    },
    {
      "patron": "cuervos_negros",
      "fueGanadora": true,
      "monto": 5,
      "capitalRestante": 363.25,
      "fecha": "2025-04-15T14:59:51.252Z"
    },
    {
      "patron": "tres_soldados_blancos",
      "fueGanadora": false,
      "monto": 5,
      "capitalRestante": 358.25,
      "fecha": "2025-04-15T14:59:51.253Z"
    },
    {
      "patron": "tres_soldados_blancos",
      "fueGanadora": false,
      "monto": 10,
      "capitalRestante": 348.25,
      "fecha": "2025-04-15T14:59:51.254Z"
    },
    {
      "patron": "estrella_fugaz",
      "fueGanadora": true,
      "monto": 20,
      "capitalRestante": 387.25,
      "fecha": "2025-04-15T14:59:51.255Z"
    },
    {
      "patron": "piercing",
      "fueGanadora": false,
      "monto": 5,
      "capitalRestante": 382.25,
      "fecha": "2025-04-15T14:59:51.256Z"
    },
    {
      "patron": "estrella_fugaz",
      "fueGanadora": false,
      "monto": 10,
      "capitalRestante": 372.25,
      "fecha": "2025-04-15T14:59:51.256Z"
    },
    {
      "patron": "envolvente_alcista",
      "fueGanadora": true,
      "monto": 20,
      "capitalRestante": 411.25,
      "fecha": "2025-04-15T14:59:51.257Z"
    },
    {
      "patron": "envolvente_alcista",
      "fueGanadora": false,
      "monto": 5,
      "capitalRestante": 406.25,
      "fecha": "2025-04-15T14:59:51.257Z"
    },
    {
      "patron": "harami_alcista",
      "fueGanadora": false,
      "monto": 10,
      "capitalRestante": 396.25,
      "fecha": "2025-04-15T14:59:51.258Z"
    },
    {
      "patron": "nube_oscura",
      "fueGanadora": true,
      "monto": 20,
      "capitalRestante": 435.25,
      "fecha": "2025-04-15T14:59:51.258Z"
    },
    {
      "patron": "nube_oscura",
      "fueGanadora": false,
      "monto": 5,
      "capitalRestante": 430.25,
      "fecha": "2025-04-15T14:59:51.259Z"
    },
    {
      "patron": "envolvente_bajista",
      "fueGanadora": true,
      "monto": 10,
      "capitalRestante": 449.75,
      "fecha": "2025-04-15T14:59:51.259Z"
    },
    {
      "patron": "martillo",
      "fueGanadora": true,
      "monto": 5,
      "capitalRestante": 459.5,
      "fecha": "2025-04-15T14:59:51.260Z"
    },
    {
      "patron": "envolvente_alcista",
      "fueGanadora": true,
      "monto": 5,
      "capitalRestante": 469.25,
      "fecha": "2025-04-15T14:59:51.260Z"
    },
    {
      "patron": "martillo",
      "fueGanadora": true,
      "monto": 5,
      "capitalRestante": 479,
      "fecha": "2025-04-15T14:59:51.261Z"
    },
    {
      "patron": "4_rojas_y_una_verde",
      "fueGanadora": true,
      "monto": 5,
      "capitalRestante": 488.75,
      "fecha": "2025-04-15T14:59:51.262Z"
    },
    {
      "patron": "martillo",
      "fueGanadora": false,
      "monto": 5,
      "capitalRestante": 483.75,
      "fecha": "2025-04-15T14:59:51.262Z"
    },
    {
      "patron": "piercing",
      "fueGanadora": true,
      "monto": 10,
      "capitalRestante": 503.25,
      "fecha": "2025-04-15T14:59:51.267Z"
    },
    {
      "patron": "nube_oscura",
      "fueGanadora": true,
      "monto": 5,
      "capitalRestante": 513,
      "fecha": "2025-04-15T14:59:51.268Z"
    },
    {
      "patron": "envolvente_bajista",
      "fueGanadora": true,
      "monto": 5,
      "capitalRestante": 522.75,
      "fecha": "2025-04-15T14:59:51.269Z"
    },
    {
      "patron": "estrella_fugaz",
      "fueGanadora": true,
      "monto": 5,
      "capitalRestante": 532.5,
      "fecha": "2025-04-15T14:59:51.270Z"
    },
    {
      "patron": "harami_alcista",
      "fueGanadora": true,
      "monto": 5,
      "capitalRestante": 542.25,
      "fecha": "2025-04-15T14:59:51.271Z"
    },
    {
      "patron": "piercing",
      "fueGanadora": true,
      "monto": 5,
      "capitalRestante": 552,
      "fecha": "2025-04-15T14:59:51.271Z"
    },
    {
      "patron": "harami_bajista",
      "fueGanadora": true,
      "monto": 5,
      "capitalRestante": 561.75,
      "fecha": "2025-04-15T14:59:51.272Z"
    },
    {
      "patron": "tres_soldados_blancos",
      "fueGanadora": true,
      "monto": 5,
      "capitalRestante": 571.5,
      "fecha": "2025-04-15T14:59:51.273Z"
    },
    {
      "patron": "martillo",
      "fueGanadora": false,
      "monto": 5,
      "capitalRestante": 566.5,
      "fecha": "2025-04-15T14:59:51.273Z"
    },
    {
      "patron": "doji",
      "fueGanadora": true,
      "monto": 10,
      "capitalRestante": 586,
      "fecha": "2025-04-15T14:59:51.274Z"
    },
    {
      "patron": "tres_soldados_blancos",
      "fueGanadora": false,
      "monto": 5,
      "capitalRestante": 581,
      "fecha": "2025-04-15T14:59:51.275Z"
    },
    {
      "patron": "martillo",
      "fueGanadora": true,
      "monto": 10,
      "capitalRestante": 600.5,
      "fecha": "2025-04-15T14:59:51.275Z"
    },
    {
      "patron": "martillo",
      "fueGanadora": true,
      "monto": 5,
      "capitalRestante": 610.25,
      "fecha": "2025-04-15T14:59:51.276Z"
    },
    {
      "patron": "marubozu",
      "fueGanadora": false,
      "monto": 5,
      "capitalRestante": 605.25,
      "fecha": "2025-04-15T14:59:51.276Z"
    },
    {
      "patron": "tres_soldados_blancos",
      "fueGanadora": false,
      "monto": 10,
      "capitalRestante": 595.25,
      "fecha": "2025-04-15T14:59:51.277Z"
    },
    {
      "patron": "doji",
      "fueGanadora": false,
      "monto": 20,
      "capitalRestante": 575.25,
      "fecha": "2025-04-15T14:59:51.278Z"
    },
    {
      "patron": "doji",
      "fueGanadora": true,
      "monto": 40,
      "capitalRestante": 653.25,
      "fecha": "2025-04-15T14:59:51.278Z"
    },
    {
      "patron": "estrella_fugaz",
      "fueGanadora": true,
      "monto": 5,
      "capitalRestante": 663,
      "fecha": "2025-04-15T14:59:51.279Z"
    },
    {
      "patron": "tres_soldados_blancos",
      "fueGanadora": false,
      "monto": 5,
      "capitalRestante": 658,
      "fecha": "2025-04-15T14:59:51.280Z"
    },
    {
      "patron": "doji",
      "fueGanadora": true,
      "monto": 10,
      "capitalRestante": 677.5,
      "fecha": "2025-04-15T14:59:51.280Z"
    },
    {
      "patron": "envolvente_alcista",
      "fueGanadora": true,
      "monto": 5,
      "capitalRestante": 687.25,
      "fecha": "2025-04-15T14:59:51.281Z"
    },
    {
      "patron": "harami_alcista",
      "fueGanadora": true,
      "monto": 5,
      "capitalRestante": 697,
      "fecha": "2025-04-15T14:59:51.281Z"
    },
    {
      "patron": "estrella_fugaz",
      "fueGanadora": true,
      "monto": 5,
      "capitalRestante": 706.75,
      "fecha": "2025-04-15T14:59:51.282Z"
    },
    {
      "patron": "piercing",
      "fueGanadora": true,
      "monto": 5,
      "capitalRestante": 716.5,
      "fecha": "2025-04-15T14:59:51.282Z"
    },
    {
      "patron": "cuervos_negros",
      "fueGanadora": true,
      "monto": 5,
      "capitalRestante": 726.25,
      "fecha": "2025-04-15T14:59:51.282Z"
    },
    {
      "patron": "nube_oscura",
      "fueGanadora": true,
      "monto": 5,
      "capitalRestante": 736,
      "fecha": "2025-04-15T14:59:51.283Z"
    },
    {
      "patron": "envolvente_alcista",
      "fueGanadora": false,
      "monto": 5,
      "capitalRestante": 731,
      "fecha": "2025-04-15T14:59:51.283Z"
    },
    {
      "patron": "envolvente_bajista",
      "fueGanadora": false,
      "monto": 10,
      "capitalRestante": 721,
      "fecha": "2025-04-15T14:59:51.284Z"
    },
    {
      "patron": "estrella_fugaz",
      "fueGanadora": false,
      "monto": 20,
      "capitalRestante": 701,
      "fecha": "2025-04-15T14:59:51.285Z"
    },
    {
      "patron": "harami_alcista",
      "fueGanadora": false,
      "monto": 40,
      "capitalRestante": 661,
      "fecha": "2025-04-15T14:59:51.285Z"
    },
    {
      "patron": "harami_alcista",
      "fueGanadora": true,
      "monto": 80,
      "capitalRestante": 817,
      "fecha": "2025-04-15T14:59:51.286Z"
    },
    {
      "patron": "tres_soldados_blancos",
      "fueGanadora": false,
      "monto": 5,
      "capitalRestante": 812,
      "fecha": "2025-04-15T14:59:51.286Z"
    },
    {
      "patron": "cuervos_negros",
      "fueGanadora": true,
      "monto": 10,
      "capitalRestante": 831.5,
      "fecha": "2025-04-15T14:59:51.287Z"
    },
    {
      "patron": "4_rojas_y_una_verde",
      "fueGanadora": true,
      "monto": 5,
      "capitalRestante": 841.25,
      "fecha": "2025-04-15T14:59:51.288Z"
    },
    {
      "patron": "envolvente_alcista",
      "fueGanadora": false,
      "monto": 5,
      "capitalRestante": 836.25,
      "fecha": "2025-04-15T14:59:51.289Z"
    },
    {
      "patron": "nube_oscura",
      "fueGanadora": false,
      "monto": 10,
      "capitalRestante": 826.25,
      "fecha": "2025-04-15T14:59:51.290Z"
    },
    {
      "patron": "piercing",
      "fueGanadora": false,
      "monto": 20,
      "capitalRestante": 806.25,
      "fecha": "2025-04-15T14:59:51.290Z"
    },
    {
      "patron": "nube_oscura",
      "fueGanadora": true,
      "monto": 40,
      "capitalRestante": 884.25,
      "fecha": "2025-04-15T14:59:51.291Z"
    },
    {
      "patron": "harami_bajista",
      "fueGanadora": false,
      "monto": 5,
      "capitalRestante": 879.25,
      "fecha": "2025-04-15T14:59:51.292Z"
    },
    {
      "patron": "martillo",
      "fueGanadora": false,
      "monto": 10,
      "capitalRestante": 869.25,
      "fecha": "2025-04-15T14:59:51.293Z"
    },
    {
      "patron": "harami_bajista",
      "fueGanadora": true,
      "monto": 20,
      "capitalRestante": 908.25,
      "fecha": "2025-04-15T14:59:51.294Z"
    },
    {
      "patron": "piercing",
      "fueGanadora": false,
      "monto": 5,
      "capitalRestante": 903.25,
      "fecha": "2025-04-15T14:59:51.294Z"
    },
    {
      "patron": "harami_bajista",
      "fueGanadora": true,
      "monto": 10,
      "capitalRestante": 922.75,
      "fecha": "2025-04-15T14:59:51.295Z"
    },
    {
      "patron": "harami_alcista",
      "fueGanadora": false,
      "monto": 5,
      "capitalRestante": 917.75,
      "fecha": "2025-04-15T14:59:51.295Z"
    },
    {
      "patron": "nube_oscura",
      "fueGanadora": true,
      "monto": 10,
      "capitalRestante": 937.25,
      "fecha": "2025-04-15T14:59:51.296Z"
    },
    {
      "patron": "nube_oscura",
      "fueGanadora": true,
      "monto": 5,
      "capitalRestante": 947,
      "fecha": "2025-04-15T14:59:51.297Z"
    },
    {
      "patron": "nube_oscura",
      "fueGanadora": false,
      "monto": 5,
      "capitalRestante": 942,
      "fecha": "2025-04-15T14:59:51.298Z"
    },
    {
      "patron": "marubozu",
      "fueGanadora": true,
      "monto": 10,
      "capitalRestante": 961.5,
      "fecha": "2025-04-15T14:59:51.301Z"
    },
    {
      "patron": "envolvente_alcista",
      "fueGanadora": false,
      "monto": 5,
      "capitalRestante": 956.5,
      "fecha": "2025-04-15T14:59:51.302Z"
    },
    {
      "patron": "cuervos_negros",
      "fueGanadora": true,
      "monto": 10,
      "capitalRestante": 976,
      "fecha": "2025-04-15T14:59:51.303Z"
    },
    {
      "patron": "harami_bajista",
      "fueGanadora": true,
      "monto": 5,
      "capitalRestante": 985.75,
      "fecha": "2025-04-15T14:59:51.304Z"
    },
    {
      "patron": "envolvente_bajista",
      "fueGanadora": false,
      "monto": 5,
      "capitalRestante": 980.75,
      "fecha": "2025-04-15T14:59:51.304Z"
    },
    {
      "patron": "4_rojas_y_una_verde",
      "fueGanadora": true,
      "monto": 10,
      "capitalRestante": 1000.25,
      "fecha": "2025-04-15T14:59:51.304Z"
    },
    {
      "patron": "cuervos_negros",
      "fueGanadora": true,
      "monto": 5,
      "capitalRestante": 1010,
      "fecha": "2025-04-15T14:59:51.305Z"
    },
    {
      "patron": "doji",
      "fueGanadora": true,
      "monto": 5,
      "capitalRestante": 1019.75,
      "fecha": "2025-04-15T14:59:51.305Z"
    },
    {
      "patron": "tres_soldados_blancos",
      "fueGanadora": true,
      "monto": 5,
      "capitalRestante": 1029.5,
      "fecha": "2025-04-15T14:59:51.306Z"
    },
    {
      "patron": "4_rojas_y_una_verde",
      "fueGanadora": false,
      "monto": 5,
      "capitalRestante": 1024.5,
      "fecha": "2025-04-15T14:59:51.306Z"
    },
    {
      "patron": "doji",
      "fueGanadora": false,
      "monto": 10,
      "capitalRestante": 1014.5,
      "fecha": "2025-04-15T14:59:51.307Z"
    },
    {
      "patron": "4_rojas_y_una_verde",
      "fueGanadora": true,
      "monto": 20,
      "capitalRestante": 1053.5,
      "fecha": "2025-04-15T14:59:51.308Z"
    },
    {
      "patron": "estrella_fugaz",
      "fueGanadora": true,
      "monto": 5,
      "capitalRestante": 1063.25,
      "fecha": "2025-04-15T14:59:51.309Z"
    },
    {
      "patron": "estrella_fugaz",
      "fueGanadora": true,
      "monto": 5,
      "capitalRestante": 1073,
      "fecha": "2025-04-15T14:59:51.309Z"
    },
    {
      "patron": "cuervos_negros",
      "fueGanadora": true,
      "monto": 5,
      "capitalRestante": 1082.75,
      "fecha": "2025-04-15T14:59:51.310Z"
    },
    {
      "patron": "envolvente_alcista",
      "fueGanadora": true,
      "monto": 5,
      "capitalRestante": 1092.5,
      "fecha": "2025-04-15T14:59:51.311Z"
    },
    {
      "patron": "envolvente_alcista",
      "fueGanadora": false,
      "monto": 5,
      "capitalRestante": 1087.5,
      "fecha": "2025-04-15T14:59:51.311Z"
    },
    {
      "patron": "estrella_fugaz",
      "fueGanadora": false,
      "monto": 10,
      "capitalRestante": 1077.5,
      "fecha": "2025-04-15T14:59:51.312Z"
    },
    {
      "patron": "doji",
      "fueGanadora": true,
      "monto": 20,
      "capitalRestante": 1116.5,
      "fecha": "2025-04-15T14:59:51.313Z"
    },
    {
      "patron": "cuervos_negros",
      "fueGanadora": true,
      "monto": 5,
      "capitalRestante": 1126.25,
      "fecha": "2025-04-15T14:59:51.313Z"
    },
    {
      "patron": "doji",
      "fueGanadora": true,
      "monto": 5,
      "capitalRestante": 1136,
      "fecha": "2025-04-15T14:59:51.315Z"
    },
    {
      "patron": "martillo",
      "fueGanadora": true,
      "monto": 5,
      "capitalRestante": 1145.75,
      "fecha": "2025-04-15T14:59:51.316Z"
    },
    {
      "patron": "tres_soldados_blancos",
      "fueGanadora": true,
      "monto": 5,
      "capitalRestante": 1155.5,
      "fecha": "2025-04-15T14:59:51.317Z"
    },
    {
      "patron": "envolvente_bajista",
      "fueGanadora": true,
      "monto": 5,
      "capitalRestante": 1165.25,
      "fecha": "2025-04-15T14:59:51.317Z"
    },
    {
      "patron": "harami_bajista",
      "fueGanadora": true,
      "monto": 5,
      "capitalRestante": 1175,
      "fecha": "2025-04-15T14:59:51.318Z"
    },
    {
      "patron": "cuervos_negros",
      "fueGanadora": true,
      "monto": 5,
      "capitalRestante": 1184.75,
      "fecha": "2025-04-15T14:59:51.319Z"
    },
    {
      "patron": "harami_bajista",
      "fueGanadora": false,
      "monto": 5,
      "capitalRestante": 1179.75,
      "fecha": "2025-04-15T14:59:51.320Z"
    },
    {
      "patron": "doji",
      "fueGanadora": true,
      "monto": 10,
      "capitalRestante": 1199.25,
      "fecha": "2025-04-15T14:59:51.320Z"
    },
    {
      "patron": "marubozu",
      "fueGanadora": false,
      "monto": 5,
      "capitalRestante": 1194.25,
      "fecha": "2025-04-15T14:59:51.321Z"
    },
    {
      "patron": "envolvente_alcista",
      "fueGanadora": false,
      "monto": 10,
      "capitalRestante": 1184.25,
      "fecha": "2025-04-15T14:59:51.322Z"
    }
  ],
  "totalGanadas": 63,
  "totalPerdidas": 37,
  "capitalInicial": 300,
  "capitalFinal": 1184.25,
  "porPatron": {
    "doji": {
      "total": 9,
      "ganadas": 7,
      "perdidas": 2
    },
    "martillo": {
      "total": 8,
      "ganadas": 5,
      "perdidas": 3
    },
    "estrella_fugaz": {
      "total": 9,
      "ganadas": 6,
      "perdidas": 3
    },
    "envolvente_alcista": {
      "total": 12,
      "ganadas": 6,
      "perdidas": 6
    },
    "envolvente_bajista": {
      "total": 5,
      "ganadas": 3,
      "perdidas": 2
    },
    "4_rojas_y_una_verde": {
      "total": 7,
      "ganadas": 5,
      "perdidas": 2
    },
    "tres_soldados_blancos": {
      "total": 9,
      "ganadas": 3,
      "perdidas": 6
    },
    "cuervos_negros": {
      "total": 8,
      "ganadas": 8,
      "perdidas": 0
    },
    "marubozu": {
      "total": 3,
      "ganadas": 1,
      "perdidas": 2
    },
    "piercing": {
      "total": 6,
      "ganadas": 3,
      "perdidas": 3
    },
    "nube_oscura": {
      "total": 9,
      "ganadas": 6,
      "perdidas": 3
    },
    "harami_alcista": {
      "total": 7,
      "ganadas": 4,
      "perdidas": 3
    },
    "harami_bajista": {
      "total": 8,
      "ganadas": 6,
      "perdidas": 2
    }
  }
}