[
  {
    "open": 5.848,
    "high": 5.848,
    "low": 5.847,
    "close": 5.847,
    "volume": 127.5
  },
  {
    "open": 5.847,
    "high": 5.847,
    "low": 5.846,
    "close": 5.846,
    "volume": 249.8
  },
  {
    "open": 5.846,
    "high": 5.846,
    "low": 5.845,
    "close": 5.845,
    "volume": 269.6
  },
  {
    "open": 5.845,
    "high": 5.845,
    "low": 5.844,
    "close": 5.844,
    "volume": 388.6
  },
  {
    "open": 5.844,
    "high": 5.845,
    "low": 5.844,
    "close": 5.845,
    "volume": 323.9
  },
  {
    "open": 5.845,
    "high": 5.846,
    "low": 5.845,
    "close": 5.846,
    "volume": 385.1
  },
  {
    "open": 5.846,
    "high": 5.847,
    "low": 5.846,
    "close": 5.847,
    "volume": 277.7
  },
  {
    "open": 5.847,
    "high": 5.848,
    "low": 5.847,
    "close": 5.848,
    "volume": 428.9
  },
  {
    "open": 5.848,
    "high": 5.849,
    "low": 5.848,
    "close": 5.849,
    "volume": 110.7
  },
  {
    "open": 5.849,
    "high": 5.85,
    "low": 5.849,
    "close": 5.85,
    "volume": 463.9
  },
  {
    "open": 5.85,
    "high": 5.851,
    "low": 5.85,
    "close": 5.851,
    "volume": 137.4
  },
  {
    "open": 5.851,
    "high": 5.852,
    "low": 5.851,
    "close": 5.852,
    "volume": 535.5
  },
  {
    "open": 5.852,
    "high": 5.853,
    "low": 5.852,
    "close": 5.853,
    "volume": 499.1
  },
  {
    "open": 5.853,
    "high": 5.854,
    "low": 5.853,
    "close": 5.854,
    "volume": 367.7
  },
  {
    "open": 5.854,
    "high": 5.855,
    "low": 5.854,
    "close": 5.855,
    "volume": 423.1
  },
  {
    "open": 5.855,
    "high": 5.856,
    "low": 5.855,
    "close": 5.856,
    "volume": 450.1
  },
  {
    "open": 5.856,
    "high": 5.857,
    "low": 5.856,
    "close": 5.857,
    "volume": 538.7
  },
  {
    "open": 5.857,
    "high": 5.858,
    "low": 5.857,
    "close": 5.858,
    "volume": 257.5
  },
  {
    "open": 5.858,
    "high": 5.859,
    "low": 5.858,
    "close": 5.859,
    "volume": 301.4
  },
  {
    "open": 5.859,
    "high": 5.86,
    "low": 5.859,
    "close": 5.86,
    "volume": 314.8
  }
]